KO	superclass
K00001	SCFA fermentation
K00002	Cofactors/vitamins
K00003	Energy/central carbon
K00004	Energy/central carbon
K00005	Energy/central carbon
K00008	Energy/central carbon
K00009	Energy/central carbon
K00010	Energy/central carbon
K00012	Carbohydrate metabolism
K00013	Energy/central carbon
K00014	Tryptophan metabolism
K00015	Energy/central carbon
K00016	SCFA fermentation
K00018	Energy/central carbon
K00019	Other
K00020	Energy/central carbon
K00024	Energy/central carbon
K00026	Energy/central carbon
K00027	Energy/central carbon
K00029	Energy/central carbon
K00030	Cofactors/vitamins
K00031	Other
K00032	Energy/central carbon
K00033	Energy/central carbon
K00034	Energy/central carbon
K00036	Energy/central carbon
K00038	Energy/central carbon
K00040	Energy/central carbon
K00041	Energy/central carbon
K00042	Energy/central carbon
K00045	Carbohydrate metabolism
K00046	Energy/central carbon
K00052	Other
K00053	Energy/central carbon
K00054	Energy/central carbon
K00055	Energy/central carbon
K00057	Cofactors/vitamins
K00058	Energy/central carbon
K00059	Lipid metabolism
K00060	Amino acid metabolism
K00065	Energy/central carbon
K00067	Energy/central carbon
K00068	Energy/central carbon
K00073	Cofactors/vitamins
K00074	Energy/central carbon
K00075	Cell envelope/biogenesis
K00077	Energy/central carbon
K00086	Energy/central carbon
K00087	Carbohydrate metabolism
K00088	Energy/central carbon
K00090	Energy/central carbon
K00091	Energy/central carbon
K00094	Carbohydrate metabolism
K00096	Cofactors/vitamins
K00097	Other
K00098	Other
K00099	Energy/central carbon
K00101	SCFA fermentation
K00102	SCFA fermentation
K00104	Cofactors/vitamins
K00105	Energy/central carbon
K00108	Carbohydrate metabolism
K00111	Energy/central carbon
K00112	Other
K00113	Other
K00114	Cofactors/vitamins
K00116	Energy/central carbon
K00117	Carbohydrate metabolism
K00121	Energy/central carbon
K00122	SCFA fermentation
K00123	Antibiotic resistance/efflux
K00124	Transport
K00127	SCFA fermentation
K00128	Cofactors/vitamins
K00130	Transport
K00131	Energy/central carbon
K00133	Amino acid metabolism
K00134	Energy/central carbon
K00135	Synaptic pathways
K00138	Transcriptional regulation
K00140	Energy/central carbon
K00145	Energy/central carbon
K00146	Other
K00147	Amino acid metabolism
K00148	Amino acid metabolism
K00154	Transcriptional regulation
K00156	SCFA fermentation
K00158	Energy/central carbon
K00161	Energy/central carbon
K00162	Energy/central carbon
K00163	Energy/central carbon
K00164	Energy/central carbon
K00166	Other
K00167	Other
K00169	Energy/central carbon
K00184	Transport
K00185	Transport
K00196	Energy/central carbon
K00208	Lipid metabolism
K00209	Cofactors/vitamins
K00215	Energy/central carbon
K00216	Other
K00218	Other
K00220	Tryptophan metabolism
K00226	Energy/central carbon
K00228	Energy/central carbon
K00230	Cofactors/vitamins
K00239	Energy/central carbon
K00240	Energy/central carbon
K00241	Energy/central carbon
K00242	Transport
K00243	Other
K00244	Energy/central carbon
K00245	Energy/central carbon
K00246	Energy/central carbon
K00247	Energy/central carbon
K00248	Energy/central carbon
K00249	Energy/central carbon
K00254	Energy/central carbon
K00259	Amino acid metabolism
K00262	Energy/central carbon
K00265	Energy/central carbon
K00266	Energy/central carbon
K00274	Synaptic pathways
K00275	Energy/central carbon
K00276	Energy/central carbon
K00278	Amino acid metabolism
K00281	Amino acid metabolism
K00283	Amino acid metabolism
K00284	Amino acid metabolism
K00285	Amino acid metabolism
K00286	Energy/central carbon
K00287	Energy/central carbon
K00297	Cofactors/vitamins
K00298	Amino acid metabolism
K00299	Cofactors/vitamins
K00301	Energy/central carbon
K00304	Energy/central carbon
K00305	Energy/central carbon
K00311	Energy/central carbon
K00316	Transport
K00322	Cofactors/vitamins
K00324	Cofactors/vitamins
K00325	Cofactors/vitamins
K00326	Cofactors/vitamins
K00330	Energy/central carbon
K00331	Energy/central carbon
K00332	Energy/central carbon
K00333	Energy/central carbon
K00334	Energy/central carbon
K00335	Energy/central carbon
K00336	Energy/central carbon
K00337	Energy/central carbon
K00338	Energy/central carbon
K00339	Energy/central carbon
K00340	Energy/central carbon
K00341	Energy/central carbon
K00342	Energy/central carbon
K00343	Energy/central carbon
K00344	Cofactors/vitamins
K00346	Transport
K00347	Transport
K00348	Transport
K00349	Transport
K00350	Transport
K00354	Other
K00355	Cofactors/vitamins
K00362	Energy/central carbon
K00363	Energy/central carbon
K00364	Energy/central carbon
K00366	Energy/central carbon
K00370	Energy/central carbon
K00371	Energy/central carbon
K00372	Cofactors/vitamins
K00373	Cofactors/vitamins
K00374	Energy/central carbon
K00375	Transcriptional regulation
K00380	Energy/central carbon
K00381	Cofactors/vitamins
K00382	Energy/central carbon
K00383	Amino acid metabolism
K00384	Cofactors/vitamins
K00389	Transport
K00390	Other
K00410	Cofactors/vitamins
K00411	Cofactors/vitamins
K00412	Cofactors/vitamins
K00413	Cofactors/vitamins
K00424	Cofactors/vitamins
K00425	Cofactors/vitamins
K00426	Cofactors/vitamins
K00427	SCFA fermentation
K00428	Energy/central carbon
K00432	Energy/central carbon
K00433	Cofactors/vitamins
K00435	Cofactors/vitamins
K00459	Cofactors/vitamins
K00467	SCFA fermentation
K00483	Tryptophan metabolism
K00484	Cofactors/vitamins
K00520	Transcriptional regulation
K00523	Carbohydrate metabolism
K00525	Energy/central carbon
K00526	Energy/central carbon
K00527	Energy/central carbon
K00528	Transcriptional regulation
K00537	Energy/central carbon
K00547	Carbohydrate metabolism
K00548	Carbohydrate metabolism
K00549	Carbohydrate metabolism
K00554	RNA processing/degradation
K00556	RNA processing/degradation
K00557	RNA processing/degradation
K00558	DNA replication/repair/maintenance
K00560	Carbohydrate metabolism
K00563	RNA processing/degradation
K00564	RNA processing/degradation
K00566	RNA processing/degradation
K00567	Amino acid metabolism
K00568	Carbohydrate metabolism
K00569	RNA processing/degradation
K00570	RNA processing/degradation
K00571	DNA replication/repair/maintenance
K00573	Amino acid metabolism
K00574	Lipid metabolism
K00575	RNA processing/degradation
K00588	Carbohydrate metabolism
K00590	DNA replication/repair/maintenance
K00595	Carbohydrate metabolism
K00596	Energy/central carbon
K00598	RNA processing/degradation
K00600	Amino acid metabolism
K00602	Carbohydrate metabolism
K00604	RNA processing/degradation
K00605	Amino acid metabolism
K00606	Carbohydrate metabolism
K00609	Amino acid metabolism
K00610	Amino acid metabolism
K00611	Amino acid metabolism
K00615	Carbohydrate metabolism
K00616	Carbohydrate metabolism
K00620	Amino acid metabolism
K00625	SCFA fermentation
K00626	Carbohydrate metabolism
K00627	Energy/central carbon
K00631	Lipid metabolism
K00632	Carbohydrate metabolism
K00633	Carbohydrate metabolism
K00634	Other
K00638	Carbohydrate metabolism
K00639	Amino acid metabolism
K00640	Amino acid metabolism
K00641	Carbohydrate metabolism
K00643	Translation/ribosome
K00645	Lipid metabolism
K00647	Lipid metabolism
K00648	Lipid metabolism
K00651	Carbohydrate metabolism
K00652	Transport
K00654	Amino acid metabolism
K00655	Lipid metabolism
K00656	SCFA fermentation
K00657	Carbohydrate metabolism
K00658	Energy/central carbon
K00661	Carbohydrate metabolism
K00662	Carbohydrate metabolism
K00666	Energy/central carbon
K00673	Amino acid metabolism
K00674	Antibiotic resistance/efflux
K00675	Carbohydrate metabolism
K00677	Cell envelope/biogenesis
K00681	Amino acid metabolism
K00684	Translation/ribosome
K00687	Cell envelope/biogenesis
K00688	Carbohydrate metabolism
K00689	Other
K00690	Carbohydrate metabolism
K00691	Carbohydrate metabolism
K00692	Carbohydrate metabolism
K00694	Carbohydrate metabolism
K00697	Carbohydrate metabolism
K00700	Carbohydrate metabolism
K00702	Carbohydrate metabolism
K00703	Carbohydrate metabolism
K00705	Other
K00712	Carbohydrate metabolism
K00720	Carbohydrate metabolism
K00721	Carbohydrate metabolism
K00728	Carbohydrate metabolism
K00737	Carbohydrate metabolism
K00748	Lipid metabolism
K00754	Carbohydrate metabolism
K00756	Nucleotide metabolism
K00757	Carbohydrate metabolism
K00758	Carbohydrate metabolism
K00759	Carbohydrate metabolism
K00760	Carbohydrate metabolism
K00761	RNA processing/degradation
K00762	Carbohydrate metabolism
K00763	Translation/ribosome
K00764	Carbohydrate metabolism
K00765	Carbohydrate metabolism
K00766	Tryptophan metabolism
K00767	Nucleotide metabolism
K00768	Nucleotide metabolism
K00769	Carbohydrate metabolism
K00772	Carbohydrate metabolism
K00773	RNA processing/degradation
K00782	SCFA fermentation
K00783	RNA processing/degradation
K00784	Translation/ribosome
K00786	Carbohydrate metabolism
K00788	Cofactors/vitamins
K00789	Carbohydrate metabolism
K00790	Cell envelope/biogenesis
K00791	RNA processing/degradation
K00793	Cofactors/vitamins
K00794	Carbohydrate metabolism
K00795	Carbohydrate metabolism
K00796	Carbohydrate metabolism
K00797	Transport
K00798	Carbohydrate metabolism
K00799	Carbohydrate metabolism
K00800	Carbohydrate metabolism
K00801	Carbohydrate metabolism
K00805	Carbohydrate metabolism
K00806	Carbohydrate metabolism
K00812	Amino acid metabolism
K00813	Amino acid metabolism
K00817	Carbohydrate metabolism
K00820	Carbohydrate metabolism
K00821	Carbohydrate metabolism
K00822	Carbohydrate metabolism
K00823	SCFA fermentation
K00824	Amino acid metabolism
K00826	Carbohydrate metabolism
K00830	Amino acid metabolism
K00831	Carbohydrate metabolism
K00832	Tryptophan metabolism
K00833	Carbohydrate metabolism
K00835	Carbohydrate metabolism
K00836	Carbohydrate metabolism
K00839	Carbohydrate metabolism
K00840	Carbohydrate metabolism
K00841	Carbohydrate metabolism
K00845	Carbohydrate metabolism
K00846	Other
K00847	Carbohydrate metabolism
K00848	Other
K00849	Carbohydrate metabolism
K00850	Carbohydrate metabolism
K00851	Carbohydrate metabolism
K00852	Carbohydrate metabolism
K00853	Carbohydrate metabolism
K00854	Carbohydrate metabolism
K00855	Other
K00857	Carbohydrate metabolism
K00858	Cofactors/vitamins
K00859	Carbohydrate metabolism
K00860	Carbohydrate metabolism
K00863	Cofactors/vitamins
K00864	Carbohydrate metabolism
K00865	Carbohydrate metabolism
K00867	Carbohydrate metabolism
K00868	Cofactors/vitamins
K00869	Lipid metabolism
K00872	Carbohydrate metabolism
K00873	Carbohydrate metabolism
K00874	Carbohydrate metabolism
K00876	Carbohydrate metabolism
K00878	Carbohydrate metabolism
K00880	Carbohydrate metabolism
K00882	Carbohydrate metabolism
K00883	Energy/central carbon
K00884	Carbohydrate metabolism
K00887	Carbohydrate metabolism
K00891	Tryptophan metabolism
K00892	Other
K00899	Other
K00901	Carbohydrate metabolism
K00906	Carbohydrate metabolism
K00912	Other
K00917	Other
K00919	Carbohydrate metabolism
K00925	SCFA fermentation
K00926	Carbohydrate metabolism
K00927	Carbohydrate metabolism
K00928	Amino acid metabolism
K00929	SCFA fermentation
K00930	Carbohydrate metabolism
K00931	Amino acid metabolism
K00932	Carbohydrate metabolism
K00936	Signal transduction
K00937	Carbohydrate metabolism
K00938	Carbohydrate metabolism
K00939	Carbohydrate metabolism
K00940	Nucleotide metabolism
K00941	Carbohydrate metabolism
K00942	Carbohydrate metabolism
K00943	Carbohydrate metabolism
K00945	Carbohydrate metabolism
K00946	Cofactors/vitamins
K00948	Carbohydrate metabolism
K00949	Cofactors/vitamins
K00950	Carbohydrate metabolism
K00951	Signal transduction
K00954	Carbohydrate metabolism
K00955	Carbohydrate metabolism
K00956	Carbohydrate metabolism
K00957	Carbohydrate metabolism
K00958	Carbohydrate metabolism
K00962	RNA processing/degradation
K00963	RNA processing/degradation
K00965	Carbohydrate metabolism
K00968	Carbohydrate metabolism
K00969	Nucleotide metabolism
K00970	DNA replication/repair/maintenance
K00971	Carbohydrate metabolism
K00973	Carbohydrate metabolism
K00974	RNA processing/degradation
K00975	Carbohydrate metabolism
K00979	Carbohydrate metabolism
K00980	Carbohydrate metabolism
K00981	Carbohydrate metabolism
K00982	Tryptophan metabolism
K00984	Antibiotic resistance/efflux
K00986	DNA replication/repair/maintenance
K00989	Translation/ribosome
K00990	Carbohydrate metabolism
K00991	Carbohydrate metabolism
K00992	Carbohydrate metabolism
K00995	Carbohydrate metabolism
K00997	Lipid metabolism
K00998	Carbohydrate metabolism
K01000	Carbohydrate metabolism
K01002	Other
K01006	Carbohydrate metabolism
K01007	Carbohydrate metabolism
K01008	Carbohydrate metabolism
K01011	RNA processing/degradation
K01012	Cofactors/vitamins
K01023	Carbohydrate metabolism
K01026	Carbohydrate metabolism
K01029	Carbohydrate metabolism
K01042	RNA processing/degradation
K01048	Other
K01049	Synaptic pathways
K01050	Other
K01051	Other
K01053	Other
K01056	RNA processing/degradation
K01057	Carbohydrate metabolism
K01058	Carbohydrate metabolism
K01061	Other
K01066	Carbohydrate metabolism
K01067	Carbohydrate metabolism
K01069	Other
K01070	Carbohydrate metabolism
K01071	Lipid metabolism
K01073	Carbohydrate metabolism
K01075	Carbohydrate metabolism
K01077	Carbohydrate metabolism
K01079	Carbohydrate metabolism
K01081	Carbohydrate metabolism
K01082	Nucleotide metabolism
K01085	Carbohydrate metabolism
K01087	Carbohydrate metabolism
K01089	Energy/central carbon
K01090	Carbohydrate metabolism
K01091	Carbohydrate metabolism
K01092	Carbohydrate metabolism
K01093	Carbohydrate metabolism
K01095	Carbohydrate metabolism
K01096	Carbohydrate metabolism
K01101	Carbohydrate metabolism
K01104	Tryptophan metabolism
K01113	Carbohydrate metabolism
K01114	Carbohydrate metabolism
K01118	Cofactors/vitamins
K01119	Nucleotide metabolism
K01120	Nucleotide metabolism
K01126	Carbohydrate metabolism
K01129	Other
K01133	Carbohydrate metabolism
K01139	Carbohydrate metabolism
K01141	DNA replication/repair/maintenance
K01142	DNA replication/repair/maintenance
K01146	Other
K01147	Carbohydrate metabolism
K01150	Carbohydrate metabolism
K01151	Carbohydrate metabolism
K01153	Defense systems
K01154	Defense systems
K01155	Defense systems
K01156	DNA replication/repair/maintenance
K01159	DNA replication/repair/maintenance
K01166	Translation/ribosome
K01169	RNA processing/degradation
K01173	Defense systems
K01175	Carbohydrate metabolism
K01176	Carbohydrate metabolism
K01178	Other
K01179	Other
K01181	Carbohydrate metabolism
K01182	Carbohydrate metabolism
K01183	Carbohydrate metabolism
K01185	Carbohydrate metabolism
K01187	Carbohydrate metabolism
K01188	Carbohydrate metabolism
K01190	Carbohydrate metabolism
K01191	Carbohydrate metabolism
K01193	Carbohydrate metabolism
K01194	Other
K01195	Carbohydrate metabolism
K01197	Carbohydrate metabolism
K01198	Carbohydrate metabolism
K01200	Carbohydrate metabolism
K01201	Carbohydrate metabolism
K01206	Other
K01207	Carbohydrate metabolism
K01208	Carbohydrate metabolism
K01209	Carbohydrate metabolism
K01212	Carbohydrate metabolism
K01214	Other
K01215	Carbohydrate metabolism
K01220	Carbohydrate metabolism
K01222	Carbohydrate metabolism
K01223	Carbohydrate metabolism
K01224	Cell envelope/biogenesis
K01226	Carbohydrate metabolism
K01227	Carbohydrate metabolism
K01232	Carbohydrate metabolism
K01233	Other
K01235	Carbohydrate metabolism
K01236	Other
K01237	Other
K01239	Nucleotide metabolism
K01241	Carbohydrate metabolism
K01243	Carbohydrate metabolism
K01246	DNA replication/repair/maintenance
K01247	DNA replication/repair/maintenance
K01250	Nucleotide metabolism
K01251	Other
K01252	Carbohydrate metabolism
K01255	Carbohydrate metabolism
K01256	Carbohydrate metabolism
K01258	Carbohydrate metabolism
K01259	Amino acid metabolism
K01261	Carbohydrate metabolism
K01262	Carbohydrate metabolism
K01265	Carbohydrate metabolism
K01266	Carbohydrate metabolism
K01269	Carbohydrate metabolism
K01270	Carbohydrate metabolism
K01271	Carbohydrate metabolism
K01273	Transport
K01274	Carbohydrate metabolism
K01278	Carbohydrate metabolism
K01281	Carbohydrate metabolism
K01284	Carbohydrate metabolism
K01286	Amino acid metabolism
K01295	Amino acid metabolism
K01297	Amino acid metabolism
K01299	Amino acid metabolism
K01303	Carbohydrate metabolism
K01304	Carbohydrate metabolism
K01305	Carbohydrate metabolism
K01318	Translation/ribosome
K01322	Energy/central carbon
K01338	Protein folding/quality control
K01347	Amino acid metabolism
K01354	Other
K01356	Signal transduction
K01358	Protein folding/quality control
K01361	Other
K01372	Carbohydrate metabolism
K01406	Other
K01407	Protein folding/quality control
K01409	Carbohydrate metabolism
K01414	Other
K01419	Protein folding/quality control
K01420	Transcriptional regulation
K01421	Transport
K01424	Carbohydrate metabolism
K01425	Other
K01426	Carbohydrate metabolism
K01428	Other
K01429	Other
K01430	Other
K01433	Carbohydrate metabolism
K01434	Amino acid metabolism
K01436	Other
K01438	Carbohydrate metabolism
K01439	Carbohydrate metabolism
K01442	Carbohydrate metabolism
K01443	Carbohydrate metabolism
K01444	Carbohydrate metabolism
K01447	Amino acid metabolism
K01448	Amino acid metabolism
K01451	Other
K01452	Carbohydrate metabolism
K01457	Other
K01458	Carbohydrate metabolism
K01460	Translation/ribosome
K01461	Transport
K01462	Carbohydrate metabolism
K01464	Other
K01465	Carbohydrate metabolism
K01466	Other
K01467	Antibiotic resistance/efflux
K01468	Other
K01470	Carbohydrate metabolism
K01473	Other
K01474	Other
K01476	Carbohydrate metabolism
K01478	Amino acid metabolism
K01479	Carbohydrate metabolism
K01480	Other
K01484	Other
K01485	Carbohydrate metabolism
K01486	Amino acid metabolism
K01487	Carbohydrate metabolism
K01488	Amino acid metabolism
K01489	Carbohydrate metabolism
K01491	Cofactors/vitamins
K01493	Carbohydrate metabolism
K01494	Carbohydrate metabolism
K01495	Carbohydrate metabolism
K01496	Carbohydrate metabolism
K01497	Carbohydrate metabolism
K01498	Energy/central carbon
K01502	Other
K01507	Carbohydrate metabolism
K01512	Carbohydrate metabolism
K01515	Carbohydrate metabolism
K01520	Carbohydrate metabolism
K01521	Carbohydrate metabolism
K01523	Carbohydrate metabolism
K01524	Carbohydrate metabolism
K01525	Other
K01531	Transport
K01533	Transport
K01534	Transport
K01535	Transport
K01537	Transport
K01546	Transport
K01547	Transport
K01548	Transport
K01551	Transport
K01560	Carbohydrate metabolism
K01563	Carbohydrate metabolism
K01568	Energy/central carbon
K01569	Energy/central carbon
K01571	Energy/central carbon
K01574	Energy/central carbon
K01575	Energy/central carbon
K01576	Energy/central carbon
K01577	Energy/central carbon
K01579	Amino acid metabolism
K01580	Synaptic pathways
K01581	Amino acid metabolism
K01582	Amino acid metabolism
K01584	Amino acid metabolism
K01585	Amino acid metabolism
K01586	Energy/central carbon
K01588	Energy/central carbon
K01589	Translation/ribosome
K01590	Amino acid metabolism
K01591	Energy/central carbon
K01595	Carbohydrate metabolism
K01597	Energy/central carbon
K01598	Energy/central carbon
K01599	Carbohydrate metabolism
K01607	Energy/central carbon
K01609	Tryptophan metabolism
K01610	Energy/central carbon
K01611	Carbohydrate metabolism
K01612	Energy/central carbon
K01613	Energy/central carbon
K01619	Energy/central carbon
K01620	Energy/central carbon
K01621	Energy/central carbon
K01623	Energy/central carbon
K01624	Energy/central carbon
K01625	Energy/central carbon
K01626	Carbohydrate metabolism
K01627	Energy/central carbon
K01628	Energy/central carbon
K01629	Energy/central carbon
K01630	Energy/central carbon
K01631	Energy/central carbon
K01633	Energy/central carbon
K01634	Energy/central carbon
K01635	Energy/central carbon
K01637	Other
K01638	Energy/central carbon
K01639	Energy/central carbon
K01641	Carbohydrate metabolism
K01643	Carbohydrate metabolism
K01644	Energy/central carbon
K01646	Carbohydrate metabolism
K01647	Carbohydrate metabolism
K01649	Other
K01652	Carbohydrate metabolism
K01653	Carbohydrate metabolism
K01657	Tryptophan metabolism
K01658	Tryptophan metabolism
K01659	Carbohydrate metabolism
K01661	Energy/central carbon
K01662	Carbohydrate metabolism
K01663	Energy/central carbon
K01664	Translation/ribosome
K01665	Translation/ribosome
K01669	Other
K01671	Energy/central carbon
K01673	Energy/central carbon
K01674	Energy/central carbon
K01676	Energy/central carbon
K01679	Energy/central carbon
K01681	Energy/central carbon
K01682	Energy/central carbon
K01684	Energy/central carbon
K01685	Other
K01686	Energy/central carbon
K01687	Energy/central carbon
K01689	Energy/central carbon
K01690	Energy/central carbon
K01692	Energy/central carbon
K01693	Energy/central carbon
K01695	Tryptophan metabolism
K01696	Tryptophan metabolism
K01697	Carbohydrate metabolism
K01698	Energy/central carbon
K01699	Energy/central carbon
K01703	Energy/central carbon
K01704	Energy/central carbon
K01706	Energy/central carbon
K01708	Energy/central carbon
K01710	Energy/central carbon
K01711	Energy/central carbon
K01712	Energy/central carbon
K01714	Energy/central carbon
K01715	Energy/central carbon
K01716	Lipid metabolism
K01719	Carbohydrate metabolism
K01720	Energy/central carbon
K01727	Other
K01733	Amino acid metabolism
K01734	Other
K01735	Energy/central carbon
K01736	Tryptophan metabolism
K01737	Energy/central carbon
K01738	Amino acid metabolism
K01739	Carbohydrate metabolism
K01740	Carbohydrate metabolism
K01744	Amino acid metabolism
K01745	Signal transduction
K01749	Carbohydrate metabolism
K01750	Amino acid metabolism
K01751	Energy/central carbon
K01752	Amino acid metabolism
K01753	Amino acid metabolism
K01754	Amino acid metabolism
K01755	Energy/central carbon
K01756	Energy/central carbon
K01758	Carbohydrate metabolism
K01759	Energy/central carbon
K01760	Amino acid metabolism
K01766	Amino acid metabolism
K01768	Carbohydrate metabolism
K01770	Carbohydrate metabolism
K01772	Energy/central carbon
K01775	Amino acid metabolism
K01776	Amino acid metabolism
K01777	Amino acid metabolism
K01778	Energy/central carbon
K01779	Amino acid metabolism
K01782	Energy/central carbon
K01783	Energy/central carbon
K01784	Energy/central carbon
K01785	Energy/central carbon
K01788	Energy/central carbon
K01790	Energy/central carbon
K01791	Energy/central carbon
K01792	Energy/central carbon
K01802	Energy/central carbon
K01803	Energy/central carbon
K01804	Energy/central carbon
K01805	Energy/central carbon
K01807	Energy/central carbon
K01808	Energy/central carbon
K01809	Energy/central carbon
K01810	Energy/central carbon
K01811	Carbohydrate metabolism
K01812	Energy/central carbon
K01813	Energy/central carbon
K01814	Energy/central carbon
K01815	Energy/central carbon
K01817	Tryptophan metabolism
K01818	Energy/central carbon
K01819	Carbohydrate metabolism
K01821	Energy/central carbon
K01823	Energy/central carbon
K01825	Energy/central carbon
K01829	Other
K01834	Energy/central carbon
K01835	Energy/central carbon
K01838	Energy/central carbon
K01839	Energy/central carbon
K01840	Other
K01843	Amino acid metabolism
K01845	Amino acid metabolism
K01851	Other
K01854	Energy/central carbon
K01856	Antibiotic resistance/efflux
K01857	Antibiotic resistance/efflux
K01866	Tryptophan metabolism
K01867	Tryptophan metabolism
K01868	Translation/ribosome
K01869	Translation/ribosome
K01870	Translation/ribosome
K01872	Translation/ribosome
K01873	Translation/ribosome
K01874	Translation/ribosome
K01875	Translation/ribosome
K01876	Translation/ribosome
K01878	Translation/ribosome
K01879	Translation/ribosome
K01881	Mobilome
K01883	Translation/ribosome
K01885	Translation/ribosome
K01886	Translation/ribosome
K01887	Translation/ribosome
K01889	Tryptophan metabolism
K01890	Tryptophan metabolism
K01892	Translation/ribosome
K01893	Translation/ribosome
K01894	Translation/ribosome
K01895	Translation/ribosome
K01897	Energy/central carbon
K01902	Carbohydrate metabolism
K01908	Translation/ribosome
K01910	Translation/ribosome
K01911	Translation/ribosome
K01912	Carbohydrate metabolism
K01914	Amino acid metabolism
K01915	Translation/ribosome
K01916	Cofactors/vitamins
K01918	Amino acid metabolism
K01919	Amino acid metabolism
K01920	Amino acid metabolism
K01921	Amino acid metabolism
K01923	Translation/ribosome
K01924	Cell envelope/biogenesis
K01925	Cell envelope/biogenesis
K01926	RNA processing/degradation
K01928	Cell envelope/biogenesis
K01929	Cell envelope/biogenesis
K01933	Translation/ribosome
K01934	Translation/ribosome
K01935	Translation/ribosome
K01937	Translation/ribosome
K01938	Translation/ribosome
K01939	Translation/ribosome
K01940	Translation/ribosome
K01941	Translation/ribosome
K01945	Amino acid metabolism
K01950	Translation/ribosome
K01951	Translation/ribosome
K01952	Translation/ribosome
K01953	Translation/ribosome
K01955	Translation/ribosome
K01956	Translation/ribosome
K01958	Translation/ribosome
K01961	Cofactors/vitamins
K01962	Translation/ribosome
K01963	Translation/ribosome
K01971	DNA replication/repair/maintenance
K01972	DNA replication/repair/maintenance
K01975	Nucleotide metabolism
K01989	Tryptophan metabolism
K01990	Transport
K01991	Transport
K01992	Transport
K01993	Transport
K01995	Transport
K01996	Transport
K01997	Transport
K01998	Transport
K01999	Transport
K02000	Transport
K02001	Transport
K02002	Transport
K02003	Transport
K02004	Transport
K02005	Transport
K02006	Transport
K02007	Transport
K02008	Transport
K02009	Transport
K02010	Transport
K02011	Transport
K02012	Transport
K02013	Transport
K02014	Transport
K02015	Transport
K02016	Transport
K02017	Transport
K02018	Transport
K02019	Transport
K02020	Transport
K02021	Transport
K02022	Transport
K02024	Other
K02025	Transport
K02026	Transport
K02027	Transport
K02028	Transport
K02029	Transport
K02030	Transport
K02031	Transport
K02032	Transport
K02033	Transport
K02034	Transport
K02035	Transport
K02036	Transport
K02037	Transport
K02038	Transport
K02039	Transport
K02040	Transport
K02041	Transport
K02042	Transport
K02043	Transcriptional regulation
K02044	Transport
K02045	Transport
K02046	Transport
K02047	Transport
K02048	Transport
K02049	Transport
K02050	Transport
K02051	Transport
K02052	Transport
K02053	Transport
K02054	Transport
K02055	Transport
K02056	Transport
K02057	Transport
K02058	Transport
K02062	Transport
K02063	Transport
K02064	Transport
K02065	Transport
K02066	Transport
K02067	Transport
K02068	Transport
K02069	Transport
K02071	Transport
K02072	Transport
K02073	Transport
K02074	Transport
K02075	Transport
K02076	Transcriptional regulation
K02077	Transport
K02078	Lipid metabolism
K02081	Transcriptional regulation
K02082	Energy/central carbon
K02083	Carbohydrate metabolism
K02086	DNA replication/repair/maintenance
K02099	Transcriptional regulation
K02100	Antibiotic resistance/efflux
K02103	Transcriptional regulation
K02108	Transport
K02109	Transport
K02110	Transport
K02111	Transport
K02112	Transport
K02113	Transport
K02114	Transport
K02115	Transport
K02116	Other
K02160	Cofactors/vitamins
K02167	Transcriptional regulation
K02168	Transport
K02169	Carbohydrate metabolism
K02170	Carbohydrate metabolism
K02171	Antibiotic resistance/efflux
K02182	Translation/ribosome
K02188	Carbohydrate metabolism
K02189	Carbohydrate metabolism
K02190	Energy/central carbon
K02191	Carbohydrate metabolism
K02192	Defense systems
K02193	Transport
K02194	Transport
K02195	Transport
K02197	Translation/ribosome
K02198	Translation/ribosome
K02199	Translation/ribosome
K02200	Translation/ribosome
K02204	Carbohydrate metabolism
K02205	Transport
K02217	Other
K02221	Signal transduction
K02224	Translation/ribosome
K02225	Carbohydrate metabolism
K02226	Carbohydrate metabolism
K02227	Translation/ribosome
K02229	Carbohydrate metabolism
K02230	Energy/central carbon
K02231	Carbohydrate metabolism
K02232	Translation/ribosome
K02233	Carbohydrate metabolism
K02234	Other
K02236	Carbohydrate metabolism
K02237	Mobilome
K02238	Mobilome
K02240	Mobilome
K02242	Mobilome
K02243	Mobilome
K02244	Mobilome
K02245	Mobilome
K02246	Mobilome
K02248	Mobilome
K02255	Other
K02257	Cofactors/vitamins
K02259	Cofactors/vitamins
K02274	Cofactors/vitamins
K02275	Cofactors/vitamins
K02276	Cofactors/vitamins
K02277	Cofactors/vitamins
K02291	Carbohydrate metabolism
K02297	Cofactors/vitamins
K02298	Cofactors/vitamins
K02299	Cofactors/vitamins
K02300	Cofactors/vitamins
K02302	Carbohydrate metabolism
K02303	Carbohydrate metabolism
K02304	Energy/central carbon
K02313	DNA replication/repair/maintenance
K02314	DNA replication/repair/maintenance
K02315	DNA replication/repair/maintenance
K02316	DNA replication/repair/maintenance
K02317	DNA replication/repair/maintenance
K02334	DNA replication/repair/maintenance
K02335	DNA replication/repair/maintenance
K02336	DNA replication/repair/maintenance
K02337	DNA replication/repair/maintenance
K02338	DNA replication/repair/maintenance
K02339	DNA replication/repair/maintenance
K02340	DNA replication/repair/maintenance
K02341	DNA replication/repair/maintenance
K02342	DNA replication/repair/maintenance
K02343	DNA replication/repair/maintenance
K02344	DNA replication/repair/maintenance
K02345	DNA replication/repair/maintenance
K02346	DNA replication/repair/maintenance
K02348	Other
K02355	Translation/ribosome
K02356	Translation/ribosome
K02357	Translation/ribosome
K02358	Translation/ribosome
K02361	Other
K02362	Carbohydrate metabolism
K02363	Lipid metabolism
K02364	Transport
K02371	Lipid metabolism
K02372	Lipid metabolism
K02377	Carbohydrate metabolism
K02379	Other
K02380	Other
K02381	Other
K02386	Motility/adhesion
K02387	Signal transduction
K02388	Signal transduction
K02389	Signal transduction
K02390	Motility/adhesion
K02391	Signal transduction
K02392	Signal transduction
K02393	Motility/adhesion
K02394	Motility/adhesion
K02395	Cell envelope/biogenesis
K02396	Defense systems
K02397	Defense systems
K02398	Transcriptional regulation
K02399	Motility/adhesion
K02400	Motility/adhesion
K02401	Motility/adhesion
K02402	Transcriptional regulation
K02403	Transcriptional regulation
K02405	RNA processing/degradation
K02406	Other
K02408	Motility/adhesion
K02409	Motility/adhesion
K02410	Motility/adhesion
K02412	Other
K02415	Motility/adhesion
K02416	Motility/adhesion
K02417	Motility/adhesion
K02419	Motility/adhesion
K02420	Motility/adhesion
K02421	Motility/adhesion
K02424	Transport
K02425	Transcriptional regulation
K02426	Amino acid metabolism
K02427	RNA processing/degradation
K02429	Transport
K02433	Translation/ribosome
K02434	Translation/ribosome
K02435	Translation/ribosome
K02436	Transcriptional regulation
K02437	Amino acid metabolism
K02438	Carbohydrate metabolism
K02439	RNA processing/degradation
K02440	Transport
K02441	Protein folding/quality control
K02442	Transport
K02444	Transcriptional regulation
K02445	Transport
K02446	Carbohydrate metabolism
K02450	Transport
K02451	Transport
K02452	Transport
K02453	Transport
K02454	Transport
K02455	Transport
K02456	Transport
K02457	Transport
K02458	Transport
K02459	Transport
K02460	Transport
K02461	Transport
K02462	Transport
K02464	Transport
K02469	DNA replication/repair/maintenance
K02470	DNA replication/repair/maintenance
K02471	Transport
K02472	Carbohydrate metabolism
K02475	Signal transduction
K02476	Signal transduction
K02477	Signal transduction
K02478	Signal transduction
K02479	Signal transduction
K02482	Signal transduction
K02483	Signal transduction
K02484	Signal transduction
K02485	Signal transduction
K02488	Signal transduction
K02492	RNA processing/degradation
K02493	Translation/ribosome
K02494	Transport
K02495	Energy/central carbon
K02496	Carbohydrate metabolism
K02498	Other
K02500	Energy/central carbon
K02501	Energy/central carbon
K02502	Energy/central carbon
K02503	Amino acid metabolism
K02504	Transport
K02505	Transport
K02506	Carbohydrate metabolism
K02507	Transport
K02508	Transcriptional regulation
K02509	Energy/central carbon
K02510	Energy/central carbon
K02511	Transport
K02517	Lipid metabolism
K02518	Translation/ribosome
K02519	Translation/ribosome
K02520	Translation/ribosome
K02521	Transcriptional regulation
K02523	Carbohydrate metabolism
K02525	Transcriptional regulation
K02526	Transport
K02527	Energy/central carbon
K02528	RNA processing/degradation
K02529	Transcriptional regulation
K02530	Transcriptional regulation
K02531	Transcriptional regulation
K02532	Transport
K02533	Translation/ribosome
K02535	Carbohydrate metabolism
K02536	Carbohydrate metabolism
K02538	Carbohydrate metabolism
K02548	Carbohydrate metabolism
K02549	Energy/central carbon
K02551	Energy/central carbon
K02552	Cofactors/vitamins
K02553	Translation/ribosome
K02556	Motility/adhesion
K02557	Motility/adhesion
K02558	Cell envelope/biogenesis
K02560	Lipid metabolism
K02562	RNA processing/degradation
K02563	Cell envelope/biogenesis
K02564	Carbohydrate metabolism
K02565	Transcriptional regulation
K02566	Nucleotide metabolism
K02575	Transport
K02600	RNA processing/degradation
K02601	RNA processing/degradation
K02609	Carbohydrate metabolism
K02616	Drug metabolism/xenobiotics
K02617	Drug metabolism/xenobiotics
K02618	Energy/central carbon
K02619	Transport
K02621	Mobilome
K02622	Mobilome
K02625	Antibiotic resistance/efflux
K02647	Carbohydrate metabolism
K02650	Motility/adhesion
K02652	Motility/adhesion
K02653	Motility/adhesion
K02654	Carbohydrate metabolism
K02659	Motility/adhesion
K02666	Motility/adhesion
K02667	Signal transduction
K02669	Motility/adhesion
K02671	Motility/adhesion
K02679	Carbohydrate metabolism
K02680	Carbohydrate metabolism
K02681	Carbohydrate metabolism
K02682	Carbohydrate metabolism
K02686	DNA replication/repair/maintenance
K02687	Translation/ribosome
K02742	DNA replication/repair/maintenance
K02744	Carbohydrate metabolism
K02745	Carbohydrate metabolism
K02746	Other
K02747	Carbohydrate metabolism
K02750	Carbohydrate metabolism
K02753	Carbohydrate metabolism
K02755	Carbohydrate metabolism
K02757	Carbohydrate metabolism
K02759	Carbohydrate metabolism
K02760	Carbohydrate metabolism
K02761	Carbohydrate metabolism
K02765	Carbohydrate metabolism
K02768	Carbohydrate metabolism
K02769	Carbohydrate metabolism
K02770	Carbohydrate metabolism
K02771	Carbohydrate metabolism
K02773	Carbohydrate metabolism
K02774	Carbohydrate metabolism
K02775	Other
K02777	Carbohydrate metabolism
K02778	Carbohydrate metabolism
K02779	Carbohydrate metabolism
K02781	Carbohydrate metabolism
K02782	Carbohydrate metabolism
K02783	Transport
K02784	Carbohydrate metabolism
K02786	Carbohydrate metabolism
K02788	Carbohydrate metabolism
K02791	Carbohydrate metabolism
K02793	Carbohydrate metabolism
K02794	Carbohydrate metabolism
K02795	Carbohydrate metabolism
K02796	Carbohydrate metabolism
K02798	Carbohydrate metabolism
K02800	Carbohydrate metabolism
K02803	Carbohydrate metabolism
K02804	Carbohydrate metabolism
K02805	Carbohydrate metabolism
K02806	Carbohydrate metabolism
K02810	Carbohydrate metabolism
K02814	Carbohydrate metabolism
K02815	Transport
K02819	Carbohydrate metabolism
K02821	Carbohydrate metabolism
K02822	Carbohydrate metabolism
K02823	Energy/central carbon
K02824	Transport
K02825	Nucleotide metabolism
K02834	Translation/ribosome
K02835	Translation/ribosome
K02836	Translation/ribosome
K02837	Translation/ribosome
K02838	Translation/ribosome
K02840	Carbohydrate metabolism
K02841	Cell envelope/biogenesis
K02843	Cell envelope/biogenesis
K02844	Carbohydrate metabolism
K02846	Tryptophan metabolism
K02847	Cell envelope/biogenesis
K02849	Cell envelope/biogenesis
K02851	Carbohydrate metabolism
K02852	Carbohydrate metabolism
K02853	DNA replication/repair/maintenance
K02854	Transcriptional regulation
K02855	Transcriptional regulation
K02856	Transport
K02858	Energy/central carbon
K02859	Cofactors/vitamins
K02860	RNA processing/degradation
K02863	Translation/ribosome
K02864	Translation/ribosome
K02867	Translation/ribosome
K02871	Translation/ribosome
K02874	Translation/ribosome
K02876	Translation/ribosome
K02878	Translation/ribosome
K02879	Translation/ribosome
K02881	Translation/ribosome
K02884	Translation/ribosome
K02886	Translation/ribosome
K02887	Translation/ribosome
K02888	Translation/ribosome
K02890	Translation/ribosome
K02892	Translation/ribosome
K02895	Translation/ribosome
K02897	Translation/ribosome
K02899	Translation/ribosome
K02902	Translation/ribosome
K02904	Translation/ribosome
K02906	Translation/ribosome
K02907	Translation/ribosome
K02909	Translation/ribosome
K02911	Translation/ribosome
K02913	Translation/ribosome
K02914	Translation/ribosome
K02916	Translation/ribosome
K02919	Translation/ribosome
K02926	Translation/ribosome
K02931	Translation/ribosome
K02933	Translation/ribosome
K02935	Translation/ribosome
K02939	Translation/ribosome
K02945	Translation/ribosome
K02946	Translation/ribosome
K02948	Translation/ribosome
K02950	Translation/ribosome
K02952	Translation/ribosome
K02954	Translation/ribosome
K02956	Translation/ribosome
K02959	Translation/ribosome
K02961	Translation/ribosome
K02963	Translation/ribosome
K02965	Translation/ribosome
K02967	Translation/ribosome
K02968	Translation/ribosome
K02970	Translation/ribosome
K02972	Translation/ribosome
K02982	Translation/ribosome
K02986	Translation/ribosome
K02988	Translation/ribosome
K02990	Translation/ribosome
K02992	Translation/ribosome
K02994	Translation/ribosome
K02996	Translation/ribosome
K03040	DNA replication/repair/maintenance
K03043	DNA replication/repair/maintenance
K03046	DNA replication/repair/maintenance
K03048	DNA replication/repair/maintenance
K03060	DNA replication/repair/maintenance
K03070	Transport
K03071	Transport
K03072	Transport
K03073	Transport
K03074	Transport
K03075	Transport
K03076	Transport
K03077	Energy/central carbon
K03078	Energy/central carbon
K03079	Energy/central carbon
K03086	Transcriptional regulation
K03087	Transcriptional regulation
K03088	RNA processing/degradation
K03089	RNA processing/degradation
K03091	RNA processing/degradation
K03092	RNA processing/degradation
K03093	RNA processing/degradation
K03095	DNA replication/repair/maintenance
K03098	Other
K03100	Signal transduction
K03101	Carbohydrate metabolism
K03106	Signal transduction
K03110	Cell envelope/biogenesis
K03111	DNA replication/repair/maintenance
K03112	Other
K03113	Translation/ribosome
K03116	Transport
K03117	Transport
K03118	Transport
K03119	Transport
K03147	Carbohydrate metabolism
K03148	Carbohydrate metabolism
K03149	Other
K03150	Other
K03151	RNA processing/degradation
K03152	Other
K03153	Transport
K03154	Other
K03168	DNA replication/repair/maintenance
K03169	DNA replication/repair/maintenance
K03177	RNA processing/degradation
K03179	Carbohydrate metabolism
K03181	Tryptophan metabolism
K03182	Energy/central carbon
K03183	Carbohydrate metabolism
K03184	Other
K03185	Other
K03186	Cofactors/vitamins
K03187	Transport
K03188	Transport
K03189	Transport
K03190	Transport
K03192	Transport
K03194	Transport
K03195	Transport
K03201	Transport
K03204	Transport
K03205	Transport
K03206	Energy/central carbon
K03207	Carbohydrate metabolism
K03208	Carbohydrate metabolism
K03210	Transport
K03212	RNA processing/degradation
K03214	RNA processing/degradation
K03215	RNA processing/degradation
K03216	RNA processing/degradation
K03217	Signal transduction
K03218	RNA processing/degradation
K03269	Cell envelope/biogenesis
K03270	Carbohydrate metabolism
K03271	Energy/central carbon
K03272	Carbohydrate metabolism
K03273	Carbohydrate metabolism
K03274	Energy/central carbon
K03281	Transport
K03282	Transport
K03284	Transport
K03286	Transport
K03288	Antibiotic resistance/efflux
K03289	Transport
K03291	Antibiotic resistance/efflux
K03292	Transport
K03293	Transport
K03294	Transport
K03296	Transport
K03297	Antibiotic resistance/efflux
K03298	Antibiotic resistance/efflux
K03299	Transport
K03300	Transport
K03303	SCFA fermentation
K03305	Transport
K03306	Transport
K03307	Transport
K03309	Transport
K03310	Transport
K03311	Transport
K03312	Transport
K03313	Transport
K03314	Transport
K03315	Transport
K03316	Transport
K03317	Transport
K03319	Transport
K03320	Transport
K03321	Transport
K03322	Transport
K03324	Transport
K03326	Transport
K03327	Antibiotic resistance/efflux
K03328	Transport
K03332	Carbohydrate metabolism
K03335	Energy/central carbon
K03336	Other
K03337	Energy/central carbon
K03338	Carbohydrate metabolism
K03339	Energy/central carbon
K03342	Carbohydrate metabolism
K03346	DNA replication/repair/maintenance
K03366	Energy/central carbon
K03367	Amino acid metabolism
K03386	Energy/central carbon
K03387	Energy/central carbon
K03391	Cofactors/vitamins
K03392	Energy/central carbon
K03394	Carbohydrate metabolism
K03399	Carbohydrate metabolism
K03402	Transcriptional regulation
K03406	Carbohydrate metabolism
K03407	Signal transduction
K03408	Nucleotide metabolism
K03409	Motility/adhesion
K03411	Motility/adhesion
K03412	Amino acid metabolism
K03413	Motility/adhesion
K03415	Motility/adhesion
K03417	Other
K03424	DNA replication/repair/maintenance
K03425	Transport
K03426	Cofactors/vitamins
K03427	Defense systems
K03430	Carbohydrate metabolism
K03431	Energy/central carbon
K03435	Transcriptional regulation
K03436	Transcriptional regulation
K03437	RNA processing/degradation
K03438	RNA processing/degradation
K03439	RNA processing/degradation
K03442	Transport
K03445	Antibiotic resistance/efflux
K03446	Antibiotic resistance/efflux
K03449	Transport
K03451	Transport
K03453	Transport
K03455	Transport
K03457	Transport
K03458	Transport
K03462	Tryptophan metabolism
K03465	Cofactors/vitamins
K03466	DNA replication/repair/maintenance
K03468	Antibiotic resistance/efflux
K03469	Translation/ribosome
K03470	Translation/ribosome
K03471	Translation/ribosome
K03472	Other
K03473	Other
K03474	Energy/central carbon
K03475	Transport
K03476	Carbohydrate metabolism
K03477	Transcriptional regulation
K03478	Carbohydrate metabolism
K03481	Transcriptional regulation
K03482	Transcriptional regulation
K03483	RNA processing/degradation
K03484	Transcriptional regulation
K03485	Transcriptional regulation
K03486	Transcriptional regulation
K03487	Transcriptional regulation
K03488	RNA processing/degradation
K03489	Transcriptional regulation
K03490	Transcriptional regulation
K03491	Transcriptional regulation
K03492	Transcriptional regulation
K03493	Transcriptional regulation
K03495	RNA processing/degradation
K03496	Mobilome
K03497	Transcriptional regulation
K03498	Transport
K03499	Transport
K03500	RNA processing/degradation
K03501	RNA processing/degradation
K03502	DNA replication/repair/maintenance
K03503	DNA replication/repair/maintenance
K03516	Motility/adhesion
K03517	Tryptophan metabolism
K03519	Energy/central carbon
K03521	Energy/central carbon
K03522	Energy/central carbon
K03523	Cofactors/vitamins
K03524	Transcriptional regulation
K03525	Carbohydrate metabolism
K03526	Energy/central carbon
K03527	Energy/central carbon
K03528	Cell envelope/biogenesis
K03529	Cell envelope/biogenesis
K03530	DNA replication/repair/maintenance
K03531	Cell envelope/biogenesis
K03534	Energy/central carbon
K03535	Transport
K03536	Translation/ribosome
K03543	Antibiotic resistance/efflux
K03544	Protein folding/quality control
K03545	Other
K03546	DNA replication/repair/maintenance
K03547	DNA replication/repair/maintenance
K03548	Transport
K03549	Transport
K03550	DNA replication/repair/maintenance
K03551	DNA replication/repair/maintenance
K03553	DNA replication/repair/maintenance
K03554	Defense systems
K03555	DNA replication/repair/maintenance
K03556	Transcriptional regulation
K03557	Transcriptional regulation
K03558	Cell envelope/biogenesis
K03559	Transport
K03560	Transport
K03561	Transport
K03562	Transport
K03564	Energy/central carbon
K03565	RNA processing/degradation
K03566	Transcriptional regulation
K03567	Transcriptional regulation
K03568	Other
K03569	Signal transduction
K03570	Signal transduction
K03571	Signal transduction
K03572	DNA replication/repair/maintenance
K03573	DNA replication/repair/maintenance
K03574	Carbohydrate metabolism
K03575	Carbohydrate metabolism
K03576	Transcriptional regulation
K03577	Antibiotic resistance/efflux
K03578	DNA replication/repair/maintenance
K03579	DNA replication/repair/maintenance
K03580	DNA replication/repair/maintenance
K03581	DNA replication/repair/maintenance
K03582	DNA replication/repair/maintenance
K03583	DNA replication/repair/maintenance
K03584	DNA replication/repair/maintenance
K03585	Antibiotic resistance/efflux
K03587	Cell envelope/biogenesis
K03588	Carbohydrate metabolism
K03589	Cell envelope/biogenesis
K03590	Cell envelope/biogenesis
K03591	Cell envelope/biogenesis
K03592	Other
K03593	Mobilome
K03594	Other
K03595	Energy/central carbon
K03596	Other
K03597	Transcriptional regulation
K03598	Transcriptional regulation
K03599	Energy/central carbon
K03601	DNA replication/repair/maintenance
K03602	DNA replication/repair/maintenance
K03603	Transcriptional regulation
K03604	Transcriptional regulation
K03606	Carbohydrate metabolism
K03607	Other
K03608	Cell envelope/biogenesis
K03609	Cell envelope/biogenesis
K03610	Cell envelope/biogenesis
K03611	Energy/central carbon
K03612	Cofactors/vitamins
K03613	Cofactors/vitamins
K03614	Cofactors/vitamins
K03615	Cofactors/vitamins
K03616	Cofactors/vitamins
K03617	Cofactors/vitamins
K03619	Transcriptional regulation
K03621	Lipid metabolism
K03623	Translation/ribosome
K03624	Transcriptional regulation
K03625	RNA processing/degradation
K03628	Transcriptional regulation
K03629	DNA replication/repair/maintenance
K03630	DNA replication/repair/maintenance
K03631	DNA replication/repair/maintenance
K03632	Mobilome
K03633	Mobilome
K03634	Transport
K03635	Cofactors/vitamins
K03636	Other
K03637	Energy/central carbon
K03638	Cofactors/vitamins
K03639	Energy/central carbon
K03640	Transport
K03641	Other
K03642	Cell envelope/biogenesis
K03643	Other
K03644	Carbohydrate metabolism
K03645	DNA replication/repair/maintenance
K03646	Cell envelope/biogenesis
K03647	Other
K03648	DNA replication/repair/maintenance
K03649	DNA replication/repair/maintenance
K03650	Translation/ribosome
K03651	Carbohydrate metabolism
K03652	DNA replication/repair/maintenance
K03654	DNA replication/repair/maintenance
K03655	DNA replication/repair/maintenance
K03656	DNA replication/repair/maintenance
K03657	DNA replication/repair/maintenance
K03658	DNA replication/repair/maintenance
K03664	Translation/ribosome
K03665	Energy/central carbon
K03666	DNA replication/repair/maintenance
K03667	Protein folding/quality control
K03668	Transcriptional regulation
K03669	Cell envelope/biogenesis
K03670	Other
K03671	Signal transduction
K03672	Energy/central carbon
K03674	Energy/central carbon
K03675	Energy/central carbon
K03676	Energy/central carbon
K03684	Translation/ribosome
K03685	Translation/ribosome
K03686	DNA replication/repair/maintenance
K03687	Protein folding/quality control
K03688	Cofactors/vitamins
K03690	Cofactors/vitamins
K03693	Cell envelope/biogenesis
K03694	Protein folding/quality control
K03695	Protein folding/quality control
K03696	Protein folding/quality control
K03697	Protein folding/quality control
K03698	Carbohydrate metabolism
K03699	Transport
K03700	DNA replication/repair/maintenance
K03701	DNA replication/repair/maintenance
K03702	DNA replication/repair/maintenance
K03703	DNA replication/repair/maintenance
K03704	Viral processes
K03705	RNA processing/degradation
K03706	Transcriptional regulation
K03707	Carbohydrate metabolism
K03708	Transcriptional regulation
K03709	Transcriptional regulation
K03710	Transcriptional regulation
K03711	Transcriptional regulation
K03712	Transcriptional regulation
K03713	Transcriptional regulation
K03717	Transcriptional regulation
K03718	Transcriptional regulation
K03719	Transcriptional regulation
K03720	Tryptophan metabolism
K03721	Tryptophan metabolism
K03722	DNA replication/repair/maintenance
K03723	Transcriptional regulation
K03724	DNA replication/repair/maintenance
K03731	Carbohydrate metabolism
K03732	DNA replication/repair/maintenance
K03733	Mobilome
K03734	Cofactors/vitamins
K03735	Energy/central carbon
K03736	Energy/central carbon
K03737	Energy/central carbon
K03739	Transport
K03740	Amino acid metabolism
K03741	Energy/central carbon
K03742	Tryptophan metabolism
K03743	Tryptophan metabolism
K03744	Other
K03745	Other
K03746	DNA replication/repair/maintenance
K03747	Other
K03748	Other
K03749	Other
K03750	Cofactors/vitamins
K03752	Mobilome
K03753	Mobilome
K03756	Amino acid metabolism
K03757	Transport
K03758	Transport
K03759	Transport
K03760	Lipid metabolism
K03761	Antibiotic resistance/efflux
K03762	Transport
K03763	DNA replication/repair/maintenance
K03764	Transcriptional regulation
K03767	Energy/central carbon
K03768	Energy/central carbon
K03769	Energy/central carbon
K03770	Energy/central carbon
K03771	Energy/central carbon
K03772	Energy/central carbon
K03773	Energy/central carbon
K03774	Energy/central carbon
K03775	Energy/central carbon
K03776	Signal transduction
K03777	SCFA fermentation
K03778	SCFA fermentation
K03779	Energy/central carbon
K03780	Energy/central carbon
K03781	Energy/central carbon
K03782	Energy/central carbon
K03783	Nucleotide metabolism
K03784	Nucleotide metabolism
K03785	Energy/central carbon
K03786	Energy/central carbon
K03787	Nucleotide metabolism
K03788	Translation/ribosome
K03789	Translation/ribosome
K03790	Translation/ribosome
K03793	Other
K03796	Other
K03797	Protein folding/quality control
K03798	Protein folding/quality control
K03799	Protein folding/quality control
K03800	Cofactors/vitamins
K03801	Carbohydrate metabolism
K03802	Translation/ribosome
K03803	Transcriptional regulation
K03806	Amino acid metabolism
K03807	Other
K03808	Transport
K03809	Cofactors/vitamins
K03810	Viral processes
K03811	Tryptophan metabolism
K03812	Translation/ribosome
K03814	Cell envelope/biogenesis
K03816	Carbohydrate metabolism
K03817	Amino acid metabolism
K03818	Carbohydrate metabolism
K03819	Carbohydrate metabolism
K03820	Lipid metabolism
K03823	Carbohydrate metabolism
K03824	Carbohydrate metabolism
K03825	Tryptophan metabolism
K03826	Carbohydrate metabolism
K03827	Carbohydrate metabolism
K03828	Carbohydrate metabolism
K03829	Carbohydrate metabolism
K03830	Carbohydrate metabolism
K03831	Cofactors/vitamins
K03832	Other
K03833	Translation/ribosome
K03834	Tryptophan metabolism
K03835	Tryptophan metabolism
K03837	Transport
K03838	Transport
K03839	Energy/central carbon
K03840	Energy/central carbon
K03841	Carbohydrate metabolism
K03856	Carbohydrate metabolism
K03863	Cofactors/vitamins
K03885	Cofactors/vitamins
K03892	Transcriptional regulation
K03893	Transport
K03894	Energy/central carbon
K03895	Other
K03897	Amino acid metabolism
K03919	DNA replication/repair/maintenance
K03923	Cofactors/vitamins
K03924	Transport
K03925	Transcriptional regulation
K03926	Transport
K03928	Carbohydrate metabolism
K03929	Carbohydrate metabolism
K03930	Carbohydrate metabolism
K03933	Carbohydrate metabolism
K03943	Cofactors/vitamins
K03969	Viral processes
K03970	Viral processes
K03971	Viral processes
K03973	Viral processes
K03974	Transcriptional regulation
K03975	Defense systems
K03976	RNA processing/degradation
K03977	Energy/central carbon
K03978	Energy/central carbon
K03979	Carbohydrate metabolism
K03980	Cell envelope/biogenesis
K03981	Carbohydrate metabolism
K04019	Lipid metabolism
K04023	Transport
K04024	Lipid metabolism
K04026	Lipid metabolism
K04027	Lipid metabolism
K04028	Lipid metabolism
K04029	Lipid metabolism
K04030	Lipid metabolism
K04031	Lipid metabolism
K04032	Lipid metabolism
K04041	Carbohydrate metabolism
K04042	Carbohydrate metabolism
K04043	DNA replication/repair/maintenance
K04044	Protein folding/quality control
K04045	Protein folding/quality control
K04046	Protein folding/quality control
K04047	DNA replication/repair/maintenance
K04062	DNA replication/repair/maintenance
K04063	Energy/central carbon
K04064	DNA replication/repair/maintenance
K04065	DNA replication/repair/maintenance
K04066	DNA replication/repair/maintenance
K04067	DNA replication/repair/maintenance
K04068	Energy/central carbon
K04069	SCFA fermentation
K04072	SCFA fermentation
K04074	Cell envelope/biogenesis
K04075	Translation/ribosome
K04076	Protein folding/quality control
K04077	Protein folding/quality control
K04078	Protein folding/quality control
K04079	Protein folding/quality control
K04080	Protein folding/quality control
K04081	Protein folding/quality control
K04082	Protein folding/quality control
K04083	Protein folding/quality control
K04084	Energy/central carbon
K04085	Translation/ribosome
K04086	Protein folding/quality control
K04087	Protein folding/quality control
K04088	Protein folding/quality control
K04091	Cofactors/vitamins
K04092	Tryptophan metabolism
K04094	RNA processing/degradation
K04095	Carbohydrate metabolism
K04096	DNA replication/repair/maintenance
K04103	Energy/central carbon
K04333	Transcriptional regulation
K04334	Antibiotic resistance/efflux
K04335	Other
K04336	Cell envelope/biogenesis
K04337	Transport
K04338	Transport
K04343	Antibiotic resistance/efflux
K04477	Other
K04485	DNA replication/repair/maintenance
K04486	Carbohydrate metabolism
K04487	Amino acid metabolism
K04488	Energy/central carbon
K04516	Tryptophan metabolism
K04517	Tryptophan metabolism
K04518	Tryptophan metabolism
K04561	Amino acid metabolism
K04564	Other
K04565	Other
K04566	Translation/ribosome
K04567	Translation/ribosome
K04568	Translation/ribosome
K04651	Transport
K04652	Transport
K04653	Motility/adhesion
K04654	Motility/adhesion
K04655	Carbohydrate metabolism
K04656	Translation/ribosome
K04691	Amino acid metabolism
K04718	Other
K04719	Other
K04720	Amino acid metabolism
K04744	Carbohydrate metabolism
K04749	Other
K04750	Other
K04751	Transcriptional regulation
K04752	Transcriptional regulation
K04753	Other
K04754	Lipid metabolism
K04755	Transcriptional regulation
K04756	Energy/central carbon
K04758	Transport
K04759	Transport
K04760	Transcriptional regulation
K04761	Transcriptional regulation
K04762	Translation/ribosome
K04763	Mobilome
K04764	DNA replication/repair/maintenance
K04765	Carbohydrate metabolism
K04767	Other
K04770	Protein folding/quality control
K04771	Amino acid metabolism
K04772	Protein folding/quality control
K04773	Protein folding/quality control
K04774	Protein folding/quality control
K04775	Protein folding/quality control
K04940	Other
K05275	Energy/central carbon
K05297	Cofactors/vitamins
K05306	Carbohydrate metabolism
K05311	Carbohydrate metabolism
K05337	Transcriptional regulation
K05338	Energy/central carbon
K05339	Energy/central carbon
K05340	Transport
K05342	Carbohydrate metabolism
K05343	Carbohydrate metabolism
K05346	Transcriptional regulation
K05349	Carbohydrate metabolism
K05350	Carbohydrate metabolism
K05352	Cofactors/vitamins
K05358	Cofactors/vitamins
K05362	Cell envelope/biogenesis
K05363	Amino acid metabolism
K05365	Cell envelope/biogenesis
K05366	Antibiotic resistance/efflux
K05367	Cell envelope/biogenesis
K05368	Cofactors/vitamins
K05372	Transcriptional regulation
K05375	Other
K05396	Amino acid metabolism
K05499	Transcriptional regulation
K05501	Antibiotic resistance/efflux
K05515	Cell envelope/biogenesis
K05517	Transport
K05520	Carbohydrate metabolism
K05521	Energy/central carbon
K05522	Defense systems
K05524	Transcriptional regulation
K05526	Carbohydrate metabolism
K05527	Transcriptional regulation
K05539	Translation/ribosome
K05540	Energy/central carbon
K05548	Transport
K05553	Lipid metabolism
K05568	Transport
K05589	Cell envelope/biogenesis
K05590	DNA replication/repair/maintenance
K05591	DNA replication/repair/maintenance
K05592	Energy/central carbon
K05593	Carbohydrate metabolism
K05594	Other
K05595	Transport
K05601	Other
K05603	Carbohydrate metabolism
K05643	Transport
K05658	Transport
K05685	Antibiotic resistance/efflux
K05710	Energy/central carbon
K05712	Carbohydrate metabolism
K05770	Other
K05774	Transport
K05775	Carbohydrate metabolism
K05776	Transport
K05781	Transport
K05782	Transport
K05783	Energy/central carbon
K05785	Transcriptional regulation
K05786	Carbohydrate metabolism
K05787	DNA replication/repair/maintenance
K05788	DNA replication/repair/maintenance
K05789	Transport
K05790	Cell envelope/biogenesis
K05794	Transport
K05796	Transport
K05798	Transcriptional regulation
K05799	Transcriptional regulation
K05800	Transcriptional regulation
K05801	DNA replication/repair/maintenance
K05802	Transport
K05803	Transport
K05804	Transcriptional regulation
K05805	Other
K05807	Cell envelope/biogenesis
K05808	Translation/ribosome
K05809	Translation/ribosome
K05810	Carbohydrate metabolism
K05811	Transport
K05812	RNA processing/degradation
K05813	Transport
K05814	Transport
K05815	Transport
K05816	Transport
K05817	Transcriptional regulation
K05819	Transport
K05820	Transport
K05822	Antibiotic resistance/efflux
K05823	Carbohydrate metabolism
K05825	Carbohydrate metabolism
K05832	Tryptophan metabolism
K05833	Tryptophan metabolism
K05834	Carbohydrate metabolism
K05835	Antibiotic resistance/efflux
K05836	Transcriptional regulation
K05837	Cell envelope/biogenesis
K05838	Energy/central carbon
K05839	Other
K05844	Translation/ribosome
K05845	Transport
K05846	Transport
K05847	Transport
K05851	Energy/central carbon
K05874	Signal transduction
K05875	Signal transduction
K05876	Carbohydrate metabolism
K05877	Signal transduction
K05878	Carbohydrate metabolism
K05879	Carbohydrate metabolism
K05881	Carbohydrate metabolism
K05882	Energy/central carbon
K05895	Energy/central carbon
K05896	Cell envelope/biogenesis
K05910	Energy/central carbon
K05916	Amino acid metabolism
K05921	Energy/central carbon
K05934	Carbohydrate metabolism
K05936	Carbohydrate metabolism
K05937	Other
K05939	Lipid metabolism
K05946	Carbohydrate metabolism
K05952	Other
K05964	Carbohydrate metabolism
K05966	Carbohydrate metabolism
K05970	Carbohydrate metabolism
K05982	Carbohydrate metabolism
K05984	DNA replication/repair/maintenance
K05985	Translation/ribosome
K05986	Energy/central carbon
K05988	Carbohydrate metabolism
K05989	Carbohydrate metabolism
K05995	Carbohydrate metabolism
K05997	Other
K06006	Other
K06016	Transport
K06019	Carbohydrate metabolism
K06020	Transport
K06023	Carbohydrate metabolism
K06024	Cell envelope/biogenesis
K06039	Other
K06041	Energy/central carbon
K06042	Energy/central carbon
K06044	Carbohydrate metabolism
K06045	Carbohydrate metabolism
K06048	Amino acid metabolism
K06073	Transport
K06074	Transport
K06075	Transcriptional regulation
K06076	Transport
K06077	Transport
K06078	Transport
K06079	Other
K06080	Other
K06131	Carbohydrate metabolism
K06133	Carbohydrate metabolism
K06136	Cofactors/vitamins
K06137	Cofactors/vitamins
K06138	Cofactors/vitamins
K06139	Carbohydrate metabolism
K06140	Nucleotide metabolism
K06141	Transport
K06142	Transport
K06143	Transport
K06144	Transcriptional regulation
K06145	Transcriptional regulation
K06147	Transport
K06148	Transport
K06149	Transcriptional regulation
K06151	Transport
K06152	Transport
K06153	Carbohydrate metabolism
K06155	Transport
K06156	Transport
K06158	Transport
K06159	Antibiotic resistance/efflux
K06160	Transport
K06162	Carbohydrate metabolism
K06163	Transport
K06164	Energy/central carbon
K06165	Energy/central carbon
K06166	Energy/central carbon
K06167	Carbohydrate metabolism
K06168	Translation/ribosome
K06169	Translation/ribosome
K06173	Energy/central carbon
K06175	Translation/ribosome
K06176	Translation/ribosome
K06177	Translation/ribosome
K06178	RNA processing/degradation
K06179	RNA processing/degradation
K06180	RNA processing/degradation
K06181	RNA processing/degradation
K06182	RNA processing/degradation
K06183	RNA processing/degradation
K06186	Cell envelope/biogenesis
K06187	DNA replication/repair/maintenance
K06188	Transport
K06189	Antibiotic resistance/efflux
K06191	Other
K06192	Transport
K06193	Other
K06194	Transport
K06195	Other
K06197	Transport
K06198	Mobilome
K06199	Transport
K06200	Energy/central carbon
K06201	Other
K06202	Other
K06203	Other
K06204	RNA processing/degradation
K06205	Other
K06206	Carbohydrate metabolism
K06207	Energy/central carbon
K06209	Tryptophan metabolism
K06211	Transcriptional regulation
K06212	Transport
K06213	Transport
K06214	Transport
K06216	Transport
K06217	Energy/central carbon
K06218	RNA processing/degradation
K06219	Translation/ribosome
K06221	Energy/central carbon
K06222	Energy/central carbon
K06223	DNA replication/repair/maintenance
K06236	Other
K06286	Cell envelope/biogenesis
K06287	Carbohydrate metabolism
K06320	Translation/ribosome
K06338	Other
K06346	Defense systems
K06350	Other
K06351	Other
K06384	Cell envelope/biogenesis
K06386	Cell envelope/biogenesis
K06400	DNA replication/repair/maintenance
K06415	Cell envelope/biogenesis
K06442	RNA processing/degradation
K06445	Carbohydrate metabolism
K06447	Amino acid metabolism
K06518	Energy/central carbon
K06602	Transcriptional regulation
K06607	Energy/central carbon
K06608	Transcriptional regulation
K06609	Transport
K06610	Transport
K06718	Carbohydrate metabolism
K06720	Other
K06726	Energy/central carbon
K06857	Transport
K06858	Transport
K06861	Cell envelope/biogenesis
K06864	Amino acid metabolism
K06866	Cofactors/vitamins
K06867	Other
K06871	Other
K06872	Other
K06876	DNA replication/repair/maintenance
K06878	RNA processing/degradation
K06879	Other
K06881	Carbohydrate metabolism
K06884	Other
K06885	Other
K06889	Other
K06890	Other
K06891	Protein folding/quality control
K06893	Other
K06894	Other
K06895	Transport
K06898	Carbohydrate metabolism
K06899	Defense systems
K06901	Transport
K06902	Transport
K06904	Protein folding/quality control
K06907	Transport
K06908	Transport
K06909	Viral processes
K06910	Other
K06911	Energy/central carbon
K06915	DNA replication/repair/maintenance
K06916	Cell envelope/biogenesis
K06918	Other
K06919	DNA replication/repair/maintenance
K06920	Other
K06921	Other
K06923	Other
K06925	RNA processing/degradation
K06926	Other
K06929	Other
K06934	Other
K06938	Other
K06940	Other
K06941	RNA processing/degradation
K06942	Translation/ribosome
K06946	Other
K06948	Translation/ribosome
K06949	Translation/ribosome
K06950	Other
K06952	Nucleotide metabolism
K06954	Other
K06956	Other
K06957	Translation/ribosome
K06958	RNA processing/degradation
K06959	Other
K06960	Other
K06962	Other
K06966	Nucleotide metabolism
K06967	RNA processing/degradation
K06968	RNA processing/degradation
K06969	RNA processing/degradation
K06970	RNA processing/degradation
K06973	Other
K06975	Other
K06977	Other
K06978	Other
K06980	Translation/ribosome
K06988	Energy/central carbon
K06989	Amino acid metabolism
K06991	Other
K06994	Antibiotic resistance/efflux
K06996	Other
K06997	Other
K06998	Energy/central carbon
K06999	Carbohydrate metabolism
K07000	Other
K07001	Other
K07002	Amino acid metabolism
K07003	Other
K07004	Other
K07005	Other
K07006	Other
K07007	Energy/central carbon
K07009	Lipid metabolism
K07010	Amino acid metabolism
K07012	Defense systems
K07014	Other
K07015	Carbohydrate metabolism
K07018	Other
K07019	Other
K07023	Carbohydrate metabolism
K07025	Other
K07026	Carbohydrate metabolism
K07027	Carbohydrate metabolism
K07029	Carbohydrate metabolism
K07030	Lipid metabolism
K07032	Other
K07033	Other
K07034	Transport
K07035	Other
K07038	Transport
K07039	Other
K07040	Translation/ribosome
K07042	RNA processing/degradation
K07043	RNA processing/degradation
K07045	Other
K07050	RNA processing/degradation
K07052	Protein folding/quality control
K07053	Carbohydrate metabolism
K07054	Other
K07056	RNA processing/degradation
K07058	Transport
K07061	Defense systems
K07062	Defense systems
K07064	Other
K07069	Other
K07070	Other
K07071	Other
K07078	Other
K07082	Cell envelope/biogenesis
K07085	Transport
K07089	Other
K07090	Other
K07091	Transport
K07093	Other
K07095	Other
K07097	Other
K07098	Other
K07104	Energy/central carbon
K07105	Other
K07106	Energy/central carbon
K07107	Carbohydrate metabolism
K07109	Other
K07112	Other
K07113	Other
K07115	RNA processing/degradation
K07116	Carbohydrate metabolism
K07118	Other
K07119	Other
K07120	Other
K07121	Other
K07122	Transport
K07123	Other
K07124	Other
K07126	Other
K07127	Other
K07130	Other
K07133	Other
K07136	Other
K07137	Other
K07139	Other
K07140	Translation/ribosome
K07141	Cofactors/vitamins
K07146	Other
K07147	Amino acid metabolism
K07148	Other
K07149	Other
K07150	Other
K07152	Other
K07153	Other
K07154	Amino acid metabolism
K07156	Antibiotic resistance/efflux
K07157	Other
K07160	Carbohydrate metabolism
K07165	Signal transduction
K07166	Other
K07168	Transport
K07171	RNA processing/degradation
K07172	Defense systems
K07173	Energy/central carbon
K07177	Protein folding/quality control
K07180	Amino acid metabolism
K07183	RNA processing/degradation
K07184	Other
K07186	Transport
K07192	Other
K07213	Protein folding/quality control
K07214	Transport
K07215	Cofactors/vitamins
K07217	Transport
K07219	Cofactors/vitamins
K07221	Transport
K07222	Transport
K07223	Energy/central carbon
K07224	Transport
K07229	Cofactors/vitamins
K07230	Transport
K07232	Amino acid metabolism
K07233	Antibiotic resistance/efflux
K07235	Translation/ribosome
K07236	Translation/ribosome
K07237	Translation/ribosome
K07238	Transport
K07240	Transport
K07241	Transport
K07243	Transport
K07245	Antibiotic resistance/efflux
K07246	Energy/central carbon
K07248	Energy/central carbon
K07250	Synaptic pathways
K07251	Cofactors/vitamins
K07258	Amino acid metabolism
K07259	Amino acid metabolism
K07260	Carbohydrate metabolism
K07261	Cell envelope/biogenesis
K07262	Amino acid metabolism
K07263	Protein folding/quality control
K07264	Energy/central carbon
K07265	Transport
K07266	Transport
K07267	Transport
K07268	Defense systems
K07269	Cell envelope/biogenesis
K07271	Cell envelope/biogenesis
K07272	Carbohydrate metabolism
K07273	Transport
K07274	Other
K07275	Transport
K07276	Other
K07277	Transport
K07278	Other
K07282	Carbohydrate metabolism
K07283	Transport
K07284	Carbohydrate metabolism
K07285	Transport
K07286	Other
K07287	Cell envelope/biogenesis
K07289	Other
K07290	Other
K07300	Transport
K07301	Transport
K07302	Energy/central carbon
K07304	Amino acid metabolism
K07305	Amino acid metabolism
K07306	Carbohydrate metabolism
K07307	Carbohydrate metabolism
K07308	Carbohydrate metabolism
K07309	Other
K07313	Amino acid metabolism
K07315	Carbohydrate metabolism
K07316	DNA replication/repair/maintenance
K07317	DNA replication/repair/maintenance
K07318	DNA replication/repair/maintenance
K07319	DNA replication/repair/maintenance
K07320	Translation/ribosome
K07322	Signal transduction
K07323	Transport
K07326	Other
K07334	Defense systems
K07335	DNA replication/repair/maintenance
K07336	Other
K07337	Cell envelope/biogenesis
K07339	RNA processing/degradation
K07340	Transport
K07341	Other
K07343	DNA replication/repair/maintenance
K07344	Transport
K07345	Antibiotic resistance/efflux
K07346	Protein folding/quality control
K07347	Transport
K07348	Other
K07349	Other
K07350	Other
K07351	Other
K07352	Other
K07353	Protein folding/quality control
K07354	Transport
K07355	Other
K07356	Other
K07386	Carbohydrate metabolism
K07387	Other
K07390	Energy/central carbon
K07391	Transport
K07393	Other
K07396	Energy/central carbon
K07397	RNA processing/degradation
K07400	Translation/ribosome
K07401	Energy/central carbon
K07402	Transport
K07404	Carbohydrate metabolism
K07407	Carbohydrate metabolism
K07443	DNA replication/repair/maintenance
K07444	DNA replication/repair/maintenance
K07447	RNA processing/degradation
K07448	Defense systems
K07449	DNA replication/repair/maintenance
K07451	Carbohydrate metabolism
K07452	Carbohydrate metabolism
K07455	DNA replication/repair/maintenance
K07456	DNA replication/repair/maintenance
K07457	Defense systems
K07458	DNA replication/repair/maintenance
K07459	Defense systems
K07460	Defense systems
K07461	Defense systems
K07462	DNA replication/repair/maintenance
K07464	Defense systems
K07465	Defense systems
K07467	DNA replication/repair/maintenance
K07470	DNA replication/repair/maintenance
K07473	DNA replication/repair/maintenance
K07474	Viral processes
K07478	Energy/central carbon
K07479	DNA replication/repair/maintenance
K07480	Mobilome
K07482	Mobilome
K07483	Mobilome
K07484	Mobilome
K07485	Mobilome
K07486	Mobilome
K07487	Mobilome
K07490	Transport
K07491	Tryptophan metabolism
K07492	Mobilome
K07493	Mobilome
K07496	Mobilome
K07497	Mobilome
K07498	Mobilome
K07504	Defense systems
K07505	Transcriptional regulation
K07506	Transcriptional regulation
K07507	Transport
K07533	Energy/central carbon
K07535	Carbohydrate metabolism
K07552	Antibiotic resistance/efflux
K07559	RNA processing/degradation
K07560	RNA processing/degradation
K07566	Carbohydrate metabolism
K07568	RNA processing/degradation
K07570	Defense systems
K07571	RNA processing/degradation
K07574	RNA processing/degradation
K07584	Other
K07586	Other
K07589	Energy/central carbon
K07592	Transcriptional regulation
K07636	Signal transduction
K07637	Signal transduction
K07638	Signal transduction
K07639	Signal transduction
K07640	Signal transduction
K07641	Signal transduction
K07642	Signal transduction
K07643	Signal transduction
K07644	Signal transduction
K07645	Signal transduction
K07646	Signal transduction
K07648	Signal transduction
K07649	Signal transduction
K07652	Signal transduction
K07657	Signal transduction
K07658	Signal transduction
K07659	Signal transduction
K07660	Signal transduction
K07661	Signal transduction
K07662	Signal transduction
K07663	Signal transduction
K07664	Signal transduction
K07665	Signal transduction
K07666	Signal transduction
K07667	Signal transduction
K07668	Signal transduction
K07673	Signal transduction
K07674	Signal transduction
K07675	Signal transduction
K07676	Signal transduction
K07677	Signal transduction
K07678	Signal transduction
K07681	Signal transduction
K07683	Signal transduction
K07686	Signal transduction
K07687	Signal transduction
K07689	Signal transduction
K07693	Signal transduction
K07694	Signal transduction
K07696	Signal transduction
K07700	Signal transduction
K07701	Signal transduction
K07702	Signal transduction
K07703	Signal transduction
K07704	Signal transduction
K07705	Signal transduction
K07706	Signal transduction
K07707	Signal transduction
K07708	Signal transduction
K07711	Signal transduction
K07712	Transcriptional regulation
K07714	Signal transduction
K07715	Signal transduction
K07717	Signal transduction
K07718	Signal transduction
K07719	Signal transduction
K07720	Signal transduction
K07723	Transcriptional regulation
K07724	Transcriptional regulation
K07726	Transcriptional regulation
K07727	Transcriptional regulation
K07729	Transcriptional regulation
K07733	Transcriptional regulation
K07735	Transcriptional regulation
K07736	Transcriptional regulation
K07738	RNA processing/degradation
K07740	Transcriptional regulation
K07741	Other
K07742	Other
K07749	Carbohydrate metabolism
K07751	Carbohydrate metabolism
K07757	Carbohydrate metabolism
K07771	Signal transduction
K07773	Amino acid metabolism
K07774	Signal transduction
K07777	Signal transduction
K07778	Signal transduction
K07781	Transcriptional regulation
K07782	Transcriptional regulation
K07783	Transport
K07784	Antibiotic resistance/efflux
K07787	Antibiotic resistance/efflux
K07788	Antibiotic resistance/efflux
K07789	Antibiotic resistance/efflux
K07791	Transport
K07792	Transport
K07795	Transport
K07796	Antibiotic resistance/efflux
K07798	Antibiotic resistance/efflux
K07799	Antibiotic resistance/efflux
K07806	Energy/central carbon
K07810	Antibiotic resistance/efflux
K07812	Amino acid metabolism
K07813	Other
K07816	Carbohydrate metabolism
K07862	Transport
K07979	Transcriptional regulation
K08068	Energy/central carbon
K08070	Other
K08077	Carbohydrate metabolism
K08086	Motility/adhesion
K08093	Energy/central carbon
K08094	Energy/central carbon
K08097	Carbohydrate metabolism
K08100	Energy/central carbon
K08137	Transport
K08139	Transport
K08151	Antibiotic resistance/efflux
K08152	Antibiotic resistance/efflux
K08153	Antibiotic resistance/efflux
K08154	Antibiotic resistance/efflux
K08156	Transport
K08159	Transport
K08160	Antibiotic resistance/efflux
K08161	Antibiotic resistance/efflux
K08162	Antibiotic resistance/efflux
K08163	Antibiotic resistance/efflux
K08164	Antibiotic resistance/efflux
K08166	Antibiotic resistance/efflux
K08167	Antibiotic resistance/efflux
K08169	Antibiotic resistance/efflux
K08170	Antibiotic resistance/efflux
K08172	Tryptophan metabolism
K08173	Antibiotic resistance/efflux
K08174	Antibiotic resistance/efflux
K08177	Transport
K08178	Transport
K08191	Antibiotic resistance/efflux
K08194	Transport
K08195	Antibiotic resistance/efflux
K08196	Antibiotic resistance/efflux
K08217	Antibiotic resistance/efflux
K08218	Antibiotic resistance/efflux
K08219	Transport
K08221	Antibiotic resistance/efflux
K08223	Antibiotic resistance/efflux
K08224	Transport
K08225	Antibiotic resistance/efflux
K08227	Transport
K08234	Amino acid metabolism
K08261	Carbohydrate metabolism
K08276	Other
K08279	Transcriptional regulation
K08281	Other
K08289	Carbohydrate metabolism
K08296	Carbohydrate metabolism
K08300	Translation/ribosome
K08301	Translation/ribosome
K08302	Energy/central carbon
K08303	Carbohydrate metabolism
K08304	Cell envelope/biogenesis
K08305	Cell envelope/biogenesis
K08306	Cell envelope/biogenesis
K08307	Cell envelope/biogenesis
K08308	Cell envelope/biogenesis
K08309	Cell envelope/biogenesis
K08310	Carbohydrate metabolism
K08311	Nucleotide metabolism
K08312	Energy/central carbon
K08313	Energy/central carbon
K08314	Energy/central carbon
K08315	Protein folding/quality control
K08316	RNA processing/degradation
K08317	Other
K08318	Other
K08319	Other
K08320	Carbohydrate metabolism
K08321	Energy/central carbon
K08322	Energy/central carbon
K08323	Energy/central carbon
K08324	Energy/central carbon
K08325	Energy/central carbon
K08344	Antibiotic resistance/efflux
K08348	SCFA fermentation
K08349	SCFA fermentation
K08350	SCFA fermentation
K08351	Amino acid metabolism
K08364	Transcriptional regulation
K08365	Transcriptional regulation
K08368	Transport
K08369	Transport
K08483	Carbohydrate metabolism
K08484	Carbohydrate metabolism
K08485	Energy/central carbon
K08591	Lipid metabolism
K08602	Carbohydrate metabolism
K08641	Carbohydrate metabolism
K08659	Carbohydrate metabolism
K08676	Protein folding/quality control
K08677	Cell envelope/biogenesis
K08679	Energy/central carbon
K08680	Energy/central carbon
K08682	Lipid metabolism
K08693	Nucleotide metabolism
K08715	Transport
K08721	Antibiotic resistance/efflux
K08722	Carbohydrate metabolism
K08723	Nucleotide metabolism
K08724	Cell envelope/biogenesis
K08728	Nucleotide metabolism
K08738	Cofactors/vitamins
K08744	Carbohydrate metabolism
K08884	Amino acid metabolism
K08963	Energy/central carbon
K08964	Energy/central carbon
K08967	Energy/central carbon
K08968	Amino acid metabolism
K08969	Carbohydrate metabolism
K08970	Transport
K08972	Transport
K08973	Energy/central carbon
K08974	Transport
K08981	Transport
K08987	Transport
K08990	Transport
K08992	Cell envelope/biogenesis
K08993	Transport
K08994	Transport
K08995	Transport
K08996	Transport
K08997	Carbohydrate metabolism
K08998	Other
K09000	Defense systems
K09001	Energy/central carbon
K09003	Other
K09004	Other
K09005	Other
K09013	Other
K09014	Other
K09015	Other
K09016	Transport
K09017	Antibiotic resistance/efflux
K09018	Nucleotide metabolism
K09019	Other
K09020	Other
K09021	Other
K09022	Carbohydrate metabolism
K09023	Other
K09024	Cofactors/vitamins
K09065	Amino acid metabolism
K09117	Other
K09121	Energy/central carbon
K09125	Transport
K09131	Other
K09136	Translation/ribosome
K09153	Transport
K09155	Other
K09157	Other
K09159	Defense systems
K09160	Other
K09161	Other
K09167	Other
K09181	Carbohydrate metabolism
K09250	Other
K09251	Carbohydrate metabolism
K09384	Other
K09456	Carbohydrate metabolism
K09457	Other
K09458	Lipid metabolism
K09470	Other
K09471	Energy/central carbon
K09473	Synaptic pathways
K09474	Translation/ribosome
K09475	Transport
K09476	Transport
K09565	Energy/central carbon
K09612	Carbohydrate metabolism
K09684	Transcriptional regulation
K09685	Transcriptional regulation
K09688	Transport
K09689	Transport
K09690	Transport
K09691	Transport
K09692	Transport
K09693	Transport
K09694	Transport
K09695	Transport
K09697	Transport
K09698	Translation/ribosome
K09699	Energy/central carbon
K09702	Other
K09703	Other
K09704	Other
K09705	Other
K09710	Defense systems
K09712	Other
K09747	Defense systems
K09748	Translation/ribosome
K09758	Amino acid metabolism
K09760	DNA replication/repair/maintenance
K09761	RNA processing/degradation
K09762	Cell envelope/biogenesis
K09765	Other
K09767	Energy/central carbon
K09768	Other
K09769	Nucleotide metabolism
K09771	Antibiotic resistance/efflux
K09772	Cell envelope/biogenesis
K09773	Carbohydrate metabolism
K09774	Cell envelope/biogenesis
K09779	Other
K09780	Other
K09781	Other
K09786	Other
K09787	Other
K09790	Other
K09791	Other
K09795	Other
K09796	Protein folding/quality control
K09798	Other
K09800	Other
K09801	Other
K09802	Other
K09803	Other
K09806	Cofactors/vitamins
K09807	Other
K09808	Transport
K09809	Carbohydrate metabolism
K09810	Transport
K09811	Transport
K09812	Cell envelope/biogenesis
K09815	Transport
K09816	Transport
K09817	Transport
K09818	Transport
K09819	Transport
K09820	Transport
K09823	Transcriptional regulation
K09824	Other
K09825	Transcriptional regulation
K09835	Energy/central carbon
K09857	Transport
K09861	Other
K09862	Other
K09879	Motility/adhesion
K09880	Carbohydrate metabolism
K09882	Carbohydrate metabolism
K09883	Energy/central carbon
K09888	Cell envelope/biogenesis
K09889	Defense systems
K09890	Translation/ribosome
K09891	Other
K09892	Cell envelope/biogenesis
K09893	Translation/ribosome
K09895	Other
K09897	Other
K09898	Other
K09899	Other
K09901	Other
K09903	Carbohydrate metabolism
K09904	Other
K09906	Translation/ribosome
K09908	Other
K09909	Other
K09910	Other
K09911	Other
K09912	Other
K09913	Nucleotide metabolism
K09914	Transport
K09915	Other
K09916	Other
K09918	Other
K09919	Other
K09920	Other
K09921	Other
K09923	Other
K09927	Other
K09931	Other
K09933	Carbohydrate metabolism
K09936	Transport
K09937	Other
K09945	Other
K09949	Cell envelope/biogenesis
K09951	Defense systems
K09952	Defense systems
K09955	Other
K09958	Other
K09960	Other
K09961	Other
K09962	Other
K09963	Other
K09969	Transport
K09970	Transport
K09971	Transport
K09972	Transport
K09973	Other
K09975	Other
K09976	Other
K09978	Other
K09979	Other
K09985	Other
K09986	Other
K09987	Other
K09988	Energy/central carbon
K09991	Other
K09994	Amino acid metabolism
K09996	Transport
K09997	Transport
K09998	Transport
K09999	Transport
K10000	Transport
K10001	Transport
K10002	Transport
K10003	Transport
K10004	Transport
K10005	Transport
K10008	Transport
K10009	Transport
K10010	Transport
K10011	Energy/central carbon
K10012	Carbohydrate metabolism
K10013	Transport
K10014	Transport
K10015	Transport
K10016	Transport
K10017	Transport
K10019	Transport
K10020	Transport
K10021	Transport
K10024	Transport
K10026	Other
K10027	Lipid metabolism
K10036	Transport
K10037	Transport
K10038	Transport
K10039	Transport
K10040	Transport
K10041	Transport
K10107	Transport
K10108	Transport
K10109	Transport
K10110	Transport
K10111	Transport
K10112	Transport
K10117	Transport
K10118	Transport
K10119	Transport
K10120	Transport
K10121	Transport
K10122	Transport
K10125	Signal transduction
K10126	Signal transduction
K10188	Transport
K10190	Transport
K10200	Transport
K10202	Transport
K10206	Carbohydrate metabolism
K10208	Carbohydrate metabolism
K10213	Carbohydrate metabolism
K10218	Energy/central carbon
K10219	Energy/central carbon
K10236	Transport
K10237	Transport
K10238	Transport
K10253	Synaptic pathways
K10254	Energy/central carbon
K10353	Carbohydrate metabolism
K10439	Transport
K10440	Transport
K10441	Transport
K10530	SCFA fermentation
K10531	Amino acid metabolism
K10536	Carbohydrate metabolism
K10537	Transport
K10538	Transport
K10539	Transport
K10540	Transport
K10541	Transport
K10542	Transport
K10543	Transport
K10544	Transport
K10545	Transport
K10547	Transport
K10551	Transport
K10555	Transport
K10556	Transport
K10557	Transport
K10558	Transport
K10562	Transport
K10563	DNA replication/repair/maintenance
K10617	Energy/central carbon
K10678	Other
K10679	Other
K10680	Other
K10708	Carbohydrate metabolism
K10710	Transport
K10711	Transcriptional regulation
K10715	Signal transduction
K10716	Transport
K10764	Other
K10773	DNA replication/repair/maintenance
K10778	Transcriptional regulation
K10793	Amino acid metabolism
K10804	Carbohydrate metabolism
K10805	Carbohydrate metabolism
K10806	Carbohydrate metabolism
K10810	Transcriptional regulation
K10823	Transport
K10830	Transport
K10831	Transport
K10834	Transport
K10851	Other
K10857	DNA replication/repair/maintenance
K10914	Transcriptional regulation
K10947	Transcriptional regulation
K10974	Transport
K10975	Transport
K10984	Carbohydrate metabolism
K10985	Carbohydrate metabolism
K10986	Carbohydrate metabolism
K11021	Defense systems
K11041	Defense systems
K11050	Antibiotic resistance/efflux
K11051	Antibiotic resistance/efflux
K11065	Energy/central carbon
K11066	Amino acid metabolism
K11068	Other
K11069	Transport
K11070	Transport
K11071	Transport
K11072	Transport
K11073	Transport
K11074	Transport
K11075	Transport
K11076	Transport
K11085	Transport
K11102	Transport
K11103	Transport
K11104	Transport
K11105	Transport
K11144	DNA replication/repair/maintenance
K11145	RNA processing/degradation
K11175	Carbohydrate metabolism
K11177	Carbohydrate metabolism
K11178	Cofactors/vitamins
K11179	Translation/ribosome
K11183	Energy/central carbon
K11192	Carbohydrate metabolism
K11194	Carbohydrate metabolism
K11195	Carbohydrate metabolism
K11196	Carbohydrate metabolism
K11200	Carbohydrate metabolism
K11201	Carbohydrate metabolism
K11202	Carbohydrate metabolism
K11203	Carbohydrate metabolism
K11206	Amino acid metabolism
K11208	Carbohydrate metabolism
K11209	Energy/central carbon
K11249	Antibiotic resistance/efflux
K11250	Antibiotic resistance/efflux
K11258	Carbohydrate metabolism
K11312	Translation/ribosome
K11391	RNA processing/degradation
K11392	RNA processing/degradation
K11441	Other
K11473	Transport
K11474	Transcriptional regulation
K11524	DNA replication/repair/maintenance
K11527	Signal transduction
K11529	Carbohydrate metabolism
K11530	Energy/central carbon
K11531	Transcriptional regulation
K11532	Carbohydrate metabolism
K11534	Transcriptional regulation
K11535	Transport
K11537	Antibiotic resistance/efflux
K11604	Transport
K11605	Transport
K11606	Transport
K11607	Transport
K11614	Signal transduction
K11615	Signal transduction
K11616	Transport
K11617	Signal transduction
K11618	Signal transduction
K11621	Other
K11622	Transcriptional regulation
K11623	Signal transduction
K11635	Transport
K11645	Energy/central carbon
K11685	DNA replication/repair/maintenance
K11693	Cell envelope/biogenesis
K11695	Cell envelope/biogenesis
K11704	Transport
K11705	Transport
K11706	Transport
K11707	Transport
K11709	Transport
K11710	Transport
K11717	Amino acid metabolism
K11719	Cell envelope/biogenesis
K11720	Transport
K11732	Tryptophan metabolism
K11733	Transport
K11734	Transport
K11735	Synaptic pathways
K11736	Transport
K11737	Transport
K11738	Transport
K11741	Signal transduction
K11742	Transport
K11743	Transport
K11744	Transport
K11745	Antibiotic resistance/efflux
K11746	Antibiotic resistance/efflux
K11747	Antibiotic resistance/efflux
K11748	Antibiotic resistance/efflux
K11749	Protein folding/quality control
K11750	Carbohydrate metabolism
K11751	Carbohydrate metabolism
K11752	Energy/central carbon
K11753	Cofactors/vitamins
K11754	Translation/ribosome
K11755	Carbohydrate metabolism
K11811	Antibiotic resistance/efflux
K11814	Antibiotic resistance/efflux
K11815	Antibiotic resistance/efflux
K11891	Transport
K11892	Transport
K11893	Transport
K11895	Transport
K11896	Transport
K11900	Transport
K11901	Transport
K11903	Transport
K11904	Transport
K11905	Transport
K11906	Transport
K11907	Transport
K11910	Transport
K11911	Transport
K11922	Transcriptional regulation
K11923	Transcriptional regulation
K11924	Transport
K11925	Transcriptional regulation
K11926	Transcriptional regulation
K11927	DNA replication/repair/maintenance
K11928	Transport
K11929	Transport
K11931	Carbohydrate metabolism
K11932	Transcriptional regulation
K11933	Energy/central carbon
K11935	Motility/adhesion
K11936	Carbohydrate metabolism
K11937	Motility/adhesion
K11938	Carbohydrate metabolism
K11939	Transport
K11940	Transcriptional regulation
K11941	Other
K11959	Transport
K11960	Transport
K11961	Transport
K11962	Transport
K11963	Transport
K11991	RNA processing/degradation
K12071	Motility/adhesion
K12085	Transport
K12132	Amino acid metabolism
K12136	Other
K12137	Other
K12141	Other
K12142	Other
K12143	Other
K12147	Other
K12148	Motility/adhesion
K12149	DNA replication/repair/maintenance
K12151	Transcriptional regulation
K12152	Carbohydrate metabolism
K12204	Mobilome
K12216	Other
K12238	Lipid metabolism
K12257	Carbohydrate metabolism
K12262	Energy/central carbon
K12264	Amino acid metabolism
K12265	Cofactors/vitamins
K12266	Transcriptional regulation
K12267	Amino acid metabolism
K12268	Transport
K12269	Transport
K12270	Transport
K12288	Motility/adhesion
K12289	Motility/adhesion
K12290	Motility/adhesion
K12292	Carbohydrate metabolism
K12293	Transport
K12294	Signal transduction
K12296	Mobilome
K12297	RNA processing/degradation
K12308	Carbohydrate metabolism
K12339	Amino acid metabolism
K12340	Transport
K12343	Carbohydrate metabolism
K12368	Transport
K12369	Transport
K12370	Transport
K12371	Transport
K12372	Transport
K12373	Carbohydrate metabolism
K12409	Carbohydrate metabolism
K12410	Cofactors/vitamins
K12450	Energy/central carbon
K12500	Other
K12506	Carbohydrate metabolism
K12516	Energy/central carbon
K12524	Carbohydrate metabolism
K12525	Carbohydrate metabolism
K12527	Other
K12543	Transport
K12549	Energy/central carbon
K12551	Carbohydrate metabolism
K12552	Cell envelope/biogenesis
K12553	Cell envelope/biogenesis
K12554	Amino acid metabolism
K12555	Cell envelope/biogenesis
K12556	Cell envelope/biogenesis
K12573	Translation/ribosome
K12574	Translation/ribosome
K12582	Energy/central carbon
K12658	Energy/central carbon
K12678	Motility/adhesion
K12687	Cell envelope/biogenesis
K12700	Carbohydrate metabolism
K12940	Amino acid metabolism
K12941	Amino acid metabolism
K12942	Transport
K12943	Transport
K12944	Nucleotide metabolism
K12952	Transport
K12955	Transport
K12957	Energy/central carbon
K12960	Carbohydrate metabolism
K12961	DNA replication/repair/maintenance
K12962	Carbohydrate metabolism
K12963	Carbohydrate metabolism
K12972	Energy/central carbon
K12973	Lipid metabolism
K12974	Lipid metabolism
K12975	Other
K12979	Other
K12984	Carbohydrate metabolism
K12990	Carbohydrate metabolism
K12996	Carbohydrate metabolism
K12997	Carbohydrate metabolism
K12999	Carbohydrate metabolism
K13007	Carbohydrate metabolism
K13012	Cell envelope/biogenesis
K13013	Cell envelope/biogenesis
K13014	Carbohydrate metabolism
K13020	Carbohydrate metabolism
K13038	Amino acid metabolism
K13051	Carbohydrate metabolism
K13052	Cell envelope/biogenesis
K13053	Cell envelope/biogenesis
K13060	Carbohydrate metabolism
K13069	Carbohydrate metabolism
K13075	Carbohydrate metabolism
K13252	Carbohydrate metabolism
K13255	Transport
K13256	Other
K13283	Transport
K13288	Carbohydrate metabolism
K13292	Carbohydrate metabolism
K13301	Transport
K13378	Energy/central carbon
K13408	Transport
K13409	Transport
K13472	Carbohydrate metabolism
K13481	Carbohydrate metabolism
K13482	Carbohydrate metabolism
K13483	Transport
K13485	Energy/central carbon
K13497	Tryptophan metabolism
K13498	Tryptophan metabolism
K13503	Tryptophan metabolism
K13529	Transcriptional regulation
K13530	Transcriptional regulation
K13531	Amino acid metabolism
K13541	Carbohydrate metabolism
K13542	Carbohydrate metabolism
K13543	Carbohydrate metabolism
K13566	Carbohydrate metabolism
K13581	DNA replication/repair/maintenance
K13582	Other
K13583	Cell envelope/biogenesis
K13584	Signal transduction
K13598	Signal transduction
K13599	Transcriptional regulation
K13613	Secondary metabolism
K13620	DNA replication/repair/maintenance
K13628	Other
K13629	Transport
K13630	Transport
K13631	Transcriptional regulation
K13632	Transcriptional regulation
K13634	Transcriptional regulation
K13635	Transcriptional regulation
K13636	Transcriptional regulation
K13638	Transcriptional regulation
K13639	Transcriptional regulation
K13641	Transcriptional regulation
K13650	Motility/adhesion
K13652	Transcriptional regulation
K13653	Transcriptional regulation
K13654	Transcriptional regulation
K13657	Carbohydrate metabolism
K13659	Other
K13662	DNA replication/repair/maintenance
K13677	Carbohydrate metabolism
K13678	Carbohydrate metabolism
K13683	Carbohydrate metabolism
K13684	Carbohydrate metabolism
K13688	Carbohydrate metabolism
K13694	Carbohydrate metabolism
K13695	Transport
K13713	Carbohydrate metabolism
K13714	Carbohydrate metabolism
K13727	Energy/central carbon
K13730	DNA replication/repair/maintenance
K13731	DNA replication/repair/maintenance
K13735	Motility/adhesion
K13745	Energy/central carbon
K13771	Transcriptional regulation
K13788	SCFA fermentation
K13789	Carbohydrate metabolism
K13810	Energy/central carbon
K13816	Other
K13821	Amino acid metabolism
K13829	Tryptophan metabolism
K13832	Tryptophan metabolism
K13854	Antibiotic resistance/efflux
K13877	Other
K13888	Antibiotic resistance/efflux
K13889	Transport
K13890	Transport
K13891	Transport
K13892	Transport
K13893	Transport
K13894	Transport
K13895	Transport
K13896	Transport
K13918	Energy/central carbon
K13919	Energy/central carbon
K13920	Energy/central carbon
K13921	Energy/central carbon
K13922	Energy/central carbon
K13923	Carbohydrate metabolism
K13926	Translation/ribosome
K13927	Carbohydrate metabolism
K13928	Transcriptional regulation
K13929	Carbohydrate metabolism
K13930	Carbohydrate metabolism
K13931	Energy/central carbon
K13932	Energy/central carbon
K13933	Energy/central carbon
K13934	Carbohydrate metabolism
K13935	Carbohydrate metabolism
K13936	Energy/central carbon
K13938	Translation/ribosome
K13940	Energy/central carbon
K13950	Translation/ribosome
K13953	Energy/central carbon
K13954	Energy/central carbon
K13979	Cofactors/vitamins
K13993	RNA processing/degradation
K14048	Other
K14051	Nucleotide metabolism
K14052	Transport
K14053	Transport
K14054	Amino acid metabolism
K14055	Transcriptional regulation
K14056	Transcriptional regulation
K14057	Transcriptional regulation
K14058	Translation/ribosome
K14059	Mobilome
K14060	Viral processes
K14061	Transcriptional regulation
K14062	Transport
K14063	Transcriptional regulation
K14064	Transcriptional regulation
K14088	Other
K14090	Other
K14153	Carbohydrate metabolism
K14155	Amino acid metabolism
K14159	DNA replication/repair/maintenance
K14160	Other
K14170	Tryptophan metabolism
K14187	Tryptophan metabolism
K14188	Amino acid metabolism
K14189	Other
K14192	Other
K14193	Energy/central carbon
K14194	Amino acid metabolism
K14205	Carbohydrate metabolism
K14257	Antibiotic resistance/efflux
K14260	Amino acid metabolism
K14261	Amino acid metabolism
K14268	Synaptic pathways
K14274	Carbohydrate metabolism
K14287	Amino acid metabolism
K14347	Transport
K14348	Transcriptional regulation
K14392	Transport
K14393	Transport
K14394	Carbohydrate metabolism
K14441	Translation/ribosome
K14445	Transport
K14540	Translation/ribosome
K14588	Other
K14591	Other
K14645	Protein folding/quality control
K14652	Energy/central carbon
K14665	Other
K14681	Carbohydrate metabolism
K14682	Carbohydrate metabolism
K14731	Carbohydrate metabolism
K14742	RNA processing/degradation
K14744	Cell envelope/biogenesis
K14761	Defense systems
K14762	Defense systems
K14977	Other
K14979	Signal transduction
K14980	Signal transduction
K14981	Signal transduction
K14982	Signal transduction
K14983	Signal transduction
K15011	Signal transduction
K15024	Carbohydrate metabolism
K15034	Defense systems
K15051	DNA replication/repair/maintenance
K15125	Other
K15228	Translation/ribosome
K15229	Translation/ribosome
K15256	Translation/ribosome
K15257	Translation/ribosome
K15268	Antibiotic resistance/efflux
K15269	Transport
K15270	Transport
K15314	Secondary metabolism
K15327	Secondary metabolism
K15329	Secondary metabolism
K15342	Defense systems
K15372	Amino acid metabolism
K15460	RNA processing/degradation
K15461	Translation/ribosome
K15515	Other
K15524	Carbohydrate metabolism
K15531	DNA replication/repair/maintenance
K15532	Carbohydrate metabolism
K15533	Carbohydrate metabolism
K15536	Cofactors/vitamins
K15539	Cell envelope/biogenesis
K15540	Protein folding/quality control
K15545	Transcriptional regulation
K15547	Antibiotic resistance/efflux
K15548	Antibiotic resistance/efflux
K15549	Antibiotic resistance/efflux
K15551	Transport
K15552	Transport
K15553	Transport
K15554	Transport
K15555	Transport
K15576	Transport
K15577	Transport
K15578	Antibiotic resistance/efflux
K15580	Transport
K15581	Transport
K15582	Transport
K15583	Transport
K15587	Transport
K15598	Transport
K15599	Transport
K15600	Transport
K15629	Energy/central carbon
K15633	Energy/central carbon
K15634	Energy/central carbon
K15640	Other
K15722	Cell envelope/biogenesis
K15724	Other
K15725	Antibiotic resistance/efflux
K15726	Antibiotic resistance/efflux
K15727	Antibiotic resistance/efflux
K15738	Transport
K15770	Transport
K15771	Transport
K15772	Transport
K15773	Transcriptional regulation
K15777	Synaptic pathways
K15778	Energy/central carbon
K15780	Translation/ribosome
K15827	SCFA fermentation
K15828	SCFA fermentation
K15829	SCFA fermentation
K15830	SCFA fermentation
K15831	SCFA fermentation
K15832	SCFA fermentation
K15833	Transcriptional regulation
K15834	Translation/ribosome
K15836	Transcriptional regulation
K15852	Transcriptional regulation
K15856	Carbohydrate metabolism
K15861	Transcriptional regulation
K15866	Energy/central carbon
K15918	Carbohydrate metabolism
K15921	Other
K15922	Other
K15923	Other
K15924	Carbohydrate metabolism
K15974	Transcriptional regulation
K15975	Other
K15977	Energy/central carbon
K15984	RNA processing/degradation
K15986	Carbohydrate metabolism
K16011	Carbohydrate metabolism
K16012	Transport
K16013	Transport
K16044	Energy/central carbon
K16052	Transport
K16053	Transport
K16066	Energy/central carbon
K16074	Transport
K16076	Transport
K16087	Transport
K16088	Transport
K16089	Transport
K16090	Signal transduction
K16091	Transport
K16092	Transport
K16136	Transcriptional regulation
K16137	Antibiotic resistance/efflux
K16139	Carbohydrate metabolism
K16150	Carbohydrate metabolism
K16164	Carbohydrate metabolism
K16165	Other
K16169	Transport
K16209	Transport
K16210	Transport
K16211	Transport
K16214	Cell envelope/biogenesis
K16235	Transport
K16236	Transport
K16238	Transport
K16263	Antibiotic resistance/efflux
K16264	Antibiotic resistance/efflux
K16291	Other
K16301	Energy/central carbon
K16321	Transport
K16322	Transport
K16323	Transport
K16326	Transcriptional regulation
K16328	Carbohydrate metabolism
K16345	Transport
K16347	Other
K16348	Other
K16370	Carbohydrate metabolism
K16371	Energy/central carbon
K16509	RNA processing/degradation
K16511	Other
K16554	Transport
K16555	Other
K16649	Other
K16651	Amino acid metabolism
K16692	Tryptophan metabolism
K16693	Cell envelope/biogenesis
K16695	Cell envelope/biogenesis
K16701	Carbohydrate metabolism
K16703	Carbohydrate metabolism
K16704	Carbohydrate metabolism
K16710	Carbohydrate metabolism
K16711	Other
K16785	Transport
K16786	Transport
K16787	Transport
K16788	Cofactors/vitamins
K16789	Transport
K16841	Amino acid metabolism
K16842	Other
K16869	Carbohydrate metabolism
K16874	Other
K16898	Energy/central carbon
K16899	Energy/central carbon
K16901	Tryptophan metabolism
K16919	Transport
K16921	Transport
K16922	Transport
K16923	Transport
K16924	Transport
K16925	Transport
K16927	Transport
K16937	Cofactors/vitamins
K16957	Transport
K16958	Transport
K16959	Transport
K16960	Transport
K16961	Transport
K16962	Transport
K16963	Transport
K17073	Transport
K17074	Transport
K17076	Transport
K17103	Carbohydrate metabolism
K17204	Transport
K17205	Transport
K17208	Transport
K17209	Transport
K17210	Transport
K17213	Transport
K17216	Amino acid metabolism
K17217	Energy/central carbon
K17218	Energy/central carbon
K17237	Transport
K17240	Transport
K17242	Transport
K17247	Amino acid metabolism
K17318	Transport
K17319	Transport
K17320	Transport
K17463	Energy/central carbon
K17464	Carbohydrate metabolism
K17624	Carbohydrate metabolism
K17675	DNA replication/repair/maintenance
K17680	Other
K17686	Transport
K17713	Cell envelope/biogenesis
K17722	Cofactors/vitamins
K17723	Cofactors/vitamins
K17733	Cell envelope/biogenesis
K17736	Transcriptional regulation
K17737	Transcriptional regulation
K17758	Cofactors/vitamins
K17759	Cofactors/vitamins
K17810	Amino acid metabolism
K17828	Cofactors/vitamins
K17836	Antibiotic resistance/efflux
K17850	Transcriptional regulation
K17869	Energy/central carbon
K17884	Other
K17938	Transport
K17947	Energy/central carbon
K18009	Energy/central carbon
K18093	Transport
K18104	Transport
K18118	Carbohydrate metabolism
K18138	Antibiotic resistance/efflux
K18139	Antibiotic resistance/efflux
K18140	Transcriptional regulation
K18141	Antibiotic resistance/efflux
K18142	Antibiotic resistance/efflux
K18143	Signal transduction
K18144	Signal transduction
K18146	Antibiotic resistance/efflux
K18149	Cell envelope/biogenesis
K18199	Energy/central carbon
K18217	Antibiotic resistance/efflux
K18231	Transport
K18234	Carbohydrate metabolism
K18244	Cofactors/vitamins
K18248	Tryptophan metabolism
K18298	Antibiotic resistance/efflux
K18299	Antibiotic resistance/efflux
K18301	Transcriptional regulation
K18303	Antibiotic resistance/efflux
K18324	Antibiotic resistance/efflux
K18325	Transcriptional regulation
K18326	Antibiotic resistance/efflux
K18347	Transport
K18445	Carbohydrate metabolism
K18446	Other
K18447	Carbohydrate metabolism
K18456	Carbohydrate metabolism
K18476	Antibiotic resistance/efflux
K18478	Other
K18479	Energy/central carbon
K18531	Transcriptional regulation
K18552	Antibiotic resistance/efflux
K18567	Antibiotic resistance/efflux
K18581	Carbohydrate metabolism
K18587	Cofactors/vitamins
K18588	Cofactors/vitamins
K18590	Antibiotic resistance/efflux
K18640	Cell envelope/biogenesis
K18649	Carbohydrate metabolism
K18650	Carbohydrate metabolism
K18652	Energy/central carbon
K18657	Cell envelope/biogenesis
K18672	Carbohydrate metabolism
K18682	Carbohydrate metabolism
K18691	Cell envelope/biogenesis
K18692	Energy/central carbon
K18702	Carbohydrate metabolism
K18704	Cell envelope/biogenesis
K18754	Other
K18765	RNA processing/degradation
K18770	Cell envelope/biogenesis
K18778	Cell envelope/biogenesis
K18783	Carbohydrate metabolism
K18800	Other
K18815	Carbohydrate metabolism
K18816	Carbohydrate metabolism
K18821	Carbohydrate metabolism
K18829	Defense systems
K18831	Transcriptional regulation
K18837	Defense systems
K18841	RNA processing/degradation
K18842	Defense systems
K18843	Defense systems
K18850	Translation/ribosome
K18887	Antibiotic resistance/efflux
K18888	Antibiotic resistance/efflux
K18889	Antibiotic resistance/efflux
K18890	Antibiotic resistance/efflux
K18891	Antibiotic resistance/efflux
K18892	Antibiotic resistance/efflux
K18900	Transcriptional regulation
K18906	Transcriptional regulation
K18907	Transcriptional regulation
K18908	Antibiotic resistance/efflux
K18909	Transcriptional regulation
K18910	Energy/central carbon
K18916	Transport
K18918	Transcriptional regulation
K18919	Other
K18920	Other
K18921	Other
K18923	Defense systems
K18924	Antibiotic resistance/efflux
K18925	Antibiotic resistance/efflux
K18926	Antibiotic resistance/efflux
K18928	SCFA fermentation
K18929	SCFA fermentation
K18934	Antibiotic resistance/efflux
K18935	Antibiotic resistance/efflux
K18939	Antibiotic resistance/efflux
K18940	Signal transduction
K18967	Carbohydrate metabolism
K18968	Carbohydrate metabolism
K18979	Other
K18980	Other
K18988	Amino acid metabolism
K18997	Protein folding/quality control
K19000	Transcriptional regulation
K19002	Carbohydrate metabolism
K19005	Carbohydrate metabolism
K19046	Defense systems
K19047	Antibiotic resistance/efflux
K19048	Other
K19055	RNA processing/degradation
K19083	Transport
K19084	Transport
K19100	Antibiotic resistance/efflux
K19101	Antibiotic resistance/efflux
K19115	Defense systems
K19117	Defense systems
K19118	Defense systems
K19119	Defense systems
K19123	Defense systems
K19124	Defense systems
K19125	Defense systems
K19126	Defense systems
K19127	Defense systems
K19128	Defense systems
K19129	Defense systems
K19130	Defense systems
K19157	RNA processing/degradation
K19158	Defense systems
K19159	Defense systems
K19162	Protein folding/quality control
K19163	Defense systems
K19164	Defense systems
K19166	RNA processing/degradation
K19167	Other
K19168	Defense systems
K19181	Carbohydrate metabolism
K19190	Energy/central carbon
K19215	Antibiotic resistance/efflux
K19220	Cell envelope/biogenesis
K19221	Carbohydrate metabolism
K19222	Energy/central carbon
K19223	Cell envelope/biogenesis
K19224	Cell envelope/biogenesis
K19225	Protein folding/quality control
K19226	Transport
K19227	Transport
K19228	Transport
K19229	Transport
K19230	Transport
K19234	Other
K19235	Other
K19236	Other
K19265	Energy/central carbon
K19267	Cofactors/vitamins
K19270	Carbohydrate metabolism
K19271	Carbohydrate metabolism
K19285	Cofactors/vitamins
K19286	Cofactors/vitamins
K19294	Carbohydrate metabolism
K19302	Carbohydrate metabolism
K19304	Cell envelope/biogenesis
K19309	Transport
K19333	Transcriptional regulation
K19334	Motility/adhesion
K19336	Energy/central carbon
K19337	Transcriptional regulation
K19338	Transcriptional regulation
K19340	RNA processing/degradation
K19349	Transport
K19350	Transport
K19353	Other
K19354	Other
K19416	Protein folding/quality control
K19422	Carbohydrate metabolism
K19424	Carbohydrate metabolism
K19426	Carbohydrate metabolism
K19428	Carbohydrate metabolism
K19504	Carbohydrate metabolism
K19505	Transcriptional regulation
K19507	Carbohydrate metabolism
K19508	Transport
K19509	Transport
K19510	Carbohydrate metabolism
K19519	Other
K19563	Amino acid metabolism
K19576	Antibiotic resistance/efflux
K19577	Antibiotic resistance/efflux
K19585	Antibiotic resistance/efflux
K19586	Antibiotic resistance/efflux
K19591	Transcriptional regulation
K19610	Signal transduction
K19611	Transcriptional regulation
K19615	Defense systems
K19633	Transport
K19666	Transcriptional regulation
K19688	Motility/adhesion
K19689	Carbohydrate metabolism
K19696	Carbohydrate metabolism
K19707	Transcriptional regulation
K19732	Transcriptional regulation
K19733	Transcriptional regulation
K19734	Transcriptional regulation
K19743	Energy/central carbon
K19745	Cofactors/vitamins
K19775	Transcriptional regulation
K19776	Transcriptional regulation
K19784	Energy/central carbon
K19789	DNA replication/repair/maintenance
K19802	Amino acid metabolism
K19803	Carbohydrate metabolism
K19804	Cell envelope/biogenesis
K19810	Amino acid metabolism
K19813	Energy/central carbon
K19837	Other
K19965	Carbohydrate metabolism
K19971	Transport
K19972	Transport
K19973	Transport
K19975	Transport
K19976	Transport
K20073	Cell envelope/biogenesis
K20074	Carbohydrate metabolism
K20108	Carbohydrate metabolism
K20112	Carbohydrate metabolism
K20113	Carbohydrate metabolism
K20114	Carbohydrate metabolism
K20118	Carbohydrate metabolism
K20249	Carbohydrate metabolism
K20256	Cofactors/vitamins
K20263	Signal transduction
K20265	Synaptic pathways
K20266	Transport
K20276	Other
K20306	Signal transduction
K20319	Antibiotic resistance/efflux
K20320	Antibiotic resistance/efflux
K20344	Transport
K20345	Transport
K20373	Transcriptional regulation
K20374	Transcriptional regulation
K20375	Transcriptional regulation
K20379	Transport
K20391	Transcriptional regulation
K20421	Carbohydrate metabolism
K20444	Energy/central carbon
K20459	Transport
K20480	Transcriptional regulation
K20485	Transport
K20487	Signal transduction
K20488	Signal transduction
K20490	Transport
K20527	Transport
K20528	Transport
K20529	Transport
K20530	Transport
K20531	Transport
K20532	Transport
K20533	Transport
K20534	Carbohydrate metabolism
K20539	Transcriptional regulation
K20541	Carbohydrate metabolism
K20542	Other
K20543	Carbohydrate metabolism
K20707	Amino acid metabolism
K20708	Amino acid metabolism
K20742	Amino acid metabolism
K20765	Other
K20801	Energy/central carbon
K20811	Other
K20861	Cofactors/vitamins
K20862	Carbohydrate metabolism
K20866	Carbohydrate metabolism
K20881	Carbohydrate metabolism
K20885	Carbohydrate metabolism
K20918	Transcriptional regulation
K20945	Tryptophan metabolism
K20956	Carbohydrate metabolism
K20997	Transport
K20999	Transport
K21002	Transport
K21020	Carbohydrate metabolism
K21021	Carbohydrate metabolism
K21023	Carbohydrate metabolism
K21028	Cofactors/vitamins
K21029	Cofactors/vitamins
K21030	Carbohydrate metabolism
K21053	Amino acid metabolism
K21060	Other
K21062	Energy/central carbon
K21064	Carbohydrate metabolism
K21084	Carbohydrate metabolism
K21085	Carbohydrate metabolism
K21086	Nucleotide metabolism
K21087	Motility/adhesion
K21088	Carbohydrate metabolism
K21089	Transcriptional regulation
K21090	Nucleotide metabolism
K21135	Antibiotic resistance/efflux
K21142	Carbohydrate metabolism
K21147	Carbohydrate metabolism
K21275	Carbohydrate metabolism
K21285	Cell envelope/biogenesis
K21298	Carbohydrate metabolism
K21324	SCFA fermentation
K21344	Other
K21355	Carbohydrate metabolism
K21405	Transcriptional regulation
K21416	Energy/central carbon
K21417	Energy/central carbon
K21420	Translation/ribosome
K21430	Carbohydrate metabolism
K21449	Motility/adhesion
K21463	Defense systems
K21465	Cell envelope/biogenesis
K21466	Cell envelope/biogenesis
K21467	Cell envelope/biogenesis
K21470	Other
K21471	Cell envelope/biogenesis
K21478	Carbohydrate metabolism
K21481	Cofactors/vitamins
K21498	Defense systems
K21562	Transcriptional regulation
K21567	Transcriptional regulation
K21575	Carbohydrate metabolism
K21592	Cell envelope/biogenesis
K21600	Transcriptional regulation
K21613	Carbohydrate metabolism
K21619	Energy/central carbon
K21636	SCFA fermentation
K21677	Other
K21678	Carbohydrate metabolism
K21679	Other
K21680	Energy/central carbon
K21686	Transcriptional regulation
K21687	Translation/ribosome
K21688	Translation/ribosome
K21691	Translation/ribosome
K21695	Other
K21698	Transcriptional regulation
K21699	Transcriptional regulation
K21712	Carbohydrate metabolism
K21713	Energy/central carbon
K21739	Nucleotide metabolism
K21745	Transcriptional regulation
K21757	Transcriptional regulation
K21759	Energy/central carbon
K21828	Transcriptional regulation
K21886	Transcriptional regulation
K21900	Transcriptional regulation
K21903	Transcriptional regulation
K21910	Energy/central carbon
K21911	Energy/central carbon
K21929	DNA replication/repair/maintenance
K21972	Transcriptional regulation
K21973	Transcriptional regulation
K21974	Transcriptional regulation
K21975	Transcriptional regulation
K21976	Antibiotic resistance/efflux
K21977	Amino acid metabolism
K21990	Antibiotic resistance/efflux
K21993	Transport
K22003	Energy/central carbon
K22010	Signal transduction
K22015	Cofactors/vitamins
K22024	Carbohydrate metabolism
K22027	Tryptophan metabolism
K22041	Antibiotic resistance/efflux
K22043	Transcriptional regulation
K22044	Transport
K22051	Transport
K22066	Other
K22067	Signal transduction
K22071	Transcriptional regulation
K22073	Other
K22084	Other
K22085	Other
K22086	Other
K22103	Transcriptional regulation
K22105	Antibiotic resistance/efflux
K22106	Transcriptional regulation
K22110	Transport
K22129	Energy/central carbon
K22130	Energy/central carbon
K22132	RNA processing/degradation
K22212	Energy/central carbon
K22213	Energy/central carbon
K22229	Other
K22230	Energy/central carbon
K22252	Carbohydrate metabolism
K22278	Cell envelope/biogenesis
K22293	Transcriptional regulation
K22296	Transcriptional regulation
K22298	Transcriptional regulation
K22299	Transcriptional regulation
K22302	Transcriptional regulation
K22305	Carbohydrate metabolism
K22325	Other
K22330	Tryptophan metabolism
K22373	SCFA fermentation
K22393	Cofactors/vitamins
K22394	Cofactors/vitamins
K22396	Energy/central carbon
K22397	Energy/central carbon
K22409	Amino acid metabolism
K22432	Energy/central carbon
K22441	Carbohydrate metabolism
K22445	Amino acid metabolism
K22457	Carbohydrate metabolism
K22468	Carbohydrate metabolism
K22473	Cofactors/vitamins
K22474	Cofactors/vitamins
K22477	Transport
K22478	Carbohydrate metabolism
K22479	Carbohydrate metabolism
K22489	Transcriptional regulation
K22491	Transcriptional regulation
K00007	Energy/central carbon
K00021	Cofactors/vitamins
K00023	Cofactors/vitamins
K00028	Energy/central carbon
K00035	Energy/central carbon
K00039	Energy/central carbon
K00048	Cofactors/vitamins
K00050	Other
K00064	Energy/central carbon
K00066	Energy/central carbon
K00076	Energy/central carbon
K00078	Energy/central carbon
K00082	Cofactors/vitamins
K00100	Energy/central carbon
K00103	Cofactors/vitamins
K00118	Energy/central carbon
K00126	SCFA fermentation
K00129	Cofactors/vitamins
K00132	Energy/central carbon
K00137	Energy/central carbon
K00141	Cofactors/vitamins
K00151	Energy/central carbon
K00153	Energy/central carbon
K00172	Energy/central carbon
K00174	Energy/central carbon
K00175	Energy/central carbon
K00176	Energy/central carbon
K00177	Energy/central carbon
K00179	Energy/central carbon
K00180	Energy/central carbon
K00194	Energy/central carbon
K00198	Cofactors/vitamins
K00200	Energy/central carbon
K00201	Energy/central carbon
K00202	Energy/central carbon
K00210	Other
K00211	Tryptophan metabolism
K00217	Energy/central carbon
K00219	Cofactors/vitamins
K00221	Energy/central carbon
K00227	Carbohydrate metabolism
K00231	Cofactors/vitamins
K00232	Lipid metabolism
K00252	Energy/central carbon
K00253	Energy/central carbon
K00255	Lipid metabolism
K00256	Other
K00257	Energy/central carbon
K00260	Synaptic pathways
K00261	Cofactors/vitamins
K00263	Energy/central carbon
K00270	Tryptophan metabolism
K00271	Cofactors/vitamins
K00273	Energy/central carbon
K00282	Amino acid metabolism
K00290	Cofactors/vitamins
K00293	Energy/central carbon
K00294	Energy/central carbon
K00302	Cofactors/vitamins
K00303	Cofactors/vitamins
K00306	Cofactors/vitamins
K00313	Energy/central carbon
K00315	Energy/central carbon
K00317	Energy/central carbon
K00318	Energy/central carbon
K00320	Cofactors/vitamins
K00329	Other
K00351	Cofactors/vitamins
K00356	Other
K00360	Cofactors/vitamins
K00365	Cofactors/vitamins
K00367	Cofactors/vitamins
K00368	Cofactors/vitamins
K00376	Amino acid metabolism
K00385	Cofactors/vitamins
K00387	Cofactors/vitamins
K00392	Cofactors/vitamins
K00394	Cofactors/vitamins
K00395	Cofactors/vitamins
K00404	Cofactors/vitamins
K00405	Cofactors/vitamins
K00406	Cofactors/vitamins
K00407	Cofactors/vitamins
K00422	Energy/central carbon
K00441	Cofactors/vitamins
K00446	Energy/central carbon
K00448	Energy/central carbon
K00449	Energy/central carbon
K00450	Energy/central carbon
K00451	Energy/central carbon
K00452	Energy/central carbon
K00453	Tryptophan metabolism
K00455	Energy/central carbon
K00456	Amino acid metabolism
K00457	Energy/central carbon
K00463	Energy/central carbon
K00466	Tryptophan metabolism
K00469	Energy/central carbon
K00471	Energy/central carbon
K00472	Energy/central carbon
K00477	Carbohydrate metabolism
K00479	Amino acid metabolism
K00480	Other
K00481	SCFA fermentation
K00486	Tryptophan metabolism
K00491	Amino acid metabolism
K00493	Cofactors/vitamins
K00496	Cofactors/vitamins
K00499	Cofactors/vitamins
K00500	Tryptophan metabolism
K00505	Tryptophan metabolism
K00507	Carbohydrate metabolism
K00508	Energy/central carbon
K00510	Cofactors/vitamins
K00517	Other
K00518	Energy/central carbon
K00529	Energy/central carbon
K00532	Cofactors/vitamins
K00561	RNA processing/degradation
K00587	RNA processing/degradation
K00594	Cofactors/vitamins
K00603	DNA replication/repair/maintenance
K00612	Amino acid metabolism
K00613	Amino acid metabolism
K00619	Carbohydrate metabolism
K00621	Carbohydrate metabolism
K00624	Carbohydrate metabolism
K00635	Lipid metabolism
K00646	Energy/central carbon
K00663	Carbohydrate metabolism
K00672	Carbohydrate metabolism
K00680	Carbohydrate metabolism
K00683	Amino acid metabolism
K00685	Translation/ribosome
K00686	Other
K00693	Carbohydrate metabolism
K00696	Tryptophan metabolism
K00713	Cell envelope/biogenesis
K00729	Carbohydrate metabolism
K00752	Carbohydrate metabolism
K00785	Carbohydrate metabolism
K00803	Carbohydrate metabolism
K00808	Carbohydrate metabolism
K00809	Carbohydrate metabolism
K00818	Carbohydrate metabolism
K00819	Amino acid metabolism
K00842	Other
K00844	Carbohydrate metabolism
K00856	Carbohydrate metabolism
K00862	Carbohydrate metabolism
K00875	Carbohydrate metabolism
K00879	Carbohydrate metabolism
K00881	Carbohydrate metabolism
K00885	Carbohydrate metabolism
K00886	Nucleotide metabolism
K00895	Energy/central carbon
K00897	Translation/ribosome
K00903	Tryptophan metabolism
K00918	Protein folding/quality control
K00924	Signal transduction
K00960	Transcriptional regulation
K00966	Carbohydrate metabolism
K00972	Cell envelope/biogenesis
K00978	Carbohydrate metabolism
K00983	Carbohydrate metabolism
K00996	Carbohydrate metabolism
K01003	Energy/central carbon
K01004	Carbohydrate metabolism
K01014	Lipid metabolism
K01027	Carbohydrate metabolism
K01028	Energy/central carbon
K01031	Carbohydrate metabolism
K01032	Carbohydrate metabolism
K01034	SCFA fermentation
K01035	SCFA fermentation
K01039	Energy/central carbon
K01040	Energy/central carbon
K01046	Carbohydrate metabolism
K01055	Carbohydrate metabolism
K01060	Energy/central carbon
K01078	Signal transduction
K01083	Carbohydrate metabolism
K01086	Carbohydrate metabolism
K01115	Carbohydrate metabolism
K01117	Nucleotide metabolism
K01130	Carbohydrate metabolism
K01134	Carbohydrate metabolism
K01137	Carbohydrate metabolism
K01138	Carbohydrate metabolism
K01143	Mobilome
K01144	Other
K01160	Carbohydrate metabolism
K01163	Other
K01167	Translation/ribosome
K01174	DNA replication/repair/maintenance
K01184	Carbohydrate metabolism
K01186	Carbohydrate metabolism
K01192	Carbohydrate metabolism
K01205	Carbohydrate metabolism
K01216	Carbohydrate metabolism
K01218	Carbohydrate metabolism
K01219	Carbohydrate metabolism
K01230	Carbohydrate metabolism
K01238	Antibiotic resistance/efflux
K01240	Nucleotide metabolism
K01253	Carbohydrate metabolism
K01263	Other
K01264	Carbohydrate metabolism
K01267	Carbohydrate metabolism
K01277	Protein folding/quality control
K01283	Carbohydrate metabolism
K01301	Carbohydrate metabolism
K01308	Protein folding/quality control
K01312	Carbohydrate metabolism
K01342	Carbohydrate metabolism
K01343	Transcriptional regulation
K01355	Energy/central carbon
K01387	Energy/central carbon
K01389	Energy/central carbon
K01390	Amino acid metabolism
K01392	Energy/central carbon
K01399	Energy/central carbon
K01400	Energy/central carbon
K01401	Energy/central carbon
K01415	Defense systems
K01416	Synaptic pathways
K01432	Carbohydrate metabolism
K01446	Cell envelope/biogenesis
K01449	Cell envelope/biogenesis
K01453	Energy/central carbon
K01455	Energy/central carbon
K01459	Amino acid metabolism
K01469	Protein folding/quality control
K01477	Carbohydrate metabolism
K01482	Carbohydrate metabolism
K01483	Energy/central carbon
K01492	Carbohydrate metabolism
K01499	Carbohydrate metabolism
K01501	Carbohydrate metabolism
K01505	Carbohydrate metabolism
K01545	Cofactors/vitamins
K01555	Synaptic pathways
K01556	Tryptophan metabolism
K01561	Carbohydrate metabolism
K01565	Carbohydrate metabolism
K01567	Cell envelope/biogenesis
K01572	Other
K01573	Energy/central carbon
K01578	Secondary metabolism
K01593	Tryptophan metabolism
K01596	Carbohydrate metabolism
K01601	Translation/ribosome
K01602	Translation/ribosome
K01608	Energy/central carbon
K01615	Energy/central carbon
K01616	Energy/central carbon
K01617	Energy/central carbon
K01640	Carbohydrate metabolism
K01654	Carbohydrate metabolism
K01655	Carbohydrate metabolism
K01666	Energy/central carbon
K01667	Energy/central carbon
K01668	Tryptophan metabolism
K01677	Energy/central carbon
K01678	Energy/central carbon
K01702	Energy/central carbon
K01707	Energy/central carbon
K01709	Energy/central carbon
K01713	Tryptophan metabolism
K01721	Energy/central carbon
K01724	Energy/central carbon
K01725	Energy/central carbon
K01728	Energy/central carbon
K01729	Carbohydrate metabolism
K01730	Energy/central carbon
K01732	Amino acid metabolism
K01746	Amino acid metabolism
K01761	Amino acid metabolism
K01771	Carbohydrate metabolism
K01781	Antibiotic resistance/efflux
K01787	Energy/central carbon
K01795	Energy/central carbon
K01796	Carbohydrate metabolism
K01799	Energy/central carbon
K01800	Energy/central carbon
K01801	Energy/central carbon
K01816	Energy/central carbon
K01820	Energy/central carbon
K01822	Energy/central carbon
K01826	Energy/central carbon
K01841	Carbohydrate metabolism
K01844	Carbohydrate metabolism
K01846	DNA replication/repair/maintenance
K01847	Carbohydrate metabolism
K01848	Energy/central carbon
K01849	Energy/central carbon
K01858	Tryptophan metabolism
K01860	Amino acid metabolism
K01865	Carbohydrate metabolism
K01880	Translation/ribosome
K01884	Translation/ribosome
K01903	Translation/ribosome
K01904	DNA replication/repair/maintenance
K01905	DNA replication/repair/maintenance
K01906	DNA replication/repair/maintenance
K01907	Translation/ribosome
K01922	DNA replication/repair/maintenance
K01959	Energy/central carbon
K01960	Energy/central carbon
K01965	Energy/central carbon
K01966	Cofactors/vitamins
K01968	Energy/central carbon
K01969	Cofactors/vitamins
K01974	Carbohydrate metabolism
K01994	Transcriptional regulation
K02079	Carbohydrate metabolism
K02080	Energy/central carbon
K02101	Signal transduction
K02106	Transport
K02107	Cofactors/vitamins
K02117	Cofactors/vitamins
K02118	Cofactors/vitamins
K02119	Cofactors/vitamins
K02120	Cofactors/vitamins
K02121	Cofactors/vitamins
K02122	Cofactors/vitamins
K02123	Cofactors/vitamins
K02124	Cofactors/vitamins
K02128	Cofactors/vitamins
K02164	Amino acid metabolism
K02172	Other
K02173	Tryptophan metabolism
K02196	Cofactors/vitamins
K02203	Carbohydrate metabolism
K02228	Carbohydrate metabolism
K02239	Mobilome
K02241	Mobilome
K02247	Mobilome
K02249	Mobilome
K02250	Mobilome
K02251	Mobilome
K02253	Mobilome
K02254	Mobilome
K02258	Motility/adhesion
K02278	Protein folding/quality control
K02279	Motility/adhesion
K02280	Motility/adhesion
K02281	Motility/adhesion
K02282	Motility/adhesion
K02283	Motility/adhesion
K02305	Amino acid metabolism
K02347	DNA replication/repair/maintenance
K02351	Other
K02352	Carbohydrate metabolism
K02385	Motility/adhesion
K02404	Motility/adhesion
K02407	Defense systems
K02411	Motility/adhesion
K02413	Motility/adhesion
K02414	Motility/adhesion
K02418	Motility/adhesion
K02422	Protein folding/quality control
K02423	Motility/adhesion
K02428	Other
K02430	Transcriptional regulation
K02431	Carbohydrate metabolism
K02443	Transcriptional regulation
K02448	Amino acid metabolism
K02463	Other
K02465	Other
K02466	Transcriptional regulation
K02467	Energy/central carbon
K02468	Transcriptional regulation
K02473	Cell envelope/biogenesis
K02474	Energy/central carbon
K02480	Signal transduction
K02481	Signal transduction
K02487	Other
K02490	Signal transduction
K02491	Signal transduction
K02497	Carbohydrate metabolism
K02499	Other
K02545	Antibiotic resistance/efflux
K02546	Antibiotic resistance/efflux
K02547	Antibiotic resistance/efflux
K02550	Transport
K02554	Carbohydrate metabolism
K02567	Cofactors/vitamins
K02568	Cofactors/vitamins
K02569	Cofactors/vitamins
K02570	Cofactors/vitamins
K02571	Cofactors/vitamins
K02572	Other
K02573	Other
K02574	Other
K02584	Other
K02585	Other
K02586	Other
K02587	Cofactors/vitamins
K02588	Other
K02589	Other
K02590	Other
K02591	Other
K02592	Other
K02593	Other
K02594	Carbohydrate metabolism
K02595	Other
K02596	Other
K02597	Other
K02598	Transport
K02610	Energy/central carbon
K02611	Energy/central carbon
K02612	Energy/central carbon
K02613	Energy/central carbon
K02614	Lipid metabolism
K02615	Carbohydrate metabolism
K02623	Transcriptional regulation
K02624	Transcriptional regulation
K02636	Cofactors/vitamins
K02651	Transcriptional regulation
K02655	Motility/adhesion
K02656	Motility/adhesion
K02657	Signal transduction
K02658	Signal transduction
K02660	Motility/adhesion
K02661	Motility/adhesion
K02662	Motility/adhesion
K02663	Motility/adhesion
K02664	Motility/adhesion
K02665	Motility/adhesion
K02668	Signal transduction
K02670	Motility/adhesion
K02672	Motility/adhesion
K02673	Motility/adhesion
K02674	Motility/adhesion
K02676	Motility/adhesion
K02688	SCFA fermentation
K02749	Other
K02752	Other
K02756	Other
K02763	Other
K02764	Other
K02787	Other
K02790	Other
K02799	Other
K02802	Other
K02808	Other
K02809	Other
K02812	Transport
K02813	Transport
K02817	Other
K02818	Other
K02826	Cofactors/vitamins
K02827	Cofactors/vitamins
K02828	Cofactors/vitamins
K02829	Cofactors/vitamins
K02839	Translation/ribosome
K02848	Cell envelope/biogenesis
K02850	Carbohydrate metabolism
K02862	Other
K03090	Transcriptional regulation
K03126	Translation/ribosome
K03191	Transport
K03196	Transport
K03197	Transport
K03198	Transport
K03199	Transport
K03200	Transport
K03202	Transport
K03203	Transport
K03219	Other
K03220	Other
K03221	Other
K03222	Other
K03223	Other
K03224	Other
K03225	Other
K03226	Other
K03227	Other
K03228	Other
K03229	Other
K03230	Other
K03275	Cell envelope/biogenesis
K03276	Cell envelope/biogenesis
K03278	Cell envelope/biogenesis
K03279	Cell envelope/biogenesis
K03280	Cell envelope/biogenesis
K03290	Transport
K03301	Transport
K03304	Antibiotic resistance/efflux
K03308	Transport
K03318	Tryptophan metabolism
K03325	Transport
K03329	Drug metabolism/xenobiotics
K03333	Cofactors/vitamins
K03340	Energy/central carbon
K03343	Cofactors/vitamins
K03379	Cofactors/vitamins
K03380	Cofactors/vitamins
K03381	Carbohydrate metabolism
K03382	Carbohydrate metabolism
K03383	Drug metabolism/xenobiotics
K03385	Cofactors/vitamins
K03395	Carbohydrate metabolism
K03396	Carbohydrate metabolism
K03397	Translation/ribosome
K03403	Cofactors/vitamins
K03404	Cofactors/vitamins
K03405	Cofactors/vitamins
K03410	Signal transduction
K03414	Signal transduction
K03416	Energy/central carbon
K03418	Translation/ribosome
K03428	RNA processing/degradation
K03429	Carbohydrate metabolism
K03432	Energy/central carbon
K03433	Energy/central carbon
K03459	Transport
K03464	Energy/central carbon
K03480	Transcriptional regulation
K03518	Energy/central carbon
K03520	Energy/central carbon
K03532	Cofactors/vitamins
K03533	Protein folding/quality control
K03563	Transcriptional regulation
K03586	Cell envelope/biogenesis
K03600	Other
K03605	Protein folding/quality control
K03618	Other
K03620	Cofactors/vitamins
K03660	DNA replication/repair/maintenance
K03673	Other
K03683	Translation/ribosome
K03716	Energy/central carbon
K03727	DNA replication/repair/maintenance
K03755	Transcriptional regulation
K03765	Transcriptional regulation
K03791	Mobilome
K03794	Energy/central carbon
K03795	Energy/central carbon
K03804	Mobilome
K03805	Other
K03813	Transport
K03815	Other
K03821	DNA replication/repair/maintenance
K03822	Lipid metabolism
K03836	Tryptophan metabolism
K03851	Energy/central carbon
K03852	Carbohydrate metabolism
K03855	Other
K03862	Energy/central carbon
K03886	Cofactors/vitamins
K03887	Cofactors/vitamins
K03888	Cofactors/vitamins
K03889	Cofactors/vitamins
K03890	Cofactors/vitamins
K03891	Cofactors/vitamins
K03896	Energy/central carbon
K03918	Amino acid metabolism
K03921	Lipid metabolism
K03931	Carbohydrate metabolism
K03932	Amino acid metabolism
K03941	Other
K03972	Mobilome
K04013	Other
K04014	Other
K04015	Other
K04016	Other
K04017	SCFA fermentation
K04018	SCFA fermentation
K04020	Energy/central carbon
K04021	Energy/central carbon
K04022	SCFA fermentation
K04025	Lipid metabolism
K04033	Transcriptional regulation
K04034	Carbohydrate metabolism
K04035	Carbohydrate metabolism
K04037	Cofactors/vitamins
K04038	Cofactors/vitamins
K04039	Cofactors/vitamins
K04040	Carbohydrate metabolism
K04049	Other
K04050	Other
K04051	Other
K04052	Other
K04053	Other
K04054	Other
K04056	Other
K04057	Other
K04058	Other
K04059	Other
K04060	Other
K04061	Motility/adhesion
K04070	Energy/central carbon
K04073	Energy/central carbon
K04090	Energy/central carbon
K04093	Tryptophan metabolism
K04098	Energy/central carbon
K04099	Energy/central carbon
K04100	Tryptophan metabolism
K04101	Tryptophan metabolism
K04102	Energy/central carbon
K04110	DNA replication/repair/maintenance
K04116	DNA replication/repair/maintenance
K04127	Energy/central carbon
K04478	Carbohydrate metabolism
K04525	Amino acid metabolism
K04562	Motility/adhesion
K04712	SCFA fermentation
K04747	Amino acid metabolism
K04748	Amino acid metabolism
K04757	Signal transduction
K04766	Lipid metabolism
K04768	Lipid metabolism
K04769	Transcriptional regulation
K04780	DNA replication/repair/maintenance
K04781	Translation/ribosome
K04782	Energy/central carbon
K04783	DNA replication/repair/maintenance
K04784	Secondary metabolism
K04785	Translation/ribosome
K04786	Secondary metabolism
K04787	DNA replication/repair/maintenance
K04788	Translation/ribosome
K04835	Energy/central carbon
K04844	Other
K04954	Transport
K05020	Transport
K05245	Transport
K05281	Cofactors/vitamins
K05296	Energy/central carbon
K05301	Carbohydrate metabolism
K05303	RNA processing/degradation
K05341	Carbohydrate metabolism
K05351	Energy/central carbon
K05364	Cell envelope/biogenesis
K05373	Signal transduction
K05374	Translation/ribosome
K05516	DNA replication/repair/maintenance
K05518	Signal transduction
K05519	Transcriptional regulation
K05523	SCFA fermentation
K05525	Cofactors/vitamins
K05535	Carbohydrate metabolism
K05541	Translation/ribosome
K05549	Energy/central carbon
K05550	Energy/central carbon
K05551	Carbohydrate metabolism
K05552	Tryptophan metabolism
K05554	Carbohydrate metabolism
K05555	Carbohydrate metabolism
K05556	Carbohydrate metabolism
K05557	Transport
K05558	Other
K05559	Transport
K05560	Transport
K05561	Transport
K05562	Transport
K05563	Transport
K05564	Transport
K05565	Transport
K05566	Transport
K05567	Transport
K05569	Transport
K05570	Transport
K05571	Transport
K05576	Cofactors/vitamins
K05577	Cofactors/vitamins
K05596	Transport
K05597	Carbohydrate metabolism
K05599	Tryptophan metabolism
K05600	Tryptophan metabolism
K05602	Signal transduction
K05606	Energy/central carbon
K05607	Carbohydrate metabolism
K05692	Other
K05708	Energy/central carbon
K05709	Energy/central carbon
K05711	Energy/central carbon
K05713	Energy/central carbon
K05714	Energy/central carbon
K05715	Carbohydrate metabolism
K05739	Other
K05772	Transport
K05773	Transport
K05777	Transport
K05778	Transport
K05779	Transport
K05780	Energy/central carbon
K05784	Energy/central carbon
K05791	Antibiotic resistance/efflux
K05792	Antibiotic resistance/efflux
K05793	Antibiotic resistance/efflux
K05795	Antibiotic resistance/efflux
K05797	Energy/central carbon
K05818	Transcriptional regulation
K05824	Energy/central carbon
K05826	Lipid metabolism
K05827	DNA replication/repair/maintenance
K05828	Lipid metabolism
K05829	Transport
K05830	Lipid metabolism
K05831	Translation/ribosome
K05841	Carbohydrate metabolism
K05873	Nucleotide metabolism
K05880	Transcriptional regulation
K05886	Amino acid metabolism
K05887	Tryptophan metabolism
K05889	Cofactors/vitamins
K05898	Energy/central carbon
K05913	Energy/central carbon
K05917	Cofactors/vitamins
K05919	Cofactors/vitamins
K05953	Carbohydrate metabolism
K05962	Other
K05967	Other
K05973	Amino acid metabolism
K05977	Carbohydrate metabolism
K05979	Transport
K05991	Carbohydrate metabolism
K05992	Carbohydrate metabolism
K05994	Amino acid metabolism
K05996	Amino acid metabolism
K05998	Amino acid metabolism
K06001	Tryptophan metabolism
K06011	Defense systems
K06012	Protein folding/quality control
K06013	Cell envelope/biogenesis
K06015	Lipid metabolism
K06022	Other
K06033	Energy/central carbon
K06034	Signal transduction
K06046	DNA replication/repair/maintenance
K06049	Other
K06113	Carbohydrate metabolism
K06118	Carbohydrate metabolism
K06120	Translation/ribosome
K06121	Energy/central carbon
K06122	Energy/central carbon
K06132	Carbohydrate metabolism
K06134	Other
K06135	Other
K06146	Transcriptional regulation
K06157	Transport
K06190	Other
K06196	Defense systems
K06208	Tryptophan metabolism
K06215	Energy/central carbon
K06238	Carbohydrate metabolism
K06281	Translation/ribosome
K06282	Translation/ribosome
K06283	Transcriptional regulation
K06284	Transcriptional regulation
K06285	Tryptophan metabolism
K06288	Other
K06289	Other
K06290	Other
K06291	Other
K06292	Other
K06293	Other
K06294	Other
K06295	Other
K06296	Other
K06297	Other
K06298	Other
K06299	Other
K06300	Other
K06301	Other
K06302	Other
K06303	Other
K06304	Other
K06305	Other
K06306	Cell envelope/biogenesis
K06307	Other
K06308	Other
K06309	Other
K06310	Other
K06311	Other
K06312	Other
K06313	Other
K06314	Transcriptional regulation
K06317	RNA processing/degradation
K06318	Transcriptional regulation
K06319	Other
K06321	Other
K06322	Other
K06323	Other
K06324	Other
K06325	Other
K06326	Other
K06328	Other
K06329	Other
K06330	Other
K06331	Other
K06332	Other
K06333	Other
K06334	Other
K06335	Other
K06336	Defense systems
K06337	Defense systems
K06339	Other
K06340	Other
K06341	Other
K06342	Other
K06343	Other
K06344	Other
K06345	Cofactors/vitamins
K06347	Defense systems
K06348	Cell envelope/biogenesis
K06349	Other
K06352	Signal transduction
K06354	Signal transduction
K06355	Signal transduction
K06358	Signal transduction
K06359	Signal transduction
K06360	Signal transduction
K06361	Signal transduction
K06362	Signal transduction
K06363	Signal transduction
K06364	Signal transduction
K06365	Signal transduction
K06366	Signal transduction
K06367	Signal transduction
K06368	Signal transduction
K06369	Signal transduction
K06370	Defense systems
K06371	Translation/ribosome
K06372	Transcriptional regulation
K06373	Other
K06374	Other
K06375	Other
K06377	Other
K06378	Other
K06379	Other
K06380	Other
K06381	Cell envelope/biogenesis
K06382	Other
K06383	Protein folding/quality control
K06385	Other
K06387	Other
K06388	Other
K06389	Other
K06390	Other
K06391	Other
K06392	Other
K06393	Other
K06394	Other
K06395	Other
K06396	Other
K06397	Other
K06398	Other
K06399	Other
K06401	Other
K06402	Other
K06403	Other
K06404	Other
K06405	Other
K06406	Other
K06407	Other
K06408	Other
K06409	Other
K06410	Cofactors/vitamins
K06411	Cofactors/vitamins
K06412	Other
K06413	Other
K06414	Other
K06416	Other
K06417	Other
K06418	Other
K06419	Other
K06422	Other
K06423	Other
K06424	Other
K06425	Other
K06426	Other
K06431	Other
K06432	Other
K06433	Other
K06434	Other
K06436	Other
K06437	Other
K06438	Other
K06439	Other
K06440	Other
K06443	Carbohydrate metabolism
K06446	Lipid metabolism
K06493	Carbohydrate metabolism
K06591	Carbohydrate metabolism
K06595	Signal transduction
K06596	Signal transduction
K06597	Motility/adhesion
K06598	Motility/adhesion
K06599	Transcriptional regulation
K06600	Motility/adhesion
K06601	Transcriptional regulation
K06603	Motility/adhesion
K06605	Other
K06606	Energy/central carbon
K06714	Other
K06859	Energy/central carbon
K06860	Cofactors/vitamins
K06877	DNA replication/repair/maintenance
K06880	Antibiotic resistance/efflux
K06883	Other
K06886	Amino acid metabolism
K06887	Other
K06888	Other
K06896	Signal transduction
K06897	Tryptophan metabolism
K06900	Carbohydrate metabolism
K06903	Other
K06905	Other
K06906	Mobilome
K06912	Carbohydrate metabolism
K06917	Translation/ribosome
K06937	Lipid metabolism
K06945	Other
K06951	Other
K06953	Other
K06955	Other
K06971	Other
K06972	Protein folding/quality control
K06974	Carbohydrate metabolism
K06976	Other
K06979	Antibiotic resistance/efflux
K06983	Other
K06985	Protein folding/quality control
K06986	Other
K06987	Other
K06990	Other
K06992	Other
K06995	Other
K07008	Amino acid metabolism
K07011	Other
K07016	Defense systems
K07017	Energy/central carbon
K07020	Other
K07024	Signal transduction
K07028	Other
K07031	Carbohydrate metabolism
K07037	Nucleotide metabolism
K07044	Other
K07046	Carbohydrate metabolism
K07047	Energy/central carbon
K07048	Other
K07051	Other
K07063	Other
K07065	Other
K07067	Carbohydrate metabolism
K07068	Secondary metabolism
K07074	Other
K07075	Other
K07076	Other
K07077	Other
K07079	Other
K07080	Other
K07084	Transport
K07086	Other
K07088	Other
K07092	Other
K07094	Tryptophan metabolism
K07096	Other
K07099	Other
K07100	Mobilome
K07101	Other
K07102	Carbohydrate metabolism
K07110	Lipid metabolism
K07114	Transport
K07117	Other
K07125	Other
K07131	Other
K07132	Mobilome
K07138	Other
K07144	Carbohydrate metabolism
K07145	Cofactors/vitamins
K07155	Energy/central carbon
K07161	Other
K07164	Other
K07167	Energy/central carbon
K07169	Other
K07175	DNA replication/repair/maintenance
K07178	Carbohydrate metabolism
K07181	Nucleotide metabolism
K07182	Other
K07216	Amino acid metabolism
K07218	Other
K07220	Other
K07225	Transport
K07226	Cofactors/vitamins
K07227	Cofactors/vitamins
K07228	Transport
K07231	Other
K07234	Mobilome
K07239	Other
K07257	Other
K07270	Transcriptional regulation
K07279	Transport
K07281	Carbohydrate metabolism
K07291	Carbohydrate metabolism
K07303	Energy/central carbon
K07310	Cofactors/vitamins
K07312	Cofactors/vitamins
K07314	Signal transduction
K07321	Energy/central carbon
K07338	Other
K07357	Motility/adhesion
K07358	Motility/adhesion
K07389	Lipid metabolism
K07394	Other
K07395	Protein folding/quality control
K07399	Other
K07403	Protein folding/quality control
K07405	Carbohydrate metabolism
K07406	Carbohydrate metabolism
K07442	Translation/ribosome
K07453	Defense systems
K07454	Defense systems
K07468	DNA replication/repair/maintenance
K07469	Energy/central carbon
K07476	Other
K07481	Mobilome
K07488	Mobilome
K07494	Mobilome
K07495	Mobilome
K07499	Mobilome
K07501	DNA replication/repair/maintenance
K07502	Other
K07503	Defense systems
K07516	Energy/central carbon
K07518	Carbohydrate metabolism
K07536	Carbohydrate metabolism
K07543	Energy/central carbon
K07544	Energy/central carbon
K07546	Carbohydrate metabolism
K07576	Antibiotic resistance/efflux
K07577	RNA processing/degradation
K07588	Energy/central carbon
K07590	Translation/ribosome
K07647	Signal transduction
K07650	Signal transduction
K07651	Signal transduction
K07653	Signal transduction
K07654	Signal transduction
K07655	Signal transduction
K07669	Signal transduction
K07670	Signal transduction
K07671	Signal transduction
K07679	Signal transduction
K07680	Signal transduction
K07684	Signal transduction
K07685	Signal transduction
K07688	Signal transduction
K07690	Signal transduction
K07691	Signal transduction
K07692	Signal transduction
K07695	Signal transduction
K07697	Signal transduction
K07698	Signal transduction
K07699	Signal transduction
K07709	Signal transduction
K07710	Signal transduction
K07713	Signal transduction
K07716	Signal transduction
K07722	Transcriptional regulation
K07734	Transcriptional regulation
K07746	Defense systems
K07768	Signal transduction
K07770	Signal transduction
K07772	Signal transduction
K07775	Signal transduction
K07776	Signal transduction
K07786	Antibiotic resistance/efflux
K07790	Other
K07793	Transport
K07794	Transport
K07797	Antibiotic resistance/efflux
K07800	Other
K07803	Defense systems
K07804	Other
K07805	Other
K07807	Other
K07811	Cofactors/vitamins
K07814	Signal transduction
K07821	Cofactors/vitamins
K07823	Carbohydrate metabolism
K08081	Cofactors/vitamins
K08082	Signal transduction
K08083	Signal transduction
K08084	Motility/adhesion
K08085	Motility/adhesion
K08087	Motility/adhesion
K08088	Motility/adhesion
K08092	Energy/central carbon
K08095	Carbohydrate metabolism
K08119	Other
K08138	Transport
K08168	Transport
K08222	Transport
K08226	Transport
K08252	Tryptophan metabolism
K08253	Tryptophan metabolism
K08255	Energy/central carbon
K08256	Carbohydrate metabolism
K08258	Carbohydrate metabolism
K08259	Carbohydrate metabolism
K08260	Carbohydrate metabolism
K08277	Transcriptional regulation
K08280	Cell envelope/biogenesis
K08282	Signal transduction
K08295	DNA replication/repair/maintenance
K08297	Energy/central carbon
K08298	Carbohydrate metabolism
K08299	Carbohydrate metabolism
K08326	Carbohydrate metabolism
K08352	Cofactors/vitamins
K08353	Transport
K08354	Cofactors/vitamins
K08357	Cofactors/vitamins
K08358	Cofactors/vitamins
K08359	Cofactors/vitamins
K08363	Transport
K08372	Protein folding/quality control
K08384	Cell envelope/biogenesis
K08475	Transport
K08476	Transport
K08477	Protein folding/quality control
K08478	Transport
K08481	Other
K08482	Other
K08566	Transcriptional regulation
K08587	Carbohydrate metabolism
K08589	Carbohydrate metabolism
K08598	Protein folding/quality control
K08600	Carbohydrate metabolism
K08603	Energy/central carbon
K08604	Carbohydrate metabolism
K08642	Protein folding/quality control
K08643	Carbohydrate metabolism
K08645	Defense systems
K08646	Energy/central carbon
K08651	Carbohydrate metabolism
K08675	Protein folding/quality control
K08678	Energy/central carbon
K08681	Energy/central carbon
K08685	Energy/central carbon
K08688	Carbohydrate metabolism
K08691	Carbohydrate metabolism
K08692	DNA replication/repair/maintenance
K08713	Transport
K08714	Transport
K08717	Transport
K08720	Cell envelope/biogenesis
K08757	Lipid metabolism
K08777	Protein folding/quality control
K08906	Cofactors/vitamins
K08926	Tryptophan metabolism
K08927	Tryptophan metabolism
K08928	Cofactors/vitamins
K08929	Cofactors/vitamins
K08961	Transport
K08965	Carbohydrate metabolism
K08966	Signal transduction
K08976	Other
K08977	Carbohydrate metabolism
K08978	Transport
K08982	Other
K08983	Other
K08984	Other
K08985	Mobilome
K08986	Other
K08988	Other
K08989	Other
K08999	Other
K09002	Defense systems
K09006	RNA processing/degradation
K09007	Carbohydrate metabolism
K09009	Other
K09011	Carbohydrate metabolism
K09118	Other
K09120	Defense systems
K09122	Other
K09123	Energy/central carbon
K09124	Other
K09128	Translation/ribosome
K09134	Carbohydrate metabolism
K09137	Other
K09145	Other
K09146	Other
K09147	Other
K09154	Other
K09158	Other
K09162	Energy/central carbon
K09163	Other
K09164	Other
K09165	Amino acid metabolism
K09166	Other
K09190	Other
K09252	Carbohydrate metabolism
K09386	Other
K09388	Other
K09459	Amino acid metabolism
K09461	Energy/central carbon
K09472	Energy/central carbon
K09477	Transport
K09483	Energy/central carbon
K09516	Energy/central carbon
K09529	Protein folding/quality control
K09607	Other
K09650	Other
K09680	Carbohydrate metabolism
K09681	Transcriptional regulation
K09682	Protein folding/quality control
K09683	Other
K09696	Transport
K09700	Other
K09701	Other
K09706	Other
K09707	Other
K09709	Carbohydrate metabolism
K09726	Other
K09729	Other
K09740	Other
K09744	Other
K09749	Other
K09759	Amino acid metabolism
K09763	Other
K09764	Other
K09766	Other
K09770	Other
K09775	Other
K09776	Other
K09777	Other
K09778	Lipid metabolism
K09785	Other
K09788	Energy/central carbon
K09789	Lipid metabolism
K09792	Other
K09793	Other
K09794	Other
K09797	Other
K09799	Other
K09805	Other
K09813	Transport
K09814	Transport
K09822	Other
K09826	Signal transduction
K09836	Carbohydrate metabolism
K09844	Carbohydrate metabolism
K09845	Energy/central carbon
K09846	RNA processing/degradation
K09858	Other
K09859	Other
K09860	Cell envelope/biogenesis
K09866	Transport
K09869	Transport
K09884	Transport
K09894	Other
K09896	Other
K09900	Carbohydrate metabolism
K09902	Other
K09907	Other
K09917	Other
K09922	Other
K09924	Other
K09925	Other
K09926	Other
K09928	Other
K09929	Other
K09930	Other
K09932	Other
K09934	Other
K09935	Carbohydrate metabolism
K09938	Other
K09939	Other
K09940	Other
K09941	Other
K09942	Other
K09943	Other
K09946	Other
K09947	Other
K09948	Other
K09950	Other
K09953	Lipid metabolism
K09954	Other
K09956	Other
K09957	Other
K09959	Other
K09964	Other
K09965	Other
K09966	Other
K09967	Other
K09968	Other
K09974	Other
K09977	Other
K09980	Other
K09981	Other
K09982	Other
K09983	Other
K09984	Other
K09989	Other
K09990	Other
K09992	Other
K10006	Transport
K10007	Transport
K10018	Transport
K10022	Transport
K10023	Transport
K10025	Transport
K10094	Transport
K10124	Transport
K10156	Carbohydrate metabolism
K10187	Carbohydrate metabolism
K10189	Transport
K10191	Transport
K10192	Transport
K10193	Transport
K10194	Transport
K10195	Transport
K10201	Transport
K10209	Carbohydrate metabolism
K10210	Cofactors/vitamins
K10211	Carbohydrate metabolism
K10212	Lipid metabolism
K10216	Energy/central carbon
K10217	Energy/central carbon
K10220	Carbohydrate metabolism
K10221	Carbohydrate metabolism
K10227	Transport
K10228	Transport
K10229	Transport
K10231	Nucleotide metabolism
K10232	Transport
K10233	Transport
K10234	Transport
K10235	Transport
K10240	Transport
K10241	Transport
K10242	Transport
K10255	Lipid metabolism
K10355	Amino acid metabolism
K10533	Carbohydrate metabolism
K10546	Transport
K10548	Transport
K10549	Transport
K10550	Transport
K10552	Transport
K10553	Transport
K10554	Transport
K10559	Transport
K10560	Transport
K10561	Transport
K10564	Signal transduction
K10565	Signal transduction
K10619	Energy/central carbon
K10620	Carbohydrate metabolism
K10670	Amino acid metabolism
K10673	Carbohydrate metabolism
K10674	Carbohydrate metabolism
K10676	Cofactors/vitamins
K10677	Amino acid metabolism
K10681	Signal transduction
K10682	Signal transduction
K10709	Energy/central carbon
K10713	Energy/central carbon
K10714	Energy/central carbon
K10742	DNA replication/repair/maintenance
K10747	DNA replication/repair/maintenance
K10748	DNA replication/repair/maintenance
K10762	Other
K10763	Other
K10780	Lipid metabolism
K10794	Amino acid metabolism
K10797	Cofactors/vitamins
K10798	Other
K10811	Carbohydrate metabolism
K10814	Carbohydrate metabolism
K10815	Carbohydrate metabolism
K10816	Carbohydrate metabolism
K10819	Signal transduction
K10820	Transport
K10824	Transport
K10843	DNA replication/repair/maintenance
K10844	DNA replication/repair/maintenance
K10850	Transport
K10906	DNA replication/repair/maintenance
K10907	Carbohydrate metabolism
K10915	Carbohydrate metabolism
K10916	Signal transduction
K10918	Transcriptional regulation
K10924	Cell envelope/biogenesis
K10925	Cell envelope/biogenesis
K10926	Cell envelope/biogenesis
K10927	Cell envelope/biogenesis
K10930	Defense systems
K10931	Defense systems
K10932	Motility/adhesion
K10934	Defense systems
K10938	Translation/ribosome
K10939	Translation/ribosome
K10941	Transcriptional regulation
K10942	Signal transduction
K10943	Signal transduction
K10953	Defense systems
K10954	Defense systems
K10955	Amino acid metabolism
K10960	Energy/central carbon
K10962	Defense systems
K10965	Defense systems
K10972	Transcriptional regulation
K10973	Transcriptional regulation
K10979	DNA replication/repair/maintenance
K11003	Other
K11004	Transport
K11008	Translation/ribosome
K11016	Other
K11017	Other
K11020	Carbohydrate metabolism
K11023	Defense systems
K11029	Nucleotide metabolism
K11030	Cell envelope/biogenesis
K11031	Carbohydrate metabolism
K11032	Lipid metabolism
K11033	Defense systems
K11034	Defense systems
K11038	Defense systems
K11039	Other
K11040	Defense systems
K11042	Other
K11048	Other
K11049	Other
K11052	Other
K11053	Other
K11054	Other
K11057	Defense systems
K11059	Defense systems
K11060	Defense systems
K11062	Defense systems
K11077	Transport
K11078	Transport
K11079	Transport
K11080	Transport
K11081	Transport
K11082	Transport
K11083	Transport
K11084	Transport
K11089	Carbohydrate metabolism
K11106	Transport
K11107	Cofactors/vitamins
K11139	Other
K11153	Energy/central carbon
K11159	Amino acid metabolism
K11184	Other
K11189	Other
K11191	Other
K11198	Other
K11199	Other
K11210	Carbohydrate metabolism
K11211	Carbohydrate metabolism
K11212	SCFA fermentation
K11216	Carbohydrate metabolism
K11261	Energy/central carbon
K11263	Lipid metabolism
K11264	Cell envelope/biogenesis
K11275	Amino acid metabolism
K11311	Tryptophan metabolism
K11329	Signal transduction
K11333	Cofactors/vitamins
K11334	Cofactors/vitamins
K11335	Cofactors/vitamins
K11336	Carbohydrate metabolism
K11337	Energy/central carbon
K11357	Signal transduction
K11358	Amino acid metabolism
K11381	Energy/central carbon
K11382	Transport
K11383	Signal transduction
K11384	Signal transduction
K11386	Carbohydrate metabolism
K11387	Carbohydrate metabolism
K11410	Energy/central carbon
K11422	Carbohydrate metabolism
K11434	RNA processing/degradation
K11440	Energy/central carbon
K11442	Carbohydrate metabolism
K11443	Signal transduction
K11444	Signal transduction
K11472	Cofactors/vitamins
K11475	Transcriptional regulation
K11476	Transcriptional regulation
K11477	Other
K11517	Energy/central carbon
K11533	Lipid metabolism
K11584	Signal transduction
K11601	Transport
K11602	Transport
K11603	Transport
K11608	Lipid metabolism
K11609	Lipid metabolism
K11610	Lipid metabolism
K11611	Energy/central carbon
K11619	Other
K11620	Other
K11624	Signal transduction
K11625	Antibiotic resistance/efflux
K11626	Transport
K11629	Signal transduction
K11630	Signal transduction
K11631	Transport
K11632	Transport
K11633	Signal transduction
K11634	Signal transduction
K11636	Transport
K11637	Signal transduction
K11638	Signal transduction
K11639	Transport
K11640	Signal transduction
K11641	Signal transduction
K11646	Carbohydrate metabolism
K11647	Defense systems
K11648	Defense systems
K11686	Mobilome
K11688	Transport
K11689	Transport
K11690	Transport
K11691	Signal transduction
K11692	Signal transduction
K11694	Cell envelope/biogenesis
K11708	Transport
K11711	Signal transduction
K11712	Signal transduction
K11731	Energy/central carbon
K11739	Other
K11740	Other
K11779	Carbohydrate metabolism
K11782	Tryptophan metabolism
K11783	Carbohydrate metabolism
K11784	Carbohydrate metabolism
K11785	Carbohydrate metabolism
K11787	DNA replication/repair/maintenance
K11889	Transport
K11890	Transport
K11894	Transport
K11897	Transport
K11898	Transport
K11899	Transport
K11902	Transport
K11909	Transport
K11912	Signal transduction
K11913	Transport
K11914	Transcriptional regulation
K11915	Signal transduction
K11916	Signal transduction
K11917	Transcriptional regulation
K11918	Transport
K11919	Transport
K11921	Transcriptional regulation
K11930	Other
K11934	Cell envelope/biogenesis
K11942	Carbohydrate metabolism
K11996	Carbohydrate metabolism
K12055	Mobilome
K12056	Other
K12057	Motility/adhesion
K12058	Other
K12059	Transport
K12060	Motility/adhesion
K12061	Motility/adhesion
K12062	Protein folding/quality control
K12063	Transport
K12064	Motility/adhesion
K12065	Motility/adhesion
K12066	Motility/adhesion
K12067	Motility/adhesion
K12068	Motility/adhesion
K12069	Motility/adhesion
K12070	Motility/adhesion
K12072	Motility/adhesion
K12111	Carbohydrate metabolism
K12112	Carbohydrate metabolism
K12113	Transcriptional regulation
K12138	Carbohydrate metabolism
K12139	Carbohydrate metabolism
K12140	Carbohydrate metabolism
K12144	Carbohydrate metabolism
K12145	Carbohydrate metabolism
K12146	Transcriptional regulation
K12203	Mobilome
K12205	Mobilome
K12206	Other
K12209	Other
K12211	Other
K12213	Other
K12214	Other
K12217	Other
K12218	Other
K12222	Other
K12227	Other
K12228	Transport
K12234	DNA replication/repair/maintenance
K12239	DNA replication/repair/maintenance
K12240	DNA replication/repair/maintenance
K12241	Other
K12242	Other
K12243	Transcriptional regulation
K12251	Amino acid metabolism
K12252	Energy/central carbon
K12253	Energy/central carbon
K12254	Cofactors/vitamins
K12255	Carbohydrate metabolism
K12256	Energy/central carbon
K12263	Cofactors/vitamins
K12276	Other
K12278	Other
K12279	Other
K12280	Other
K12281	Other
K12282	Other
K12283	Other
K12284	Other
K12285	Other
K12286	Other
K12287	Other
K12291	Motility/adhesion
K12295	Signal transduction
K12299	Transport
K12342	Motility/adhesion
K12349	Carbohydrate metabolism
K12405	Energy/central carbon
K12421	DNA replication/repair/maintenance
K12424	Carbohydrate metabolism
K12426	Lipid metabolism
K12428	DNA replication/repair/maintenance
K12429	DNA replication/repair/maintenance
K12436	Carbohydrate metabolism
K12437	Secondary metabolism
K12443	Secondary metabolism
K12448	Energy/central carbon
K12452	Energy/central carbon
K12453	Translation/ribosome
K12454	Energy/central carbon
K12466	Energy/central carbon
K12472	Transport
K12503	Carbohydrate metabolism
K12507	Lipid metabolism
K12508	Carbohydrate metabolism
K12510	Other
K12511	Other
K12526	Amino acid metabolism
K12528	Cofactors/vitamins
K12529	Cofactors/vitamins
K12530	Transport
K12531	Transport
K12532	Transport
K12533	Other
K12534	Other
K12535	Other
K12536	Transport
K12537	Transport
K12538	Cell envelope/biogenesis
K12539	Other
K12540	Other
K12541	Cell envelope/biogenesis
K12542	Transport
K12544	Other
K12545	Cofactors/vitamins
K12567	Carbohydrate metabolism
K12583	Transport
K12585	Defense systems
K12645	Carbohydrate metabolism
K12660	Energy/central carbon
K12661	Energy/central carbon
K12684	Protein folding/quality control
K12685	Protein folding/quality control
K12686	Cell envelope/biogenesis
K12688	Protein folding/quality control
K12706	Other
K12710	RNA processing/degradation
K12733	Energy/central carbon
K12910	Carbohydrate metabolism
K12945	Carbohydrate metabolism
K12950	Transport
K12954	Transport
K12976	Lipid metabolism
K12977	Lipid metabolism
K12980	Lipid metabolism
K12981	Carbohydrate metabolism
K12982	Carbohydrate metabolism
K12983	Cell envelope/biogenesis
K12985	Cell envelope/biogenesis
K12987	Carbohydrate metabolism
K12988	Carbohydrate metabolism
K12989	Carbohydrate metabolism
K12991	Carbohydrate metabolism
K12992	Carbohydrate metabolism
K12993	Carbohydrate metabolism
K12994	Carbohydrate metabolism
K12995	Carbohydrate metabolism
K12998	Carbohydrate metabolism
K13001	Carbohydrate metabolism
K13002	Carbohydrate metabolism
K13004	Carbohydrate metabolism
K13005	Carbohydrate metabolism
K13006	Carbohydrate metabolism
K13009	DNA replication/repair/maintenance
K13010	Translation/ribosome
K13011	Other
K13015	Energy/central carbon
K13016	Energy/central carbon
K13017	Carbohydrate metabolism
K13018	Carbohydrate metabolism
K13019	Energy/central carbon
K13021	Transport
K13028	Energy/central carbon
K13035	Amino acid metabolism
K13037	DNA replication/repair/maintenance
K13039	Energy/central carbon
K13040	Signal transduction
K13041	Signal transduction
K13043	Amino acid metabolism
K13049	Amino acid metabolism
K13058	Tryptophan metabolism
K13061	Lipid metabolism
K13063	Carbohydrate metabolism
K13085	Signal transduction
K13086	Signal transduction
K13184	DNA replication/repair/maintenance
K13243	Nucleotide metabolism
K13245	Nucleotide metabolism
K13274	Protein folding/quality control
K13275	Protein folding/quality control
K13276	Carbohydrate metabolism
K13277	Protein folding/quality control
K13280	Protein folding/quality control
K13281	DNA replication/repair/maintenance
K13282	Carbohydrate metabolism
K13284	Motility/adhesion
K13285	Motility/adhesion
K13286	Motility/adhesion
K13287	Motility/adhesion
K13300	Cofactors/vitamins
K13307	Carbohydrate metabolism
K13311	Carbohydrate metabolism
K13319	Amino acid metabolism
K13322	Energy/central carbon
K13419	Signal transduction
K13421	Translation/ribosome
K13450	Energy/central carbon
K13451	Other
K13452	Other
K13455	Other
K13461	Other
K13479	Cofactors/vitamins
K13480	Energy/central carbon
K13486	Signal transduction
K13487	Signal transduction
K13488	Signal transduction
K13489	Signal transduction
K13490	Signal transduction
K13491	Signal transduction
K13501	Tryptophan metabolism
K13522	Carbohydrate metabolism
K13525	Transport
K13527	Defense systems
K13532	Signal transduction
K13533	Signal transduction
K13540	RNA processing/degradation
K13570	Protein folding/quality control
K13571	Translation/ribosome
K13572	Translation/ribosome
K13573	Translation/ribosome
K13574	Energy/central carbon
K13580	Other
K13585	Other
K13586	Other
K13587	Signal transduction
K13588	Signal transduction
K13589	Signal transduction
K13590	Carbohydrate metabolism
K13591	Signal transduction
K13592	Drug metabolism/xenobiotics
K13593	Nucleotide metabolism
K13609	Energy/central carbon
K13611	Secondary metabolism
K13612	Secondary metabolism
K13614	Secondary metabolism
K13615	Secondary metabolism
K13622	Carbohydrate metabolism
K13623	Carbohydrate metabolism
K13626	Motility/adhesion
K13633	Transcriptional regulation
K13637	Transcriptional regulation
K13640	Transcriptional regulation
K13642	Transcriptional regulation
K13643	Transcriptional regulation
K13651	Motility/adhesion
K13655	Defense systems
K13656	Carbohydrate metabolism
K13660	Carbohydrate metabolism
K13668	Carbohydrate metabolism
K13669	Carbohydrate metabolism
K13670	Carbohydrate metabolism
K13671	Carbohydrate metabolism
K13686	Carbohydrate metabolism
K13687	Carbohydrate metabolism
K13693	Carbohydrate metabolism
K13700	Other
K13715	Carbohydrate metabolism
K13732	Other
K13733	Other
K13739	Other
K13740	Other
K13741	Nucleotide metabolism
K13747	Energy/central carbon
K13766	Carbohydrate metabolism
K13767	Energy/central carbon
K13770	Antibiotic resistance/efflux
K13772	Transcriptional regulation
K13774	Energy/central carbon
K13775	Energy/central carbon
K13776	Translation/ribosome
K13777	Energy/central carbon
K13778	Cofactors/vitamins
K13779	Carbohydrate metabolism
K13786	Cofactors/vitamins
K13787	Carbohydrate metabolism
K13794	Transcriptional regulation
K13795	Lipid metabolism
K13796	Energy/central carbon
K13815	Signal transduction
K13818	Other
K13819	Other
K13820	Motility/adhesion
K13853	Tryptophan metabolism
K13874	Carbohydrate metabolism
K13875	Transcriptional regulation
K13876	Energy/central carbon
K13924	Signal transduction
K13955	Energy/central carbon
K13963	Amino acid metabolism
K13967	Energy/central carbon
K13990	Synaptic pathways
K13991	Cofactors/vitamins
K13992	Cofactors/vitamins
K13995	Other
K14028	Cofactors/vitamins
K14029	Cofactors/vitamins
K14067	DNA replication/repair/maintenance
K14136	Carbohydrate metabolism
K14161	Other
K14162	DNA replication/repair/maintenance
K14164	Translation/ribosome
K14165	Signal transduction
K14166	Transport
K14195	Other
K14196	Other
K14197	Other
K14198	Amino acid metabolism
K14199	Cell envelope/biogenesis
K14200	Other
K14201	Translation/ribosome
K14202	Signal transduction
K14203	Other
K14204	Other
K14244	Amino acid metabolism
K14259	Energy/central carbon
K14266	Tryptophan metabolism
K14267	Carbohydrate metabolism
K14333	Energy/central carbon
K14335	Carbohydrate metabolism
K14337	Carbohydrate metabolism
K14338	Cofactors/vitamins
K14339	Carbohydrate metabolism
K14340	Carbohydrate metabolism
K14414	Transcriptional regulation
K14415	DNA replication/repair/maintenance
K14422	Energy/central carbon
K14439	Defense systems
K14440	Defense systems
K14446	Cofactors/vitamins
K14447	Carbohydrate metabolism
K14448	Energy/central carbon
K14449	Carbohydrate metabolism
K14451	Carbohydrate metabolism
K14459	Nucleotide metabolism
K14470	Energy/central carbon
K14475	Protein folding/quality control
K14519	Other
K14520	Cofactors/vitamins
K14534	Energy/central carbon
K14562	Other
K14570	RNA processing/degradation
K14578	Signal transduction
K14581	Cofactors/vitamins
K14587	Secondary metabolism
K14596	Carbohydrate metabolism
K14597	Amino acid metabolism
K14623	DNA replication/repair/maintenance
K14627	Energy/central carbon
K14628	Cofactors/vitamins
K14647	Protein folding/quality control
K14657	Transcriptional regulation
K14658	Other
K14659	Carbohydrate metabolism
K14660	Other
K14661	Other
K14666	Carbohydrate metabolism
K14667	Carbohydrate metabolism
K14668	Tryptophan metabolism
K14669	Lipid metabolism
K14670	Amino acid metabolism
K14671	Carbohydrate metabolism
K14672	Secondary metabolism
K14673	Tryptophan metabolism
K14727	Energy/central carbon
K14729	Other
K14730	Energy/central carbon
K14733	Cofactors/vitamins
K14743	Cell envelope/biogenesis
K14748	Energy/central carbon
K14749	Energy/central carbon
K14941	SCFA fermentation
K14949	Signal transduction
K14952	Cell envelope/biogenesis
K14953	Amino acid metabolism
K14954	Other
K14972	Other
K14974	Cofactors/vitamins
K14978	Signal transduction
K14986	Signal transduction
K14987	Signal transduction
K14998	Other
K15012	Signal transduction
K15054	Antibiotic resistance/efflux
K15058	Energy/central carbon
K15059	Energy/central carbon
K15060	Cofactors/vitamins
K15066	Energy/central carbon
K15067	Carbohydrate metabolism
K15103	Lipid metabolism
K15241	Carbohydrate metabolism
K15311	Lipid metabolism
K15312	Lipid metabolism
K15313	Energy/central carbon
K15315	Secondary metabolism
K15328	Lipid metabolism
K15337	Secondary metabolism
K15344	Other
K15345	Other
K15346	Other
K15347	Other
K15349	Other
K15350	Other
K15351	Other
K15352	Other
K15353	Protein folding/quality control
K15354	Other
K15357	Carbohydrate metabolism
K15358	Carbohydrate metabolism
K15367	Protein folding/quality control
K15368	Protein folding/quality control
K15371	Synaptic pathways
K15373	Cofactors/vitamins
K15383	Other
K15396	Translation/ribosome
K15408	Cofactors/vitamins
K15431	Carbohydrate metabolism
K15467	RNA processing/degradation
K15468	Cofactors/vitamins
K15469	Lipid metabolism
K15495	Transport
K15496	Transport
K15509	Energy/central carbon
K15510	Energy/central carbon
K15511	Energy/central carbon
K15512	Energy/central carbon
K15513	Carbohydrate metabolism
K15514	Energy/central carbon
K15518	Carbohydrate metabolism
K15519	Carbohydrate metabolism
K15520	Carbohydrate metabolism
K15521	Carbohydrate metabolism
K15525	Carbohydrate metabolism
K15526	DNA replication/repair/maintenance
K15538	Carbohydrate metabolism
K15546	Transcriptional regulation
K15550	Antibiotic resistance/efflux
K15584	Transport
K15585	Transport
K15586	Transport
K15632	RNA processing/degradation
K15635	Energy/central carbon
K15644	Secondary metabolism
K15645	Secondary metabolism
K15646	Other
K15647	Translation/ribosome
K15648	Lipid metabolism
K15649	Translation/ribosome
K15650	Protein folding/quality control
K15651	Defense systems
K15652	Energy/central carbon
K15653	Secondary metabolism
K15654	Translation/ribosome
K15655	Translation/ribosome
K15656	Translation/ribosome
K15657	Carbohydrate metabolism
K15658	Translation/ribosome
K15659	Translation/ribosome
K15660	Translation/ribosome
K15661	Translation/ribosome
K15662	Translation/ribosome
K15663	Translation/ribosome
K15719	Other
K15721	Signal transduction
K15723	Other
K15731	Transcriptional regulation
K15733	Energy/central carbon
K15735	Transcriptional regulation
K15736	Energy/central carbon
K15737	Energy/central carbon
K15739	DNA replication/repair/maintenance
K15746	Carbohydrate metabolism
K15756	Energy/central carbon
K15760	Other
K15761	Other
K15762	Cofactors/vitamins
K15763	Other
K15764	Other
K15781	Signal transduction
K15782	Drug metabolism/xenobiotics
K15783	Carbohydrate metabolism
K15784	Carbohydrate metabolism
K15785	Amino acid metabolism
K15786	Amino acid metabolism
K15790	Other
K15792	Other
K15835	Transcriptional regulation
K15855	Carbohydrate metabolism
K15862	Cofactors/vitamins
K15864	Cofactors/vitamins
K15876	Cofactors/vitamins
K15878	Other
K15879	Cofactors/vitamins
K15894	Cell envelope/biogenesis
K15898	Carbohydrate metabolism
K15899	Carbohydrate metabolism
K15907	Carbohydrate metabolism
K15915	Carbohydrate metabolism
K15919	Energy/central carbon
K15929	Carbohydrate metabolism
K15962	RNA processing/degradation
K15973	Transcriptional regulation
K15976	Cofactors/vitamins
K15980	Lipid metabolism
K15981	Cofactors/vitamins
K15982	Cofactors/vitamins
K15983	Cofactors/vitamins
K15987	Antibiotic resistance/efflux
K16001	Carbohydrate metabolism
K16004	Carbohydrate metabolism
K16009	Carbohydrate metabolism
K16010	Amino acid metabolism
K16014	Transport
K16022	Other
K16039	Carbohydrate metabolism
K16043	Cofactors/vitamins
K16046	Cofactors/vitamins
K16047	Energy/central carbon
K16048	Energy/central carbon
K16049	Energy/central carbon
K16050	Energy/central carbon
K16051	Energy/central carbon
K16055	Signal transduction
K16077	Transport
K16078	Other
K16079	Cell envelope/biogenesis
K16080	Transport
K16081	Other
K16118	Secondary metabolism
K16125	Other
K16130	Other
K16135	Transcriptional regulation
K16138	Transcriptional regulation
K16140	Transport
K16146	Carbohydrate metabolism
K16147	Carbohydrate metabolism
K16148	Carbohydrate metabolism
K16149	Carbohydrate metabolism
K16152	Cofactors/vitamins
K16163	Energy/central carbon
K16167	Secondary metabolism
K16168	RNA processing/degradation
K16170	Transport
K16171	Synaptic pathways
K16188	Carbohydrate metabolism
K16190	Energy/central carbon
K16199	Transport
K16200	Transport
K16201	Transport
K16202	Transport
K16203	Protein folding/quality control
K16212	Carbohydrate metabolism
K16213	Energy/central carbon
K16216	Cofactors/vitamins
K16217	RNA processing/degradation
K16218	Carbohydrate metabolism
K16234	Transport
K16237	Transport
K16242	Cofactors/vitamins
K16243	Cofactors/vitamins
K16244	Cofactors/vitamins
K16245	Cofactors/vitamins
K16246	Cofactors/vitamins
K16247	Transcriptional regulation
K16248	Transport
K16249	Cofactors/vitamins
K16254	Other
K16255	Cofactors/vitamins
K16256	Other
K16257	Other
K16258	Other
K16259	Other
K16260	Other
K16267	Transport
K16299	Other
K16300	Other
K16303	Energy/central carbon
K16306	Carbohydrate metabolism
K16319	Tryptophan metabolism
K16320	Tryptophan metabolism
K16324	Transport
K16327	Antibiotic resistance/efflux
K16329	Carbohydrate metabolism
K16331	Transport
K16346	Transport
K16363	Lipid metabolism
K16397	Secondary metabolism
K16421	Carbohydrate metabolism
K16422	Cofactors/vitamins
K16423	Amino acid metabolism
K16424	Carbohydrate metabolism
K16425	Energy/central carbon
K16426	Other
K16427	Energy/central carbon
K16431	Cofactors/vitamins
K16435	Energy/central carbon
K16436	Carbohydrate metabolism
K16438	Energy/central carbon
K16444	Carbohydrate metabolism
K16514	Energy/central carbon
K16515	Energy/central carbon
K16516	Drug metabolism/xenobiotics
K16552	Other
K16553	Transport
K16556	Other
K16557	Other
K16558	Other
K16559	Carbohydrate metabolism
K16560	Other
K16562	Other
K16563	Other
K16564	Other
K16565	DNA replication/repair/maintenance
K16566	Other
K16567	Other
K16568	Other
K16593	Lipid metabolism
K16619	Defense systems
K16623	Signal transduction
K16636	Amino acid metabolism
K16637	Nucleotide metabolism
K16638	Amino acid metabolism
K16644	Other
K16645	Transport
K16647	Energy/central carbon
K16648	Carbohydrate metabolism
K16650	Carbohydrate metabolism
K16652	Cofactors/vitamins
K16653	Cofactors/vitamins
K16694	Drug metabolism/xenobiotics
K16696	Transport
K16697	Carbohydrate metabolism
K16698	Carbohydrate metabolism
K16699	Carbohydrate metabolism
K16700	Carbohydrate metabolism
K16705	Other
K16706	Other
K16707	Lipid metabolism
K16708	Other
K16709	Other
K16783	Transport
K16784	Transport
K16792	Translation/ribosome
K16793	Translation/ribosome
K16795	Energy/central carbon
K16838	Energy/central carbon
K16839	Cofactors/vitamins
K16840	Energy/central carbon
K16843	Energy/central carbon
K16844	Carbohydrate metabolism
K16845	Energy/central carbon
K16846	Energy/central carbon
K16849	Energy/central carbon
K16850	Translation/ribosome
K16856	Carbohydrate metabolism
K16868	RNA processing/degradation
K16870	Energy/central carbon
K16871	Energy/central carbon
K16872	Lipid metabolism
K16873	Cofactors/vitamins
K16875	Energy/central carbon
K16876	DNA replication/repair/maintenance
K16877	Energy/central carbon
K16878	Energy/central carbon
K16879	Energy/central carbon
K16880	Carbohydrate metabolism
K16881	Carbohydrate metabolism
K16906	Transport
K16907	Transport
K16915	Transport
K16916	Transport
K16917	Transport
K16918	Transport
K16920	Transport
K16926	Transport
K16950	Cofactors/vitamins
K16951	Cofactors/vitamins
K17060	Signal transduction
K17061	Signal transduction
K17067	Energy/central carbon
K17195	Energy/central carbon
K17202	Transport
K17203	Transport
K17206	Transport
K17207	Transport
K17214	Transport
K17215	Transport
K17222	Amino acid metabolism
K17223	Amino acid metabolism
K17224	Amino acid metabolism
K17225	Energy/central carbon
K17226	Other
K17227	Other
K17228	Cofactors/vitamins
K17229	Energy/central carbon
K17230	Cofactors/vitamins
K17234	Transport
K17235	Transport
K17236	Transport
K17238	Transport
K17239	Transport
K17241	Transport
K17243	Transport
K17244	Transport
K17245	Transport
K17246	Transport
K17285	Cofactors/vitamins
K17315	Transport
K17316	Transport
K17317	Transport
K17321	Transport
K17322	Transport
K17323	Transport
K17324	Transport
K17325	Transport
K17326	Transport
K17327	Transport
K17328	Transport
K17329	Transport
K17330	Transport
K17331	Transport
K17362	Lipid metabolism
K17364	Cofactors/vitamins
K17462	RNA processing/degradation
K17465	Transport
K17466	Transport
K17467	Transport
K17468	Energy/central carbon
K17472	Transcriptional regulation
K17473	Transcriptional regulation
K17474	Carbohydrate metabolism
K17476	Carbohydrate metabolism
K17485	Energy/central carbon
K17489	Energy/central carbon
K17570	Other
K17623	Signal transduction
K17625	Energy/central carbon
K17640	Transport
K17641	Carbohydrate metabolism
K17662	Other
K17716	Energy/central carbon
K17734	Protein folding/quality control
K17735	Energy/central carbon
K17752	Signal transduction
K17754	Energy/central carbon
K17760	Energy/central carbon
K17762	Other
K17763	Other
K17829	Energy/central carbon
K17831	Cofactors/vitamins
K17835	Carbohydrate metabolism
K17837	Antibiotic resistance/efflux
K17838	Antibiotic resistance/efflux
K17840	Carbohydrate metabolism
K17865	Energy/central carbon
K17876	Carbohydrate metabolism
K17880	Carbohydrate metabolism
K17881	Carbohydrate metabolism
K17883	Transport
K17893	Cofactors/vitamins
K17910	Carbohydrate metabolism
K17948	Energy/central carbon
K17950	Energy/central carbon
K17989	Amino acid metabolism
K18000	Tryptophan metabolism
K18011	Energy/central carbon
K18012	Energy/central carbon
K18013	Amino acid metabolism
K18014	Energy/central carbon
K18015	Carbohydrate metabolism
K18022	Other
K18028	Energy/central carbon
K18029	Energy/central carbon
K18030	Energy/central carbon
K18067	Energy/central carbon
K18068	Energy/central carbon
K18069	Energy/central carbon
K18070	Transport
K18072	Signal transduction
K18073	Signal transduction
K18074	Energy/central carbon
K18075	Energy/central carbon
K18076	Energy/central carbon
K18077	Energy/central carbon
K18092	Energy/central carbon
K18094	Antibiotic resistance/efflux
K18095	Antibiotic resistance/efflux
K18096	Lipid metabolism
K18098	Transcriptional regulation
K18099	Transcriptional regulation
K18100	Cofactors/vitamins
K18101	DNA replication/repair/maintenance
K18110	Carbohydrate metabolism
K18115	Carbohydrate metabolism
K18120	Energy/central carbon
K18121	Energy/central carbon
K18122	Carbohydrate metabolism
K18129	Transcriptional regulation
K18130	Transcriptional regulation
K18131	Transcriptional regulation
K18135	Transcriptional regulation
K18136	Transcriptional regulation
K18137	Transcriptional regulation
K18145	Antibiotic resistance/efflux
K18147	Antibiotic resistance/efflux
K18148	Translation/ribosome
K18151	Carbohydrate metabolism
K18195	Carbohydrate metabolism
K18197	Carbohydrate metabolism
K18198	Carbohydrate metabolism
K18214	Transport
K18218	Antibiotic resistance/efflux
K18220	Antibiotic resistance/efflux
K18221	Antibiotic resistance/efflux
K18223	Translation/ribosome
K18224	Translation/ribosome
K18225	Translation/ribosome
K18226	Other
K18230	Transport
K18232	Transport
K18233	Transport
K18235	Energy/central carbon
K18240	Tryptophan metabolism
K18242	Translation/ribosome
K18243	Translation/ribosome
K18257	Energy/central carbon
K18275	Energy/central carbon
K18277	Cofactors/vitamins
K18285	Carbohydrate metabolism
K18286	Amino acid metabolism
K18287	Carbohydrate metabolism
K18288	Carbohydrate metabolism
K18289	Carbohydrate metabolism
K18290	Carbohydrate metabolism
K18291	Carbohydrate metabolism
K18292	Energy/central carbon
K18294	Transcriptional regulation
K18295	Antibiotic resistance/efflux
K18296	Antibiotic resistance/efflux
K18297	Transcriptional regulation
K18300	Antibiotic resistance/efflux
K18302	Antibiotic resistance/efflux
K18304	Transcriptional regulation
K18305	Other
K18306	Antibiotic resistance/efflux
K18307	Antibiotic resistance/efflux
K18308	Antibiotic resistance/efflux
K18314	Energy/central carbon
K18316	Energy/central carbon
K18320	Mobilome
K18321	Antibiotic resistance/efflux
K18322	Antibiotic resistance/efflux
K18323	Antibiotic resistance/efflux
K18330	Cofactors/vitamins
K18331	Cofactors/vitamins
K18332	Cofactors/vitamins
K18333	Energy/central carbon
K18334	Energy/central carbon
K18335	Energy/central carbon
K18336	Carbohydrate metabolism
K18337	Energy/central carbon
K18344	Signal transduction
K18345	Signal transduction
K18346	Antibiotic resistance/efflux
K18351	Signal transduction
K18352	Signal transduction
K18353	Antibiotic resistance/efflux
K18364	Energy/central carbon
K18365	Energy/central carbon
K18366	Energy/central carbon
K18369	SCFA fermentation
K18372	SCFA fermentation
K18373	Other
K18374	Other
K18376	Other
K18379	Transcriptional regulation
K18382	Cofactors/vitamins
K18383	Carbohydrate metabolism
K18384	Energy/central carbon
K18425	Amino acid metabolism
K18429	Energy/central carbon
K18430	Carbohydrate metabolism
K18431	Carbohydrate metabolism
K18441	Amino acid metabolism
K18455	Amino acid metabolism
K18457	Amino acid metabolism
K18459	Carbohydrate metabolism
K18471	Cofactors/vitamins
K18472	Cofactors/vitamins
K18473	Lipid metabolism
K18474	Lipid metabolism
K18475	Amino acid metabolism
K18480	Transport
K18481	Defense systems
K18530	Carbohydrate metabolism
K18535	Energy/central carbon
K18540	Nucleotide metabolism
K18541	Amino acid metabolism
K18545	Amino acid metabolism
K18546	Carbohydrate metabolism
K18547	Carbohydrate metabolism
K18553	Transport
K18554	Antibiotic resistance/efflux
K18555	Antibiotic resistance/efflux
K18579	Carbohydrate metabolism
K18586	Energy/central carbon
K18589	Other
K18591	Other
K18622	Amino acid metabolism
K18626	Amino acid metabolism
K18642	Amino acid metabolism
K18653	Synaptic pathways
K18654	Signal transduction
K18660	Secondary metabolism
K18661	Secondary metabolism
K18662	Other
K18673	Carbohydrate metabolism
K18676	Transport
K18678	Carbohydrate metabolism
K18697	Carbohydrate metabolism
K18698	Antibiotic resistance/efflux
K18699	Antibiotic resistance/efflux
K18700	Carbohydrate metabolism
K18701	Energy/central carbon
K18707	Other
K18766	Antibiotic resistance/efflux
K18768	Antibiotic resistance/efflux
K18775	Carbohydrate metabolism
K18779	Translation/ribosome
K18785	Carbohydrate metabolism
K18786	Carbohydrate metabolism
K18814	Transport
K18820	Carbohydrate metabolism
K18824	Carbohydrate metabolism
K18827	RNA processing/degradation
K18828	Translation/ribosome
K18830	Defense systems
K18833	Antibiotic resistance/efflux
K18836	Cofactors/vitamins
K18838	Other
K18844	Antibiotic resistance/efflux
K18845	RNA processing/degradation
K18846	RNA processing/degradation
K18851	Lipid metabolism
K18855	Energy/central carbon
K18862	Translation/ribosome
K18893	Antibiotic resistance/efflux
K18895	Transport
K18896	RNA processing/degradation
K18897	RNA processing/degradation
K18898	Antibiotic resistance/efflux
K18899	Antibiotic resistance/efflux
K18901	Antibiotic resistance/efflux
K18902	Antibiotic resistance/efflux
K18903	Antibiotic resistance/efflux
K18904	Antibiotic resistance/efflux
K18905	Transcriptional regulation
K18911	RNA processing/degradation
K18912	Amino acid metabolism
K18917	Carbohydrate metabolism
K18922	Other
K18930	SCFA fermentation
K18933	Tryptophan metabolism
K18936	Antibiotic resistance/efflux
K18941	Signal transduction
K18954	Transcriptional regulation
K18955	Transcriptional regulation
K18958	Transcriptional regulation
K18973	Antibiotic resistance/efflux
K18974	Carbohydrate metabolism
K18975	Antibiotic resistance/efflux
K18981	Energy/central carbon
K18982	Energy/central carbon
K18983	Carbohydrate metabolism
K18984	Protein folding/quality control
K18986	Signal transduction
K18990	Antibiotic resistance/efflux
K18991	Transcriptional regulation
K18996	Other
K19033	Translation/ribosome
K19049	Energy/central carbon
K19050	DNA replication/repair/maintenance
K19051	Other
K19052	Other
K19056	Transcriptional regulation
K19057	Transcriptional regulation
K19058	Transport
K19059	Transport
K19062	Carbohydrate metabolism
K19065	Mobilome
K19068	Energy/central carbon
K19073	Cofactors/vitamins
K19075	Defense systems
K19077	Signal transduction
K19078	Signal transduction
K19079	Transport
K19080	Transport
K19081	Signal transduction
K19082	Signal transduction
K19088	Defense systems
K19090	Defense systems
K19091	Defense systems
K19092	Defense systems
K19096	Antibiotic resistance/efflux
K19097	Antibiotic resistance/efflux
K19098	Antibiotic resistance/efflux
K19113	Carbohydrate metabolism
K19114	Defense systems
K19116	Defense systems
K19137	Defense systems
K19138	Defense systems
K19139	Defense systems
K19140	Defense systems
K19145	Defense systems
K19147	Defense systems
K19148	Other
K19155	Defense systems
K19156	Defense systems
K19160	Carbohydrate metabolism
K19161	Defense systems
K19165	Defense systems
K19169	Defense systems
K19170	Defense systems
K19171	Defense systems
K19172	Defense systems
K19173	Defense systems
K19174	Defense systems
K19175	Defense systems
K19176	Synaptic pathways
K19180	Cofactors/vitamins
K19185	Energy/central carbon
K19189	Cofactors/vitamins
K19191	Cofactors/vitamins
K19200	Other
K19208	Secondary metabolism
K19209	Antibiotic resistance/efflux
K19216	Antibiotic resistance/efflux
K19231	Motility/adhesion
K19238	Other
K19242	Transcriptional regulation
K19244	Amino acid metabolism
K19246	Energy/central carbon
K19268	Energy/central carbon
K19272	Carbohydrate metabolism
K19274	Carbohydrate metabolism
K19278	Carbohydrate metabolism
K19290	Carbohydrate metabolism
K19291	Carbohydrate metabolism
K19292	Other
K19293	Other
K19295	Other
K19296	Other
K19298	Cofactors/vitamins
K19300	Carbohydrate metabolism
K19303	Cell envelope/biogenesis
K19310	Transport
K19311	Carbohydrate metabolism
K19314	Carbohydrate metabolism
K19319	Antibiotic resistance/efflux
K19320	Antibiotic resistance/efflux
K19322	Antibiotic resistance/efflux
K19332	Other
K19335	Transcriptional regulation
K19339	Transcriptional regulation
K19341	Transport
K19342	Protein folding/quality control
K19343	Transcriptional regulation
K19344	Cofactors/vitamins
K19345	Other
K19351	Cell envelope/biogenesis
K19355	Carbohydrate metabolism
K19405	Other
K19411	Transcriptional regulation
K19417	Transcriptional regulation
K19418	Other
K19419	Other
K19420	Tryptophan metabolism
K19421	Other
K19423	Carbohydrate metabolism
K19425	Carbohydrate metabolism
K19427	Carbohydrate metabolism
K19429	Carbohydrate metabolism
K19430	Carbohydrate metabolism
K19431	Carbohydrate metabolism
K19432	Transcriptional regulation
K19433	Motility/adhesion
K19449	Transcriptional regulation
K19506	Transport
K19540	Transport
K19541	Antibiotic resistance/efflux
K19545	Amino acid metabolism
K19546	Tryptophan metabolism
K19547	Energy/central carbon
K19548	Energy/central carbon
K19549	Amino acid metabolism
K19550	Energy/central carbon
K19551	Energy/central carbon
K19552	Transport
K19572	Carbohydrate metabolism
K19575	Transcriptional regulation
K19578	Antibiotic resistance/efflux
K19580	Carbohydrate metabolism
K19587	Transcriptional regulation
K19592	Transcriptional regulation
K19593	Antibiotic resistance/efflux
K19594	Antibiotic resistance/efflux
K19595	Antibiotic resistance/efflux
K19597	Carbohydrate metabolism
K19609	Signal transduction
K19616	Signal transduction
K19617	Signal transduction
K19618	Transcriptional regulation
K19620	Other
K19621	Signal transduction
K19622	Signal transduction
K19623	Signal transduction
K19624	Transcriptional regulation
K19640	Signal transduction
K19641	Signal transduction
K19646	Transport
K19661	Signal transduction
K19668	Carbohydrate metabolism
K19670	Other
K19686	Translation/ribosome
K19687	Defense systems
K19697	SCFA fermentation
K19701	Carbohydrate metabolism
K19702	Amino acid metabolism
K19709	SCFA fermentation
K19710	Carbohydrate metabolism
K19711	Cofactors/vitamins
K19713	Energy/central carbon
K19714	Energy/central carbon
K19715	Carbohydrate metabolism
K19720	Carbohydrate metabolism
K19731	Transcriptional regulation
K19736	Antibiotic resistance/efflux
K19737	RNA processing/degradation
K19744	Energy/central carbon
K19746	Energy/central carbon
K19761	Carbohydrate metabolism
K19777	Protein folding/quality control
K19778	Protein folding/quality control
K20038	Other
K20107	Other
K20116	Other
K20117	Other
K20484	Carbohydrate metabolism
K20895	Carbohydrate metabolism
K20938	Tryptophan metabolism
K21001	Other
K21487	Defense systems
K21512	Mobilome
K21591	Cell envelope/biogenesis
K21602	Transcriptional regulation
K21622	Energy/central carbon
K21703	Transcriptional regulation
K21960	Transcriptional regulation
K22186	Energy/central carbon
K22300	Transcriptional regulation
K22303	Carbohydrate metabolism
K22306	Signal transduction
K00006	Cofactors/vitamins
K00011	Energy/central carbon
K00022	Energy/central carbon
K00025	Energy/central carbon
K00043	Energy/central carbon
K00049	Energy/central carbon
K00062	Energy/central carbon
K00063	Energy/central carbon
K00083	Transport
K00085	Energy/central carbon
K00106	Energy/central carbon
K00107	Energy/central carbon
K00109	Energy/central carbon
K00125	SCFA fermentation
K00139	Energy/central carbon
K00143	Energy/central carbon
K00149	Transport
K00150	Cofactors/vitamins
K00170	Energy/central carbon
K00171	Energy/central carbon
K00186	Energy/central carbon
K00187	Energy/central carbon
K00188	Energy/central carbon
K00189	Energy/central carbon
K00192	Energy/central carbon
K00193	Energy/central carbon
K00195	Energy/central carbon
K11240	Tryptophan metabolism
K00203	Other
K00204	Transcriptional regulation
K00205	Transcriptional regulation
K00207	Energy/central carbon
K00214	Energy/central carbon
K00222	Energy/central carbon
K00223	Energy/central carbon
K00234	Energy/central carbon
K00235	Energy/central carbon
K00236	Energy/central carbon
K00237	Transport
K00264	Energy/central carbon
K00279	Energy/central carbon
K00280	Other
K00288	Cofactors/vitamins
K00289	Energy/central carbon
K00295	Cofactors/vitamins
K00319	Energy/central carbon
K00323	Cofactors/vitamins
K00327	Other
K00399	Carbohydrate metabolism
K14663	Amino acid metabolism
K00401	Carbohydrate metabolism
K00402	Energy/central carbon
K00414	Cofactors/vitamins
K00415	Cofactors/vitamins
K00416	Cofactors/vitamins
K00417	Cofactors/vitamins
K00418	Cofactors/vitamins
K00420	Cofactors/vitamins
K00423	Energy/central carbon
K00430	Energy/central carbon
K00434	Energy/central carbon
K00436	Cofactors/vitamins
K00437	Carbohydrate metabolism
K00440	Other
K18043	Tryptophan metabolism
K00443	Other
K00454	Carbohydrate metabolism
K00462	Carbohydrate metabolism
K00464	Carbohydrate metabolism
K00474	Energy/central carbon
K00475	Energy/central carbon
K00485	Cofactors/vitamins
K00487	Carbohydrate metabolism
K00511	Cofactors/vitamins
K00514	Carbohydrate metabolism
K00524	Energy/central carbon
K00531	Energy/central carbon
K18045	Tryptophan metabolism
K18046	Tryptophan metabolism
K00540	Cofactors/vitamins
K00544	Carbohydrate metabolism
K00545	Synaptic pathways
K00550	Carbohydrate metabolism
K00555	RNA processing/degradation
K00559	Carbohydrate metabolism
K00565	RNA processing/degradation
K00577	Carbohydrate metabolism
K00578	Carbohydrate metabolism
K00579	Carbohydrate metabolism
K00580	Carbohydrate metabolism
K00581	Carbohydrate metabolism
K00582	Carbohydrate metabolism
K00583	Carbohydrate metabolism
K00584	Carbohydrate metabolism
K00586	Carbohydrate metabolism
K00589	Carbohydrate metabolism
K00599	RNA processing/degradation
K00601	Carbohydrate metabolism
K00608	Amino acid metabolism
K00618	Carbohydrate metabolism
K00622	Carbohydrate metabolism
K00637	Carbohydrate metabolism
K00653	Other
K00660	Carbohydrate metabolism
K00667	Lipid metabolism
K00668	Lipid metabolism
K00670	Carbohydrate metabolism
K00671	Carbohydrate metabolism
K00679	Lipid metabolism
K00695	Carbohydrate metabolism
K00698	Carbohydrate metabolism
K00701	Carbohydrate metabolism
K00706	Carbohydrate metabolism
K00709	Carbohydrate metabolism
K00726	Carbohydrate metabolism
K00735	Carbohydrate metabolism
K00743	Carbohydrate metabolism
K00749	Carbohydrate metabolism
K00750	Carbohydrate metabolism
K00770	Carbohydrate metabolism
K00776	Cofactors/vitamins
K00787	Carbohydrate metabolism
K00802	Carbohydrate metabolism
K00804	Carbohydrate metabolism
K00814	Carbohydrate metabolism
K00815	Tryptophan metabolism
K00827	Energy/central carbon
K00837	Carbohydrate metabolism
K00838	Carbohydrate metabolism
K00861	Cofactors/vitamins
K00866	Carbohydrate metabolism
K00877	Carbohydrate metabolism
K00888	Carbohydrate metabolism
K00889	Carbohydrate metabolism
K00894	Carbohydrate metabolism
K00898	Energy/central carbon
K00900	Carbohydrate metabolism
K00902	Carbohydrate metabolism
K00914	Carbohydrate metabolism
K00915	Carbohydrate metabolism
K18804	Cofactors/vitamins
K00921	Carbohydrate metabolism
K00933	Carbohydrate metabolism
K00944	Nucleotide metabolism
K19061	Antibiotic resistance/efflux
K00952	Nucleotide metabolism
K00953	Translation/ribosome
K00967	Carbohydrate metabolism
K00987	Carbohydrate metabolism
K00988	Carbohydrate metabolism
K00993	Other
K00999	Carbohydrate metabolism
K01001	Carbohydrate metabolism
K01025	Carbohydrate metabolism
K01052	Carbohydrate metabolism
K01062	Other
K01074	Carbohydrate metabolism
K01094	Carbohydrate metabolism
K01098	Other
K01099	Carbohydrate metabolism
K01102	Energy/central carbon
K01110	Carbohydrate metabolism
K01121	Nucleotide metabolism
K01135	Transport
K01136	Carbohydrate metabolism
K01164	Translation/ribosome
K01170	Carbohydrate metabolism
K01177	Carbohydrate metabolism
K01180	Carbohydrate metabolism
K01196	Carbohydrate metabolism
K01202	Carbohydrate metabolism
K01210	Carbohydrate metabolism
K01213	Carbohydrate metabolism
K01225	Carbohydrate metabolism
K01228	Carbohydrate metabolism
K01244	Carbohydrate metabolism
K01254	Carbohydrate metabolism
K01279	Protein folding/quality control
K01280	Protein folding/quality control
K01282	Carbohydrate metabolism
K01288	Amino acid metabolism
K01293	Amino acid metabolism
K01307	Carbohydrate metabolism
K01336	Carbohydrate metabolism
K01341	Carbohydrate metabolism
K01363	Carbohydrate metabolism
K01365	Carbohydrate metabolism
K01373	Carbohydrate metabolism
K01378	Carbohydrate metabolism
K01379	Carbohydrate metabolism
K01381	Carbohydrate metabolism
K01405	Carbohydrate metabolism
K01408	Carbohydrate metabolism
K01410	Protein folding/quality control
K01412	Protein folding/quality control
K01427	Other
K01437	Amino acid metabolism
K01440	Carbohydrate metabolism
K01456	Amino acid metabolism
K01471	Carbohydrate metabolism
K01490	Amino acid metabolism
K01509	Carbohydrate metabolism
K01511	Carbohydrate metabolism
K01514	Carbohydrate metabolism
K01517	Carbohydrate metabolism
K01518	Other
K01519	Carbohydrate metabolism
K01522	Other
K01526	Carbohydrate metabolism
K01527	Energy/central carbon
K01530	Lipid metabolism
K01539	Transport
K01557	Carbohydrate metabolism
K01583	Amino acid metabolism
K01592	Tryptophan metabolism
K01622	Carbohydrate metabolism
K00400	Carbohydrate metabolism
K01656	Tryptophan metabolism
K01683	Energy/central carbon
K01694	Tryptophan metabolism
K01705	Energy/central carbon
K01723	Energy/central carbon
K01731	Carbohydrate metabolism
K01757	Carbohydrate metabolism
K01762	Carbohydrate metabolism
K01764	Cofactors/vitamins
K01769	Nucleotide metabolism
K01836	Energy/central carbon
K01837	Energy/central carbon
K01850	Tryptophan metabolism
K01852	Carbohydrate metabolism
K01853	Defense systems
K01900	Carbohydrate metabolism
K01896	Lipid metabolism
K01899	Carbohydrate metabolism
K02092	Carbohydrate metabolism
K01909	DNA replication/repair/maintenance
K01930	Carbohydrate metabolism
K01942	DNA replication/repair/maintenance
K02219	Carbohydrate metabolism
K01947	DNA replication/repair/maintenance
K01948	Translation/ribosome
K01954	Translation/ribosome
K01985	RNA processing/degradation
K01988	Carbohydrate metabolism
K02087	Carbohydrate metabolism
K02088	Carbohydrate metabolism
K02090	Carbohydrate metabolism
K02309	Carbohydrate metabolism
K02093	Energy/central carbon
K02094	Other
K02095	Carbohydrate metabolism
K02096	Other
K02097	Carbohydrate metabolism
K02692	Carbohydrate metabolism
K02125	Transport
K02126	Transport
K02127	Transport
K02129	Transport
K02130	Transport
K02132	Transport
K02133	Transport
K02134	Transport
K02135	Transport
K02136	Transport
K02137	Transport
K02138	Transport
K02139	Transport
K02140	Transport
K02142	Transport
K02144	Transport
K02145	Transport
K02146	Transport
K02147	Transport
K02148	Transport
K02149	Transport
K02150	Transport
K02151	Transport
K02152	Transport
K02153	Transport
K02154	Transport
K02155	Transport
K02178	Amino acid metabolism
K02179	Cell envelope/biogenesis
K02180	Cell envelope/biogenesis
K02183	Carbohydrate metabolism
K02201	Carbohydrate metabolism
K02202	Carbohydrate metabolism
K02206	Carbohydrate metabolism
K02207	Protein folding/quality control
K02208	Carbohydrate metabolism
K02209	DNA replication/repair/maintenance
K02210	DNA replication/repair/maintenance
K02212	DNA replication/repair/maintenance
K02213	Cell envelope/biogenesis
K02214	Cell envelope/biogenesis
K02218	Carbohydrate metabolism
K02693	Carbohydrate metabolism
K02220	Carbohydrate metabolism
K02256	Cofactors/vitamins
K02260	Cofactors/vitamins
K02261	Cofactors/vitamins
K02262	Cofactors/vitamins
K02263	Cofactors/vitamins
K02264	Cofactors/vitamins
K02265	Cofactors/vitamins
K02266	Cofactors/vitamins
K02267	Cofactors/vitamins
K02268	Cofactors/vitamins
K02269	Cofactors/vitamins
K02270	Cofactors/vitamins
K02271	Cofactors/vitamins
K02272	Cofactors/vitamins
K02694	Carbohydrate metabolism
K02831	Tryptophan metabolism
K02286	Signal transduction
K02287	Signal transduction
K02288	Energy/central carbon
K02289	Energy/central carbon
K02290	Other
K02292	Transport
K02293	Carbohydrate metabolism
K02294	Other
K02307	Energy/central carbon
K03105	Signal transduction
K02318	Carbohydrate metabolism
K02319	DNA replication/repair/maintenance
K02320	DNA replication/repair/maintenance
K02321	DNA replication/repair/maintenance
K02322	DNA replication/repair/maintenance
K02323	DNA replication/repair/maintenance
K02324	DNA replication/repair/maintenance
K02325	DNA replication/repair/maintenance
K02326	DNA replication/repair/maintenance
K02327	DNA replication/repair/maintenance
K02328	DNA replication/repair/maintenance
K02331	DNA replication/repair/maintenance
K02332	DNA replication/repair/maintenance
K02350	DNA replication/repair/maintenance
K02365	Carbohydrate metabolism
K02383	Motility/adhesion
K02486	Signal transduction
K02515	Amino acid metabolism
K02516	Carbohydrate metabolism
K02537	Other
K02540	DNA replication/repair/maintenance
K02541	DNA replication/repair/maintenance
K02542	DNA replication/repair/maintenance
K02543	Cell envelope/biogenesis
K02544	Other
K02555	Tryptophan metabolism
K02599	Carbohydrate metabolism
K02603	Energy/central carbon
K02604	Energy/central carbon
K02605	Energy/central carbon
K02606	Energy/central carbon
K02607	Energy/central carbon
K02608	Energy/central carbon
K02626	Amino acid metabolism
K02634	Carbohydrate metabolism
K02635	Cofactors/vitamins
K03107	Signal transduction
K02638	Carbohydrate metabolism
K02639	Transcriptional regulation
K03108	Signal transduction
K02641	Energy/central carbon
K03109	Signal transduction
K02677	Other
K02683	DNA replication/repair/maintenance
K02684	DNA replication/repair/maintenance
K02685	DNA replication/repair/maintenance
K02689	Transport
K02690	Transport
K02691	Transport
K03114	Cell envelope/biogenesis
K03115	Carbohydrate metabolism
K04345	Cell envelope/biogenesis
K02696	Energy/central carbon
K02697	Energy/central carbon
K02698	Energy/central carbon
K02699	Energy/central carbon
K02700	Energy/central carbon
K04371	Cell envelope/biogenesis
K02704	Carbohydrate metabolism
K02705	Carbohydrate metabolism
K04464	Cell envelope/biogenesis
K04739	Cell envelope/biogenesis
K02708	Cofactors/vitamins
K04795	Cell envelope/biogenesis
K04796	Energy/central carbon
K04797	Energy/central carbon
K05185	Synaptic pathways
K05302	RNA processing/degradation
K05530	DNA replication/repair/maintenance
K02715	Other
K05538	Carbohydrate metabolism
K05687	Other
K05922	Energy/central carbon
K05925	RNA processing/degradation
K02720	Cofactors/vitamins
K06653	Translation/ribosome
K06669	Other
K07208	Transport
K08246	Antibiotic resistance/efflux
K02725	Energy/central carbon
K02726	Energy/central carbon
K02727	Energy/central carbon
K02728	Energy/central carbon
K02729	Energy/central carbon
K02730	Energy/central carbon
K02731	Energy/central carbon
K02732	Energy/central carbon
K02733	Energy/central carbon
K02734	Energy/central carbon
K02735	Energy/central carbon
K02736	Energy/central carbon
K02737	Energy/central carbon
K02738	Energy/central carbon
K02739	Energy/central carbon
K02830	Cell envelope/biogenesis
K08293	Cell envelope/biogenesis
K02865	Translation/ribosome
K02866	Translation/ribosome
K02868	Translation/ribosome
K02869	Translation/ribosome
K02870	Translation/ribosome
K02872	Translation/ribosome
K02873	Translation/ribosome
K02875	Translation/ribosome
K02877	Translation/ribosome
K02880	Translation/ribosome
K02882	Translation/ribosome
K02883	Translation/ribosome
K02885	Translation/ribosome
K02889	Translation/ribosome
K02891	Translation/ribosome
K02893	Translation/ribosome
K02894	Translation/ribosome
K02896	Translation/ribosome
K02898	Translation/ribosome
K02900	Translation/ribosome
K02901	Translation/ribosome
K02903	Translation/ribosome
K02905	Translation/ribosome
K02908	Translation/ribosome
K02910	Translation/ribosome
K02912	Translation/ribosome
K02915	Translation/ribosome
K02917	Translation/ribosome
K02918	Translation/ribosome
K02920	Translation/ribosome
K02921	Translation/ribosome
K02922	Translation/ribosome
K02923	Translation/ribosome
K02924	Translation/ribosome
K02925	Translation/ribosome
K02927	Translation/ribosome
K02928	Translation/ribosome
K02929	Translation/ribosome
K02930	Translation/ribosome
K02932	Translation/ribosome
K02934	Translation/ribosome
K02936	Translation/ribosome
K02937	Translation/ribosome
K02938	Translation/ribosome
K02940	Translation/ribosome
K02941	Translation/ribosome
K02942	Translation/ribosome
K02943	Translation/ribosome
K02944	Translation/ribosome
K02947	Translation/ribosome
K02949	Translation/ribosome
K02951	Translation/ribosome
K02953	Translation/ribosome
K02955	Translation/ribosome
K02957	Translation/ribosome
K02958	Translation/ribosome
K02960	Translation/ribosome
K02962	Translation/ribosome
K02964	Translation/ribosome
K02966	Translation/ribosome
K02969	Translation/ribosome
K02971	Translation/ribosome
K02973	Translation/ribosome
K02974	Translation/ribosome
K02975	Translation/ribosome
K02976	Translation/ribosome
K02977	Translation/ribosome
K02978	Translation/ribosome
K02979	Translation/ribosome
K02980	Translation/ribosome
K02981	Translation/ribosome
K02983	Translation/ribosome
K02984	Translation/ribosome
K02985	Translation/ribosome
K02987	Translation/ribosome
K02989	Translation/ribosome
K02991	Translation/ribosome
K02993	Translation/ribosome
K02995	Translation/ribosome
K02997	Translation/ribosome
K02998	Translation/ribosome
K02999	Transcriptional regulation
K03000	Transcriptional regulation
K03002	Transcriptional regulation
K03003	Transcriptional regulation
K03004	Transcriptional regulation
K03005	Transcriptional regulation
K03006	Transcriptional regulation
K03007	DNA replication/repair/maintenance
K03008	Transcriptional regulation
K03009	DNA replication/repair/maintenance
K03010	Transcriptional regulation
K03011	Transcriptional regulation
K03012	Transcriptional regulation
K03013	DNA replication/repair/maintenance
K03014	DNA replication/repair/maintenance
K03015	Transcriptional regulation
K03016	DNA replication/repair/maintenance
K03017	Transcriptional regulation
K03018	Transcriptional regulation
K03019	Transcriptional regulation
K03020	DNA replication/repair/maintenance
K03021	Transcriptional regulation
K03022	Transcriptional regulation
K03023	Transcriptional regulation
K03024	Transcriptional regulation
K03025	Transcriptional regulation
K03026	Transcriptional regulation
K03027	DNA replication/repair/maintenance
K03028	Energy/central carbon
K03029	Energy/central carbon
K03030	Energy/central carbon
K03031	Energy/central carbon
K03032	Energy/central carbon
K03033	Energy/central carbon
K03034	Other
K03035	Energy/central carbon
K03036	Energy/central carbon
K03037	Energy/central carbon
K03038	Energy/central carbon
K03039	Energy/central carbon
K03041	Transcriptional regulation
K03042	Transcriptional regulation
K03044	Transcriptional regulation
K03045	Transcriptional regulation
K03047	Transcriptional regulation
K03049	Transcriptional regulation
K03051	Transcriptional regulation
K03053	Transcriptional regulation
K03055	Transcriptional regulation
K03056	Transcriptional regulation
K03057	Transcriptional regulation
K03058	Transcriptional regulation
K03059	Transcriptional regulation
K03061	Energy/central carbon
K03062	Energy/central carbon
K03063	Energy/central carbon
K03064	Energy/central carbon
K03065	Energy/central carbon
K03066	Energy/central carbon
K03083	Carbohydrate metabolism
K03094	Other
K03097	Energy/central carbon
K03099	Other
K08794	Other
K09431	Other
K10389	Cell envelope/biogenesis
K10967	Carbohydrate metabolism
K10970	Carbohydrate metabolism
K11087	Energy/central carbon
K03120	Translation/ribosome
K03122	Translation/ribosome
K03123	Translation/ribosome
K03124	Translation/ribosome
K03125	Translation/ribosome
K03127	Translation/ribosome
K03128	Translation/ribosome
K03130	Translation/ribosome
K03131	Translation/ribosome
K03132	Translation/ribosome
K03133	Translation/ribosome
K03134	Translation/ribosome
K03135	Translation/ribosome
K03136	Translation/ribosome
K03137	Translation/ribosome
K03139	Translation/ribosome
K03140	Translation/ribosome
K03141	Translation/ribosome
K03142	Translation/ribosome
K03143	Translation/ribosome
K03144	Translation/ribosome
K03145	Translation/ribosome
K03146	Carbohydrate metabolism
K03163	DNA replication/repair/maintenance
K03164	DNA replication/repair/maintenance
K03165	DNA replication/repair/maintenance
K03166	DNA replication/repair/maintenance
K03167	DNA replication/repair/maintenance
K03170	Carbohydrate metabolism
K03178	Protein folding/quality control
K03231	Translation/ribosome
K03232	Translation/ribosome
K03233	Translation/ribosome
K03234	Translation/ribosome
K03235	Translation/ribosome
K03236	Translation/ribosome
K03237	Translation/ribosome
K03238	Translation/ribosome
K03239	Translation/ribosome
K03240	Translation/ribosome
K03241	Translation/ribosome
K03242	Translation/ribosome
K03243	Translation/ribosome
K03245	Translation/ribosome
K03246	Translation/ribosome
K03247	Translation/ribosome
K03248	Translation/ribosome
K03249	Translation/ribosome
K03250	Translation/ribosome
K03251	Translation/ribosome
K03252	Translation/ribosome
K03253	Translation/ribosome
K03254	Translation/ribosome
K03255	Other
K03256	RNA processing/degradation
K03257	Translation/ribosome
K03258	Translation/ribosome
K03259	Translation/ribosome
K03260	Translation/ribosome
K03261	Other
K03262	Translation/ribosome
K03263	Translation/ribosome
K03264	Translation/ribosome
K03265	Translation/ribosome
K03267	Translation/ribosome
K03277	Carbohydrate metabolism
K03283	Transcriptional regulation
K03285	Transport
K03287	Cell envelope/biogenesis
K03330	Translation/ribosome
K03347	Carbohydrate metabolism
K03348	Energy/central carbon
K03349	Energy/central carbon
K03350	Energy/central carbon
K03351	Energy/central carbon
K03352	Energy/central carbon
K03353	Energy/central carbon
K03355	Energy/central carbon
K03357	Energy/central carbon
K03358	Energy/central carbon
K03360	Other
K03361	Other
K03362	Other
K03363	Cofactors/vitamins
K03364	Cofactors/vitamins
K03378	Carbohydrate metabolism
K11088	Energy/central carbon
K11092	Energy/central carbon
K11093	Energy/central carbon
K03420	Energy/central carbon
K11095	Energy/central carbon
K11096	Energy/central carbon
K03434	Carbohydrate metabolism
K03444	Antibiotic resistance/efflux
K03448	Antibiotic resistance/efflux
K03456	Amino acid metabolism
K03504	DNA replication/repair/maintenance
K03505	DNA replication/repair/maintenance
K03506	DNA replication/repair/maintenance
K03507	DNA replication/repair/maintenance
K03508	DNA replication/repair/maintenance
K03509	DNA replication/repair/maintenance
K03511	DNA replication/repair/maintenance
K03514	Transcriptional regulation
K03515	DNA replication/repair/maintenance
K03537	Translation/ribosome
K03538	Translation/ribosome
K03539	Translation/ribosome
K03540	Translation/ribosome
K03552	DNA replication/repair/maintenance
K03622	DNA replication/repair/maintenance
K03626	Energy/central carbon
K03627	Transcriptional regulation
K03653	DNA replication/repair/maintenance
K03661	Transport
K03678	Carbohydrate metabolism
K03679	Carbohydrate metabolism
K03680	Translation/ribosome
K03681	Carbohydrate metabolism
K11097	Energy/central carbon
K03692	Carbohydrate metabolism
K03715	Carbohydrate metabolism
K03725	DNA replication/repair/maintenance
K03726	DNA replication/repair/maintenance
K03738	Energy/central carbon
K03754	Translation/ribosome
K03842	Carbohydrate metabolism
K03843	Carbohydrate metabolism
K03844	Carbohydrate metabolism
K03845	Carbohydrate metabolism
K03846	Carbohydrate metabolism
K03847	Carbohydrate metabolism
K03848	Carbohydrate metabolism
K03849	Carbohydrate metabolism
K03850	Carbohydrate metabolism
K03854	Carbohydrate metabolism
K03857	Cofactors/vitamins
K03858	Energy/central carbon
K03859	Energy/central carbon
K03860	Energy/central carbon
K03861	Energy/central carbon
K03867	Carbohydrate metabolism
K03868	Protein folding/quality control
K03869	Carbohydrate metabolism
K03872	Carbohydrate metabolism
K03875	Other
K03878	Energy/central carbon
K03879	Energy/central carbon
K03880	Energy/central carbon
K03881	Energy/central carbon
K03882	Energy/central carbon
K03883	Energy/central carbon
K03884	Energy/central carbon
K03922	Lipid metabolism
K11098	Energy/central carbon
K11099	Energy/central carbon
K11436	RNA processing/degradation
K03937	Cofactors/vitamins
K03938	Cofactors/vitamins
K03939	Cofactors/vitamins
K11437	RNA processing/degradation
K03942	Energy/central carbon
K03945	Cofactors/vitamins
K03947	Cofactors/vitamins
K03948	Cofactors/vitamins
K03949	Cofactors/vitamins
K03950	Cofactors/vitamins
K03952	Cofactors/vitamins
K03953	Cofactors/vitamins
K11439	RNA processing/degradation
K03957	Cofactors/vitamins
K03959	Cofactors/vitamins
K03963	Cofactors/vitamins
K03964	Cofactors/vitamins
K03965	Cofactors/vitamins
K03966	Cofactors/vitamins
K04036	Carbohydrate metabolism
K04097	Carbohydrate metabolism
K04105	DNA replication/repair/maintenance
K04108	Energy/central carbon
K04109	Energy/central carbon
K04112	Carbohydrate metabolism
K12449	Energy/central carbon
K04114	Transport
K12462	Translation/ribosome
K04117	Energy/central carbon
K04124	Carbohydrate metabolism
K04125	Carbohydrate metabolism
K04128	Carbohydrate metabolism
K04255	Carbohydrate metabolism
K04257	Signal transduction
K12591	Transport
K04348	Amino acid metabolism
K04353	Other
K04354	Amino acid metabolism
K12662	Energy/central carbon
K04373	Translation/ribosome
K04382	Amino acid metabolism
K04392	Defense systems
K04393	Cell envelope/biogenesis
K04409	Carbohydrate metabolism
K04412	Amino acid metabolism
K04441	Carbohydrate metabolism
K04456	Amino acid metabolism
K04459	Carbohydrate metabolism
K04460	Amino acid metabolism
K12673	Amino acid metabolism
K04479	DNA replication/repair/maintenance
K04480	Carbohydrate metabolism
K04482	DNA replication/repair/maintenance
K04483	DNA replication/repair/maintenance
K04484	DNA replication/repair/maintenance
K04499	Other
K04501	Carbohydrate metabolism
K04505	Carbohydrate metabolism
K04506	Protein folding/quality control
K12843	Energy/central carbon
K04513	Transport
K04515	Carbohydrate metabolism
K04523	Carbohydrate metabolism
K12844	Energy/central carbon
K04536	Nucleotide metabolism
K04537	Nucleotide metabolism
K04551	Protein folding/quality control
K04552	Protein folding/quality control
K04554	Protein folding/quality control
K04555	Protein folding/quality control
K04560	Carbohydrate metabolism
K04563	Carbohydrate metabolism
K04569	Protein folding/quality control
K04574	Carbohydrate metabolism
K04608	Transport
K04627	Transport
K04630	Nucleotide metabolism
K04640	Nucleotide metabolism
K04641	Carbohydrate metabolism
K04646	Translation/ribosome
K04648	Carbohydrate metabolism
K04649	Protein folding/quality control
K04676	Carbohydrate metabolism
K04688	Translation/ribosome
K04705	Carbohydrate metabolism
K04706	DNA replication/repair/maintenance
K04708	Energy/central carbon
K04709	Carbohydrate metabolism
K04711	Other
K04713	Carbohydrate metabolism
K04728	Carbohydrate metabolism
K04730	Carbohydrate metabolism
K04733	Carbohydrate metabolism
K12845	Energy/central carbon
K04778	Translation/ribosome
K04789	Translation/ribosome
K04790	Secondary metabolism
K04791	Secondary metabolism
K04792	Translation/ribosome
K04793	Carbohydrate metabolism
K12875	Cell envelope/biogenesis
K13130	Other
K13162	Transport
K13513	Lipid metabolism
K04798	Energy/central carbon
K04799	Carbohydrate metabolism
K04800	Translation/ribosome
K04801	Translation/ribosome
K04802	Cell envelope/biogenesis
K04883	Transport
K04962	Signal transduction
K05012	Transport
K05016	Transport
K05019	Transport
K05036	Synaptic pathways
K13758	Energy/central carbon
K05208	Transport
K05236	Transport
K05277	Carbohydrate metabolism
K05278	Carbohydrate metabolism
K05280	Cofactors/vitamins
K05282	Energy/central carbon
K05283	Lipid metabolism
K05284	Carbohydrate metabolism
K05285	Carbohydrate metabolism
K05286	Carbohydrate metabolism
K05287	Carbohydrate metabolism
K05288	Carbohydrate metabolism
K05289	Energy/central carbon
K05290	Energy/central carbon
K05291	Energy/central carbon
K05292	Energy/central carbon
K05293	Energy/central carbon
K05294	Carbohydrate metabolism
K05298	Energy/central carbon
K05299	Amino acid metabolism
K13830	Amino acid metabolism
K05304	Carbohydrate metabolism
K05305	Carbohydrate metabolism
K05310	Carbohydrate metabolism
K05355	Carbohydrate metabolism
K05356	Carbohydrate metabolism
K05359	Tryptophan metabolism
K05361	Lipid metabolism
K05371	Energy/central carbon
K05378	Other
K05381	Other
K05387	Transport
K05389	Transport
K05391	Transport
K05394	Carbohydrate metabolism
K05443	Carbohydrate metabolism
K05497	Translation/ribosome
K05528	Other
K05529	DNA replication/repair/maintenance
K13831	Carbohydrate metabolism
K05531	Carbohydrate metabolism
K05532	Carbohydrate metabolism
K05534	Carbohydrate metabolism
K13942	Carbohydrate metabolism
K05542	Energy/central carbon
K05543	Energy/central carbon
K05544	Energy/central carbon
K05545	Energy/central carbon
K05546	Carbohydrate metabolism
K05572	Cofactors/vitamins
K05573	Cofactors/vitamins
K05574	Cofactors/vitamins
K05575	Cofactors/vitamins
K05578	Cofactors/vitamins
K05579	Cofactors/vitamins
K05580	Cofactors/vitamins
K05581	Cofactors/vitamins
K05582	Cofactors/vitamins
K05583	Cofactors/vitamins
K05584	Cofactors/vitamins
K05585	Cofactors/vitamins
K13998	Carbohydrate metabolism
K14128	Carbohydrate metabolism
K14297	Transport
K05605	Carbohydrate metabolism
K05609	Protein folding/quality control
K05610	Protein folding/quality control
K05651	Transport
K05660	Transport
K05661	Transport
K05662	Transport
K05666	Transport
K14300	Transport
K05716	Energy/central carbon
K05747	Other
K05749	Other
K14301	Transport
K05754	Energy/central carbon
K05755	Energy/central carbon
K05756	Energy/central carbon
K05757	Energy/central carbon
K05758	Energy/central carbon
K05759	Carbohydrate metabolism
K05760	Carbohydrate metabolism
K05765	Carbohydrate metabolism
K05767	Other
K05806	Carbohydrate metabolism
K05821	Carbohydrate metabolism
K05850	Transport
K05853	Transport
K05857	Carbohydrate metabolism
K05863	Nucleotide metabolism
K05864	Energy/central carbon
K05868	Carbohydrate metabolism
K05869	Carbohydrate metabolism
K05884	Cofactors/vitamins
K05894	Energy/central carbon
K05906	Energy/central carbon
K05907	Amino acid metabolism
K05909	Carbohydrate metabolism
K14303	Transport
K14304	Transport
K14306	Transport
K05928	Carbohydrate metabolism
K05929	Carbohydrate metabolism
K05933	Energy/central carbon
K05941	Amino acid metabolism
K05951	Cofactors/vitamins
K05954	Other
K14308	Transport
K05956	Energy/central carbon
K05978	DNA replication/repair/maintenance
K06002	Carbohydrate metabolism
K06005	Carbohydrate metabolism
K06027	Transport
K06030	Carbohydrate metabolism
K06058	Carbohydrate metabolism
K06062	Carbohydrate metabolism
K06063	Translation/ribosome
K06067	Carbohydrate metabolism
K06072	Cofactors/vitamins
K06099	Amino acid metabolism
K06100	Carbohydrate metabolism
K06106	Carbohydrate metabolism
K06108	Other
K06109	Other
K06111	Carbohydrate metabolism
K06123	Other
K06125	Carbohydrate metabolism
K06126	Carbohydrate metabolism
K06127	Carbohydrate metabolism
K06130	Carbohydrate metabolism
K06174	Transport
K06184	Transport
K06185	Transport
K06210	Carbohydrate metabolism
K06228	Carbohydrate metabolism
K06237	Transport
K06257	Carbohydrate metabolism
K14309	Transport
K06268	Amino acid metabolism
K06269	Amino acid metabolism
K14310	Transport
K06315	Transcriptional regulation
K06316	Other
K06327	Other
K06376	Transcriptional regulation
K06428	Other
K06429	Other
K06441	Energy/central carbon
K06444	Carbohydrate metabolism
K06478	Tryptophan metabolism
K06566	Other
K06568	Carbohydrate metabolism
K06580	Transport
K06604	Motility/adhesion
K06617	Carbohydrate metabolism
K06628	Cell envelope/biogenesis
K06630	Carbohydrate metabolism
K06631	Carbohydrate metabolism
K06634	Carbohydrate metabolism
K14311	Transport
K06639	Cell envelope/biogenesis
K06640	Amino acid metabolism
K06644	Carbohydrate metabolism
K06646	Carbohydrate metabolism
K06647	Transcriptional regulation
K06649	Transcriptional regulation
K06652	Carbohydrate metabolism
K14312	Transport
K06655	Transcriptional regulation
K06659	Carbohydrate metabolism
K06660	Amino acid metabolism
K06661	DNA replication/repair/maintenance
K06662	Cell envelope/biogenesis
K06664	Carbohydrate metabolism
K06665	Transcriptional regulation
K06666	Transcriptional regulation
K06667	Amino acid metabolism
K06668	Amino acid metabolism
K14313	Transport
K06670	Energy/central carbon
K06671	Energy/central carbon
K14400	RNA processing/degradation
K14407	Translation/ribosome
K14408	Translation/ribosome
K06676	Energy/central carbon
K06677	Energy/central carbon
K06678	Energy/central carbon
K06679	Other
K14512	Cell envelope/biogenesis
K14555	Transport
K06682	Other
K06683	Cell envelope/biogenesis
K14664	Other
K06685	Transcriptional regulation
K06688	Protein folding/quality control
K06689	Protein folding/quality control
K06691	Energy/central carbon
K06693	Energy/central carbon
K06694	Energy/central carbon
K06699	Transcriptional regulation
K15114	Transport
K06794	Other
K06862	Other
K06863	Translation/ribosome
K06865	Transport
K06868	Translation/ribosome
K06869	Other
K06873	Other
K06874	Transport
K06875	Cell envelope/biogenesis
K06882	Other
K06892	Carbohydrate metabolism
K06913	Other
K06914	Tryptophan metabolism
K06922	Other
K06927	DNA replication/repair/maintenance
K06928	Carbohydrate metabolism
K06931	Other
K15564	Energy/central carbon
K06933	Other
K06935	Other
K06936	Carbohydrate metabolism
K06939	Other
K06943	Energy/central carbon
K06944	Energy/central carbon
K06947	Carbohydrate metabolism
K15639	Other
K15755	Energy/central carbon
K06965	Other
K06981	Carbohydrate metabolism
K06982	Carbohydrate metabolism
K06984	Other
K07013	Other
K07022	Other
K07041	Other
K07049	Carbohydrate metabolism
K07055	RNA processing/degradation
K07057	Transport
K07060	Carbohydrate metabolism
K07066	Other
K07072	Carbohydrate metabolism
K07073	Other
K07103	Other
K07108	Other
K07128	Other
K07129	Other
K07134	Other
K07135	Other
K07142	Carbohydrate metabolism
K07143	Other
K07151	Carbohydrate metabolism
K07158	Other
K07159	Other
K07162	Other
K07163	Other
K07176	Amino acid metabolism
K07179	Carbohydrate metabolism
K07190	Carbohydrate metabolism
K07195	Carbohydrate metabolism
K07198	Carbohydrate metabolism
K16017	DNA replication/repair/maintenance
K07203	Amino acid metabolism
K16020	Energy/central carbon
K16096	Antibiotic resistance/efflux
K07242	Transport
K07244	Transport
K07249	Energy/central carbon
K07252	Carbohydrate metabolism
K07254	RNA processing/degradation
K07255	Energy/central carbon
K07256	Energy/central carbon
K07280	Cell envelope/biogenesis
K07288	Transport
K07297	Signal transduction
K07311	Other
K07325	Cell envelope/biogenesis
K07330	Motility/adhesion
K07331	Motility/adhesion
K07332	Motility/adhesion
K07333	Motility/adhesion
K07342	Transport
K07359	Carbohydrate metabolism
K07374	Other
K16097	Antibiotic resistance/efflux
K07388	Motility/adhesion
K07392	Transport
K07398	RNA processing/degradation
K07432	Carbohydrate metabolism
K17255	Translation/ribosome
K07441	Carbohydrate metabolism
K07445	DNA replication/repair/maintenance
K07446	RNA processing/degradation
K07450	Carbohydrate metabolism
K18006	Energy/central carbon
K18008	Energy/central carbon
K07471	Transcriptional regulation
K07472	Other
K07475	Defense systems
K07477	Carbohydrate metabolism
K07489	Mobilome
K07508	Energy/central carbon
K07511	Energy/central carbon
K07512	Antibiotic resistance/efflux
K07513	Energy/central carbon
K07534	Energy/central carbon
K07537	Energy/central carbon
K07538	Energy/central carbon
K07539	Carbohydrate metabolism
K07540	Carbohydrate metabolism
K07542	Carbohydrate metabolism
K07545	Energy/central carbon
K18758	DNA replication/repair/maintenance
K18802	Amino acid metabolism
K19465	Defense systems
K19584	Other
K07555	Other
K07556	Other
K07557	Carbohydrate metabolism
K07558	RNA processing/degradation
K07561	Carbohydrate metabolism
K07562	Transport
K07565	Translation/ribosome
K07569	RNA processing/degradation
K07572	Nucleotide metabolism
K07573	Carbohydrate metabolism
K07575	Carbohydrate metabolism
K07579	Carbohydrate metabolism
K07580	RNA processing/degradation
K07581	RNA processing/degradation
K07583	RNA processing/degradation
K07585	RNA processing/degradation
K07587	Translation/ribosome
K07591	Transcriptional regulation
K07604	Transport
K07656	Signal transduction
K07672	Signal transduction
K07682	Signal transduction
K07721	Transcriptional regulation
K07725	Defense systems
K07728	Transcriptional regulation
K07730	Transcriptional regulation
K07731	Transcriptional regulation
K07732	Cofactors/vitamins
K19603	Cell envelope/biogenesis
K07743	Transcriptional regulation
K07744	Transcriptional regulation
K07745	Transcriptional regulation
K07748	Carbohydrate metabolism
K07750	Cofactors/vitamins
K07760	Carbohydrate metabolism
K07766	Carbohydrate metabolism
K07769	Signal transduction
K07780	Transcriptional regulation
K07827	Energy/central carbon
K07828	Energy/central carbon
K07834	Other
K07835	Other
K07836	Other
K07837	Other
K07838	Other
K07856	Transport
K07857	Transport
K07860	Defense systems
K07861	Defense systems
K07863	Transport
K07870	Energy/central carbon
K07874	Other
K07875	Other
K07876	Other
K07877	Other
K07878	Other
K07879	Other
K07880	Other
K07881	Other
K07882	Other
K07883	Other
K07887	Other
K07888	Other
K07889	Other
K07890	Other
K07891	Other
K07893	Other
K07896	Other
K07897	Other
K07899	Other
K07901	Other
K07902	Other
K07903	Other
K07904	Other
K07905	Other
K07906	Other
K07907	Other
K07908	Other
K07909	Other
K07910	Other
K07913	Other
K07914	Other
K07917	Other
K07918	Other
K07924	Other
K07925	Other
K07928	Other
K07931	Other
K07934	Transport
K06684	Cell envelope/biogenesis
K07937	Translation/ribosome
K07938	Translation/ribosome
K07939	Translation/ribosome
K07940	Translation/ribosome
K07941	Translation/ribosome
K07942	Other
K07943	Other
K07944	Other
K07949	Carbohydrate metabolism
K07950	Other
K07952	Other
K07953	Energy/central carbon
K07955	Other
K07960	Other
K07975	Transport
K07976	Transport
K07978	Transcriptional regulation
K07991	Protein folding/quality control
K08050	Carbohydrate metabolism
K08052	Carbohydrate metabolism
K08054	Carbohydrate metabolism
K08075	Carbohydrate metabolism
K08096	Carbohydrate metabolism
K08098	Carbohydrate metabolism
K08131	Other
K08150	Transport
K08157	Antibiotic resistance/efflux
K08158	Antibiotic resistance/efflux
K08165	Antibiotic resistance/efflux
K08175	Antibiotic resistance/efflux
K08176	Antibiotic resistance/efflux
K08192	Antibiotic resistance/efflux
K08197	Transport
K08202	Transport
K08235	Carbohydrate metabolism
K08237	Carbohydrate metabolism
K08238	Carbohydrate metabolism
K08241	Carbohydrate metabolism
K08243	Energy/central carbon
K08830	Cell envelope/biogenesis
K08247	Amino acid metabolism
K08248	Energy/central carbon
K08254	Carbohydrate metabolism
K08257	Carbohydrate metabolism
K01946	Cofactors/vitamins
K08266	Energy/central carbon
K08269	Amino acid metabolism
K08272	Transport
K08284	Transport
K08286	Amino acid metabolism
K08287	Carbohydrate metabolism
K08288	Carbohydrate metabolism
K02637	Cofactors/vitamins
K08294	Carbohydrate metabolism
K08329	Other
K08330	Other
K02640	Cofactors/vitamins
K08332	Other
K08333	Energy/central carbon
K08334	Carbohydrate metabolism
K08336	Protein folding/quality control
K08337	Protein folding/quality control
K08339	Other
K08341	Synaptic pathways
K02643	Cofactors/vitamins
K08343	Protein folding/quality control
K08355	Energy/central carbon
K08356	Energy/central carbon
K08360	Energy/central carbon
K08479	Signal transduction
K08480	Other
K08486	Carbohydrate metabolism
K08488	Carbohydrate metabolism
K08489	Carbohydrate metabolism
K08490	Carbohydrate metabolism
K08492	Carbohydrate metabolism
K08493	Transport
K08495	Transport
K08496	Transport
K08497	Transport
K03689	Cofactors/vitamins
K08501	Carbohydrate metabolism
K08502	Transcriptional regulation
K08504	Transport
K08505	Transport
K08507	Other
K08513	Transport
K08515	Transport
K08516	Carbohydrate metabolism
K08517	Transport
K08548	Transcriptional regulation
K08568	Carbohydrate metabolism
K08586	Protein folding/quality control
K08590	Amino acid metabolism
K08592	Protein folding/quality control
K08596	Protein folding/quality control
K08597	Protein folding/quality control
K08605	Carbohydrate metabolism
K08624	Carbohydrate metabolism
K08640	Carbohydrate metabolism
K08652	Protein folding/quality control
K08656	Protein folding/quality control
K08658	Protein folding/quality control
K08660	Carbohydrate metabolism
K08683	Energy/central carbon
K08687	Amino acid metabolism
K08689	Energy/central carbon
K08690	Energy/central carbon
K03934	Cofactors/vitamins
K03935	Cofactors/vitamins
K03936	Cofactors/vitamins
K03940	Cofactors/vitamins
K03955	Cofactors/vitamins
K08712	Transport
K08734	DNA replication/repair/maintenance
K08735	DNA replication/repair/maintenance
K08736	DNA replication/repair/maintenance
K08737	DNA replication/repair/maintenance
K08739	DNA replication/repair/maintenance
K08741	DNA replication/repair/maintenance
K08752	Lipid metabolism
K08762	Synaptic pathways
K08770	Protein folding/quality control
K08773	Other
K08776	Carbohydrate metabolism
K08783	Other
K08790	Amino acid metabolism
K07437	Cofactors/vitamins
K08796	Amino acid metabolism
K08798	Carbohydrate metabolism
K08818	Cell envelope/biogenesis
K08819	Carbohydrate metabolism
K08822	Carbohydrate metabolism
K08824	Carbohydrate metabolism
K08827	Amino acid metabolism
K11262	Cofactors/vitamins
K08832	Amino acid metabolism
K08835	Amino acid metabolism
K08838	Amino acid metabolism
K08850	Carbohydrate metabolism
K11353	Cofactors/vitamins
K08852	Amino acid metabolism
K08853	Carbohydrate metabolism
K08856	Amino acid metabolism
K08857	Amino acid metabolism
K08864	Carbohydrate metabolism
K08866	Amino acid metabolism
K08867	Amino acid metabolism
K08869	Carbohydrate metabolism
K08870	Carbohydrate metabolism
K08874	RNA processing/degradation
K08876	Other
K08900	Protein folding/quality control
K15506	Cofactors/vitamins
K08991	Defense systems
K09144	Defense systems
K10882	Defense systems
K08905	Energy/central carbon
K08908	Transport
K08909	Transport
K07463	DNA replication/repair/maintenance
K07466	DNA replication/repair/maintenance
K10739	DNA replication/repair/maintenance
K10740	DNA replication/repair/maintenance
K13211	DNA replication/repair/maintenance
K08939	Translation/ribosome
K00197	Energy/central carbon
K08956	Other
K00442	Energy/central carbon
K08958	Carbohydrate metabolism
K08959	Carbohydrate metabolism
K08960	Carbohydrate metabolism
K08971	Transport
K08975	Transport
K08979	Transport
K08980	Transport
K00533	Energy/central carbon
K09010	Other
K09012	Transcriptional regulation
K09043	Transcriptional regulation
K09051	Transcriptional regulation
K09062	Other
K09074	Translation/ribosome
K09104	Carbohydrate metabolism
K09116	Carbohydrate metabolism
K09119	Energy/central carbon
K09126	Other
K09127	Defense systems
K09129	Other
K09132	Other
K09133	Other
K09138	Other
K09139	Other
K00534	Energy/central carbon
K09141	Other
K00916	Energy/central carbon
K09143	Other
K01648	Energy/central carbon
K09148	Other
K09149	Other
K09150	Other
K09152	Cell envelope/biogenesis
K09175	DNA replication/repair/maintenance
K09182	Other
K09183	Other
K09184	Other
K09201	Transcriptional regulation
K09228	Transport
K09234	Other
K09235	Transport
K09238	Transcriptional regulation
K09240	Transcriptional regulation
K09242	Transcriptional regulation
K09243	Transcriptional regulation
K09245	Transcriptional regulation
K02105	Energy/central carbon
K09248	Transcriptional regulation
K09265	Transcriptional regulation
K09268	Transcriptional regulation
K09272	Energy/central carbon
K09274	Translation/ribosome
K09286	Translation/ribosome
K09288	Translation/ribosome
K09291	Carbohydrate metabolism
K09313	Other
K09321	Other
K09338	Other
K09355	Transcriptional regulation
K09361	Carbohydrate metabolism
K09377	Amino acid metabolism
K09397	Other
K09409	Other
K09413	Transcriptional regulation
K09419	Transcriptional regulation
K09420	Transcriptional regulation
K09422	Transcriptional regulation
K09423	DNA replication/repair/maintenance
K09424	DNA replication/repair/maintenance
K09425	DNA replication/repair/maintenance
K09426	DNA replication/repair/maintenance
K02285	Energy/central carbon
K09448	Transcriptional regulation
K09454	Transcriptional regulation
K09464	Transport
K09466	Transport
K09467	Other
K09468	Transport
K09478	Energy/central carbon
K09480	Carbohydrate metabolism
K09481	Transport
K09482	Lipid metabolism
K09485	Transcriptional regulation
K09486	Carbohydrate metabolism
K09487	Transcriptional regulation
K09488	Other
K09489	Transcriptional regulation
K09490	Protein folding/quality control
K09493	Other
K02707	Energy/central carbon
K09495	Other
K09496	Energy/central carbon
K09497	Carbohydrate metabolism
K09498	Other
K09499	Other
K09500	Other
K09503	Transport
K09504	Transport
K09505	Transport
K09506	Transport
K09510	Transport
K09512	Transport
K09515	Transport
K09518	Transport
K09519	Transport
K09522	Transport
K09523	Transport
K09525	Transport
K09527	Transport
K09528	Transport
K09531	Transport
K09537	Transport
K09539	Transport
K09540	Other
K09548	Energy/central carbon
K09549	Energy/central carbon
K09550	Energy/central carbon
K09553	Carbohydrate metabolism
K09554	Cell envelope/biogenesis
K09561	Other
K09563	Energy/central carbon
K09567	Energy/central carbon
K03388	Energy/central carbon
K03389	Energy/central carbon
K09578	Energy/central carbon
K09579	Energy/central carbon
K09580	Other
K09584	Other
K09587	Carbohydrate metabolism
K09591	Carbohydrate metabolism
K09595	Other
K09613	Energy/central carbon
K09645	Other
K09647	Protein folding/quality control
K09648	Protein folding/quality control
K09659	Carbohydrate metabolism
K03390	Energy/central carbon
K09711	Carbohydrate metabolism
K09713	Other
K09715	Other
K09716	Translation/ribosome
K09717	Other
K09720	Transcriptional regulation
K09721	Other
K09722	DNA replication/repair/maintenance
K09723	DNA replication/repair/maintenance
K09724	Other
K09725	Other
K09727	Other
K09728	Other
K09730	Other
K09732	Other
K09733	Other
K09735	Carbohydrate metabolism
K09736	Other
K09737	Other
K09738	Other
K09739	Energy/central carbon
K09741	Energy/central carbon
K09743	Other
K09746	Other
K09754	Cofactors/vitamins
K09804	Other
K09827	Energy/central carbon
K09828	Energy/central carbon
K09829	Energy/central carbon
K09831	Carbohydrate metabolism
K09833	Carbohydrate metabolism
K09834	Carbohydrate metabolism
K09839	Carbohydrate metabolism
K09840	Energy/central carbon
K09841	Energy/central carbon
K09842	Energy/central carbon
K09847	Cofactors/vitamins
K09872	Transport
K09873	Transport
K09874	Transport
K09944	Other
K10046	Energy/central carbon
K10047	Carbohydrate metabolism
K10080	Carbohydrate metabolism
K10082	Carbohydrate metabolism
K10084	Drug metabolism/xenobiotics
K10085	Drug metabolism/xenobiotics
K10088	Other
K10089	Carbohydrate metabolism
K10105	Carbohydrate metabolism
K10123	Transport
K10134	Carbohydrate metabolism
K10199	Transport
K10215	Cofactors/vitamins
K10222	Carbohydrate metabolism
K10246	Lipid metabolism
K10251	Energy/central carbon
K10256	Lipid metabolism
K10257	Lipid metabolism
K10258	Energy/central carbon
K10259	Other
K10268	Other
K10276	Other
K10277	Protein folding/quality control
K10295	Other
K10297	Other
K10300	DNA replication/repair/maintenance
K10343	Translation/ribosome
K10352	Translation/ribosome
K10354	Other
K10356	Carbohydrate metabolism
K10357	Carbohydrate metabolism
K10364	Other
K03421	Energy/central carbon
K10380	Carbohydrate metabolism
K10385	Carbohydrate metabolism
K10388	Carbohydrate metabolism
K03422	Energy/central carbon
K10393	Transport
K10394	Transport
K10395	Transport
K10396	Transport
K10398	Transport
K10401	Transport
K10402	Transport
K10405	Transport
K10407	Translation/ribosome
K10408	Translation/ribosome
K10410	Translation/ribosome
K10411	Translation/ribosome
K10412	Translation/ribosome
K10413	Translation/ribosome
K04113	Energy/central carbon
K10416	Translation/ribosome
K10418	Translation/ribosome
K10419	Translation/ribosome
K10420	Translation/ribosome
K10426	Carbohydrate metabolism
K10427	Carbohydrate metabolism
K10428	Carbohydrate metabolism
K10429	Other
K10435	Translation/ribosome
K10436	Transport
K10437	Carbohydrate metabolism
K10481	Translation/ribosome
K10523	Other
K10524	Carbohydrate metabolism
K10525	Carbohydrate metabolism
K10535	Energy/central carbon
K10570	DNA replication/repair/maintenance
K10573	Protein folding/quality control
K10574	Protein folding/quality control
K10575	Protein folding/quality control
K10576	Protein folding/quality control
K10577	Protein folding/quality control
K10578	Protein folding/quality control
K10579	Protein folding/quality control
K10580	Protein folding/quality control
K10582	Protein folding/quality control
K10583	Protein folding/quality control
K10589	Protein folding/quality control
K10590	Protein folding/quality control
K10591	Protein folding/quality control
K10592	Protein folding/quality control
K10597	Protein folding/quality control
K10598	Energy/central carbon
K10599	Other
K10601	Protein folding/quality control
K10609	Carbohydrate metabolism
K10610	DNA replication/repair/maintenance
K10611	Other
K04115	Energy/central carbon
K04508	Energy/central carbon
K10622	Energy/central carbon
K10625	Protein folding/quality control
K10627	Protein folding/quality control
K10632	Other
K10638	Protein folding/quality control
K10643	Energy/central carbon
K10661	Protein folding/quality control
K10666	Protein folding/quality control
K10669	Carbohydrate metabolism
K10671	Energy/central carbon
K10672	Energy/central carbon
K10684	Protein folding/quality control
K10685	Protein folding/quality control
K10686	Carbohydrate metabolism
K10687	Protein folding/quality control
K10688	Protein folding/quality control
K10689	Carbohydrate metabolism
K10696	Protein folding/quality control
K10697	Signal transduction
K10702	Carbohydrate metabolism
K10703	Energy/central carbon
K10704	Protein folding/quality control
K10705	Energy/central carbon
K10706	DNA replication/repair/maintenance
K10712	Energy/central carbon
K10717	Carbohydrate metabolism
K10725	Cell envelope/biogenesis
K10726	DNA replication/repair/maintenance
K10727	DNA replication/repair/maintenance
K10729	DNA replication/repair/maintenance
K10731	DNA replication/repair/maintenance
K10732	Energy/central carbon
K10733	Energy/central carbon
K10734	Energy/central carbon
K10735	Energy/central carbon
K10736	Other
K04532	Energy/central carbon
K05586	Energy/central carbon
K10743	Translation/ribosome
K10745	Translation/ribosome
K10746	Carbohydrate metabolism
K05587	Energy/central carbon
K05588	Energy/central carbon
K10752	Other
K10753	Protein folding/quality control
K10754	DNA replication/repair/maintenance
K10755	DNA replication/repair/maintenance
K10756	DNA replication/repair/maintenance
K10760	Nucleotide metabolism
K10761	RNA processing/degradation
K10768	DNA replication/repair/maintenance
K10769	DNA replication/repair/maintenance
K10771	Defense systems
K10772	Defense systems
K10774	Tryptophan metabolism
K10775	Tryptophan metabolism
K10777	DNA replication/repair/maintenance
K05927	Energy/central carbon
K06700	Energy/central carbon
K10799	Carbohydrate metabolism
K10800	DNA replication/repair/maintenance
K10807	Energy/central carbon
K10808	Energy/central carbon
K10822	Transport
K10838	Other
K10839	DNA replication/repair/maintenance
K10840	Carbohydrate metabolism
K10841	DNA replication/repair/maintenance
K10842	Other
K10845	Transcriptional regulation
K10846	DNA replication/repair/maintenance
K10847	Other
K10848	DNA replication/repair/maintenance
K10849	DNA replication/repair/maintenance
K10854	Carbohydrate metabolism
K10855	Energy/central carbon
K07199	Energy/central carbon
K10858	DNA replication/repair/maintenance
K10862	Carbohydrate metabolism
K10863	Carbohydrate metabolism
K10865	DNA replication/repair/maintenance
K10866	DNA replication/repair/maintenance
K10872	DNA replication/repair/maintenance
K10873	DNA replication/repair/maintenance
K10875	DNA replication/repair/maintenance
K10877	DNA replication/repair/maintenance
K10878	DNA replication/repair/maintenance
K10880	Other
K10881	Energy/central carbon
K07375	Cell envelope/biogenesis
K10884	DNA replication/repair/maintenance
K10885	DNA replication/repair/maintenance
K10896	Other
K10901	Other
K10902	DNA replication/repair/maintenance
K10903	Other
K10908	Transcriptional regulation
K10909	Signal transduction
K10910	Other
K10911	Signal transduction
K10912	Signal transduction
K10913	Protein folding/quality control
K10917	Translation/ribosome
K10921	Transcriptional regulation
K10922	Transcriptional regulation
K10940	Cell envelope/biogenesis
K10944	Cofactors/vitamins
K10945	Cofactors/vitamins
K10946	Cofactors/vitamins
K10948	Other
K10949	Signal transduction
K10956	Transport
K10958	DNA replication/repair/maintenance
K07547	Energy/central carbon
K07548	Energy/central carbon
K10977	Carbohydrate metabolism
K10978	Energy/central carbon
K10981	DNA replication/repair/maintenance
K10990	DNA replication/repair/maintenance
K10994	Cell envelope/biogenesis
K10997	Energy/central carbon
K10998	Energy/central carbon
K10999	Carbohydrate metabolism
K11000	Carbohydrate metabolism
K11005	Other
K11013	Defense systems
K11014	Defense systems
K11015	Defense systems
K11018	Other
K11022	Defense systems
K11045	Lipid metabolism
K11047	Other
K11061	Defense systems
K11063	Defense systems
K11067	Carbohydrate metabolism
K07549	Energy/central carbon
K07550	Energy/central carbon
K07936	Energy/central carbon
K11090	Other
K08264	Energy/central carbon
K08696	Energy/central carbon
K08697	Energy/central carbon
K08698	Energy/central carbon
K08699	Energy/central carbon
K08700	Energy/central carbon
K08851	Energy/central carbon
K11108	RNA processing/degradation
K11118	Translation/ribosome
K11121	Cofactors/vitamins
K11126	Carbohydrate metabolism
K11128	Energy/central carbon
K11129	Energy/central carbon
K11130	Energy/central carbon
K11131	Energy/central carbon
K11133	DNA replication/repair/maintenance
K11135	Other
K11137	Transcriptional regulation
K11142	Carbohydrate metabolism
K11147	Energy/central carbon
K11176	Carbohydrate metabolism
K11180	Energy/central carbon
K11181	Energy/central carbon
K11186	Energy/central carbon
K11187	Energy/central carbon
K11188	Energy/central carbon
K11204	DNA replication/repair/maintenance
K11205	DNA replication/repair/maintenance
K11213	Other
K11214	Carbohydrate metabolism
K11215	Transcriptional regulation
K11226	Carbohydrate metabolism
K11227	Carbohydrate metabolism
K11228	Carbohydrate metabolism
K11229	Carbohydrate metabolism
K11230	Carbohydrate metabolism
K11231	Signal transduction
K11232	Signal transduction
K11233	Signal transduction
K11234	Transport
K11236	Cell envelope/biogenesis
K11237	Other
K11238	Other
K09494	Energy/central carbon
K11243	Carbohydrate metabolism
K11244	Cell envelope/biogenesis
K11246	Carbohydrate metabolism
K11251	Carbohydrate metabolism
K11252	Carbohydrate metabolism
K11253	Carbohydrate metabolism
K11254	Carbohydrate metabolism
K11260	Transcriptional regulation
K10365	Energy/central carbon
K11267	Other
K11268	Carbohydrate metabolism
K11269	Mobilome
K11270	Mobilome
K11271	Other
K11272	DNA replication/repair/maintenance
K10618	Energy/central carbon
K11274	Mobilome
K11279	Other
K11292	Translation/ribosome
K11293	Other
K11294	Carbohydrate metabolism
K11303	Carbohydrate metabolism
K11304	Carbohydrate metabolism
K11308	Carbohydrate metabolism
K11309	Transcriptional regulation
K10795	Energy/central carbon
K11314	Transcriptional regulation
K11315	Transcriptional regulation
K11319	Other
K11321	Other
K11322	Other
K11324	DNA replication/repair/maintenance
K11325	Energy/central carbon
K11326	Antibiotic resistance/efflux
K11328	Signal transduction
K11332	Signal transduction
K11338	Other
K11339	Other
K11341	Translation/ribosome
K11344	Other
K11346	Other
K10796	Energy/central carbon
K11354	Signal transduction
K11355	Signal transduction
K11356	Signal transduction
K11359	Transcriptional regulation
K11360	Transcriptional regulation
K11361	Transcriptional regulation
K11362	Transcriptional regulation
K11363	Translation/ribosome
K11364	Translation/ribosome
K11365	Translation/ribosome
K11366	Protein folding/quality control
K11367	DNA replication/repair/maintenance
K10856	Energy/central carbon
K11370	Carbohydrate metabolism
K11372	Translation/ribosome
K11373	Carbohydrate metabolism
K11374	Carbohydrate metabolism
K11375	Carbohydrate metabolism
K11376	Carbohydrate metabolism
K11377	Carbohydrate metabolism
K11378	Carbohydrate metabolism
K11380	Carbohydrate metabolism
K11385	Carbohydrate metabolism
K11389	Energy/central carbon
K11390	Carbohydrate metabolism
K11396	Other
K11397	Other
K11399	Other
K11400	Other
K11401	Carbohydrate metabolism
K11402	Other
K11404	Carbohydrate metabolism
K11407	Carbohydrate metabolism
K11412	Cofactors/vitamins
K11419	Carbohydrate metabolism
K11420	Carbohydrate metabolism
K11423	Carbohydrate metabolism
K11426	Carbohydrate metabolism
K11427	Carbohydrate metabolism
K11429	Carbohydrate metabolism
K11433	Carbohydrate metabolism
K11086	Energy/central carbon
K11273	Cell envelope/biogenesis
K15754	Energy/central carbon
K11446	Carbohydrate metabolism
K11450	Carbohydrate metabolism
K11479	Carbohydrate metabolism
K11482	Carbohydrate metabolism
K11483	Carbohydrate metabolism
K11484	Carbohydrate metabolism
K11492	Energy/central carbon
K16968	Energy/central carbon
K11495	Other
K11497	Other
K11498	Other
K11501	Other
K11504	Other
K11511	Other
K17267	Energy/central carbon
K11520	Signal transduction
K11521	Signal transduction
K11522	Signal transduction
K11523	Signal transduction
K11525	Signal transduction
K11526	Signal transduction
K11528	Carbohydrate metabolism
K11538	Energy/central carbon
K11539	Energy/central carbon
K11540	Transport
K11541	Amino acid metabolism
K11547	Other
K11548	Other
K11551	Energy/central carbon
K11553	Energy/central carbon
K11554	Energy/central carbon
K17490	Energy/central carbon
K17999	Energy/central carbon
K11559	Other
K11560	Other
K11561	Other
K11562	Other
K11563	Other
K11564	Other
K11566	Energy/central carbon
K11567	Energy/central carbon
K11568	Energy/central carbon
K11569	Energy/central carbon
K11572	Energy/central carbon
K11578	Transport
K11592	Carbohydrate metabolism
K11593	Translation/ribosome
K11594	DNA replication/repair/maintenance
K11599	Translation/ribosome
K11600	Carbohydrate metabolism
K18192	Energy/central carbon
K11649	Transcriptional regulation
K18601	Energy/central carbon
K11662	Other
K11663	Translation/ribosome
K11664	Other
K11665	Transport
K11667	Energy/central carbon
K11672	Other
K11673	Other
K11674	Other
K11675	Energy/central carbon
K11676	Energy/central carbon
K11680	Other
K11684	Translation/ribosome
K11696	Other
K11697	Other
K11699	Transcriptional regulation
K11713	Energy/central carbon
K11718	Carbohydrate metabolism
K11756	Energy/central carbon
K11759	Energy/central carbon
K11761	Carbohydrate metabolism
K11762	Energy/central carbon
K11763	Energy/central carbon
K11766	Energy/central carbon
K11767	Other
K11768	Other
K11770	Energy/central carbon
K11771	Energy/central carbon
K11772	Energy/central carbon
K11775	Carbohydrate metabolism
K11777	Carbohydrate metabolism
K11778	Carbohydrate metabolism
K11780	Carbohydrate metabolism
K11781	Tryptophan metabolism
K11786	DNA replication/repair/maintenance
K11788	DNA replication/repair/maintenance
K11789	Other
K11790	Carbohydrate metabolism
K11795	Other
K11799	Other
K11800	Other
K11805	Other
K11806	Other
K11808	Translation/ribosome
K11816	Tryptophan metabolism
K11817	Tryptophan metabolism
K11824	Energy/central carbon
K11826	Energy/central carbon
K11827	Energy/central carbon
K11835	Protein folding/quality control
K11836	Protein folding/quality control
K11838	Protein folding/quality control
K11839	Protein folding/quality control
K11841	Protein folding/quality control
K11842	Protein folding/quality control
K11843	Protein folding/quality control
K11844	Protein folding/quality control
K11849	Protein folding/quality control
K11855	Protein folding/quality control
K11863	Carbohydrate metabolism
K11865	Carbohydrate metabolism
K11866	Other
K11870	Protein folding/quality control
K11871	Protein folding/quality control
K11872	Protein folding/quality control
K11873	Protein folding/quality control
K11874	Protein folding/quality control
K11876	Protein folding/quality control
K11880	Protein folding/quality control
K11881	Protein folding/quality control
K11883	RNA processing/degradation
K11884	RNA processing/degradation
K11885	DNA replication/repair/maintenance
K11886	Carbohydrate metabolism
K11888	Other
K11908	Transcriptional regulation
K11920	Transcriptional regulation
K11950	Transport
K11951	Transport
K11952	Transport
K11953	Transport
K11954	Transport
K11955	Transport
K11956	Transport
K11957	Transport
K11958	Transport
K11968	Carbohydrate metabolism
K11971	Protein folding/quality control
K11975	Protein folding/quality control
K11977	Protein folding/quality control
K11979	Protein folding/quality control
K11981	Protein folding/quality control
K11984	Other
K11987	Carbohydrate metabolism
K12041	Transport
K12048	Mobilome
K12049	Mobilome
K12050	Mobilome
K12052	Mobilome
K12053	Mobilome
K12073	Carbohydrate metabolism
K12081	Transport
K12083	Transport
K12086	Other
K12087	Other
K12092	Other
K12093	Other
K12094	Other
K12096	Other
K12097	Other
K19177	Energy/central carbon
K12099	Other
K12101	Other
K12104	Other
K12105	Other
K12106	Other
K12108	Other
K12109	Other
K12116	Cofactors/vitamins
K12121	Carbohydrate metabolism
K12122	Carbohydrate metabolism
K12153	Tryptophan metabolism
K12158	Protein folding/quality control
K12160	Protein folding/quality control
K12161	Protein folding/quality control
K12162	Protein folding/quality control
K12165	Carbohydrate metabolism
K12175	Energy/central carbon
K12176	Energy/central carbon
K12177	Energy/central carbon
K12182	Tryptophan metabolism
K12183	Energy/central carbon
K12184	Energy/central carbon
K12188	Energy/central carbon
K12189	Energy/central carbon
K12190	Energy/central carbon
K09660	Lipid metabolism
K13519	Lipid metabolism
K14675	Lipid metabolism
K05752	Other
K12196	Other
K06636	Other
K06674	Other
K12199	Other
K12200	Cell envelope/biogenesis
K12207	Other
K12212	Other
K12221	Other
K12223	Other
K12224	Other
K12232	Protein folding/quality control
K12236	Transcriptional regulation
K12237	Secondary metabolism
K12246	Carbohydrate metabolism
K12247	Carbohydrate metabolism
K12260	Carbohydrate metabolism
K12261	Energy/central carbon
K12272	Signal transduction
K12273	Other
K12274	Other
K12275	Other
K12277	Translation/ribosome
K12304	Nucleotide metabolism
K12313	Carbohydrate metabolism
K12315	Carbohydrate metabolism
K12338	Carbohydrate metabolism
K06675	Other
K12345	Energy/central carbon
K12346	DNA replication/repair/maintenance
K12351	Carbohydrate metabolism
K12355	Energy/central carbon
K12356	Carbohydrate metabolism
K12379	Carbohydrate metabolism
K12385	Carbohydrate metabolism
K12386	Carbohydrate metabolism
K12389	Carbohydrate metabolism
K12391	Energy/central carbon
K12392	Carbohydrate metabolism
K12393	Energy/central carbon
K12394	Energy/central carbon
K12395	Energy/central carbon
K12396	Energy/central carbon
K12397	Energy/central carbon
K12398	Energy/central carbon
K12399	Energy/central carbon
K12400	Energy/central carbon
K12403	Energy/central carbon
K12412	Transcriptional regulation
K12415	Carbohydrate metabolism
K12420	Carbohydrate metabolism
K12423	DNA replication/repair/maintenance
K12427	Lipid metabolism
K12433	Secondary metabolism
K12441	Secondary metabolism
K12445	Energy/central carbon
K12447	Carbohydrate metabolism
K12341	Motility/adhesion
K12451	Carbohydrate metabolism
K12456	Energy/central carbon
K12522	Motility/adhesion
K12471	Carbohydrate metabolism
K12486	Transport
K12690	Motility/adhesion
K12492	Other
K12493	Other
K12504	Energy/central carbon
K12509	Motility/adhesion
K12512	Other
K12513	Other
K12514	Other
K12515	Other
K12517	Cell envelope/biogenesis
K12518	Cell envelope/biogenesis
K12519	Protein folding/quality control
K12520	Cell envelope/biogenesis
K12521	Cell envelope/biogenesis
K00947	Other
K12523	Cell envelope/biogenesis
K12562	Amino acid metabolism
K12571	Translation/ribosome
K12572	Translation/ribosome
K12578	DNA replication/repair/maintenance
K12580	Energy/central carbon
K12581	Energy/central carbon
K12584	Carbohydrate metabolism
K12586	Carbohydrate metabolism
K12587	Carbohydrate metabolism
K12589	Carbohydrate metabolism
K12590	Carbohydrate metabolism
K02703	Energy/central carbon
K12592	Carbohydrate metabolism
K12593	Transport
K12597	Other
K12598	DNA replication/repair/maintenance
K12599	DNA replication/repair/maintenance
K12600	Other
K12601	Other
K12603	Energy/central carbon
K12604	Energy/central carbon
K12605	Energy/central carbon
K12606	Energy/central carbon
K12608	Energy/central carbon
K12609	Energy/central carbon
K12611	Carbohydrate metabolism
K12612	Carbohydrate metabolism
K12613	Carbohydrate metabolism
K12614	DNA replication/repair/maintenance
K12615	Other
K12617	DNA replication/repair/maintenance
K12618	Carbohydrate metabolism
K12619	Carbohydrate metabolism
K12620	Other
K12621	Other
K12622	Other
K12623	Other
K12624	Other
K12625	Other
K12626	Other
K12627	Other
K12657	Translation/ribosome
K12659	Carbohydrate metabolism
K02706	Energy/central carbon
K12663	Energy/central carbon
K12666	Carbohydrate metabolism
K12667	Carbohydrate metabolism
K12668	Carbohydrate metabolism
K12669	Carbohydrate metabolism
K12670	Carbohydrate metabolism
K02709	Energy/central carbon
K02710	Energy/central carbon
K12696	Carbohydrate metabolism
K12732	Tryptophan metabolism
K12734	Energy/central carbon
K12735	Energy/central carbon
K12736	Energy/central carbon
K12737	Energy/central carbon
K12741	Carbohydrate metabolism
K02711	Energy/central carbon
K02712	Energy/central carbon
K12761	Carbohydrate metabolism
K12762	Transport
K12763	Other
K12765	Carbohydrate metabolism
K12767	Amino acid metabolism
K12769	Transcriptional regulation
K12771	Other
K12776	Amino acid metabolism
K12778	Other
K12780	DNA replication/repair/maintenance
K12782	Transcriptional regulation
K12789	Other
K12790	Carbohydrate metabolism
K12795	Other
K12810	Antibiotic resistance/efflux
K12811	DNA replication/repair/maintenance
K12812	DNA replication/repair/maintenance
K12813	DNA replication/repair/maintenance
K12815	DNA replication/repair/maintenance
K12816	Translation/ribosome
K12817	Translation/ribosome
K12818	DNA replication/repair/maintenance
K12819	Translation/ribosome
K12820	DNA replication/repair/maintenance
K12821	Translation/ribosome
K12823	DNA replication/repair/maintenance
K12825	Translation/ribosome
K12826	Translation/ribosome
K12827	Translation/ribosome
K12828	Translation/ribosome
K12829	Translation/ribosome
K12830	Translation/ribosome
K12831	Translation/ribosome
K12832	Translation/ribosome
K12833	Other
K12834	Translation/ribosome
K12835	DNA replication/repair/maintenance
K12836	Translation/ribosome
K12837	Translation/ribosome
K12839	Other
K12840	Translation/ribosome
K12842	Other
K02713	Energy/central carbon
K02714	Energy/central carbon
K02716	Energy/central carbon
K12846	Other
K12847	Other
K12848	Carbohydrate metabolism
K12849	Translation/ribosome
K12852	Carbohydrate metabolism
K12854	DNA replication/repair/maintenance
K12855	Translation/ribosome
K12856	Translation/ribosome
K12857	Transport
K12858	DNA replication/repair/maintenance
K12859	Transport
K12860	Translation/ribosome
K12861	Translation/ribosome
K12862	Transcriptional regulation
K12863	Other
K12864	Other
K12867	Translation/ribosome
K12868	Translation/ribosome
K12869	Carbohydrate metabolism
K12870	Translation/ribosome
K12872	Translation/ribosome
K12873	Other
K12874	Other
K02717	Energy/central carbon
K12876	RNA processing/degradation
K12877	Other
K12878	Energy/central carbon
K12879	Energy/central carbon
K12880	Energy/central carbon
K12881	Energy/central carbon
K12882	Other
K12883	Other
K12885	Carbohydrate metabolism
K12893	Amino acid metabolism
K12897	Other
K12900	Amino acid metabolism
K12908	Carbohydrate metabolism
K12933	Carbohydrate metabolism
K12939	Carbohydrate metabolism
K12946	Protein folding/quality control
K12948	Protein folding/quality control
K12953	Transport
K12956	Transport
K12978	Lipid metabolism
K12986	Carbohydrate metabolism
K13008	DNA replication/repair/maintenance
K13025	DNA replication/repair/maintenance
K13034	Amino acid metabolism
K13048	Amino acid metabolism
K13057	Carbohydrate metabolism
K13059	Carbohydrate metabolism
K13065	Tryptophan metabolism
K13066	Synaptic pathways
K13068	Carbohydrate metabolism
K13070	Carbohydrate metabolism
K13076	Carbohydrate metabolism
K13083	Other
K13091	RNA processing/degradation
K13093	Translation/ribosome
K13095	Translation/ribosome
K13099	Cell envelope/biogenesis
K13100	Translation/ribosome
K13102	DNA replication/repair/maintenance
K13103	Other
K13106	Translation/ribosome
K13107	RNA processing/degradation
K13108	Other
K13110	Translation/ribosome
K13113	Protein folding/quality control
K13116	DNA replication/repair/maintenance
K13117	DNA replication/repair/maintenance
K13118	Other
K13119	Other
K13120	Other
K13122	Other
K13123	Translation/ribosome
K13124	Carbohydrate metabolism
K13126	Other
K13127	Other
K02718	Energy/central carbon
K13137	Other
K02719	Energy/central carbon
K02721	Energy/central carbon
K13171	Amino acid metabolism
K13176	Energy/central carbon
K13179	DNA replication/repair/maintenance
K13181	DNA replication/repair/maintenance
K13182	DNA replication/repair/maintenance
K13195	RNA processing/degradation
K13205	Translation/ribosome
K13207	Other
K02722	Energy/central carbon
K13217	Translation/ribosome
K13220	Other
K13232	Carbohydrate metabolism
K13237	Energy/central carbon
K13239	Energy/central carbon
K13244	Carbohydrate metabolism
K13246	Nucleotide metabolism
K13247	Carbohydrate metabolism
K13258	Energy/central carbon
K13278	Carbohydrate metabolism
K13279	Energy/central carbon
K13289	Amino acid metabolism
K13291	Carbohydrate metabolism
K13293	Carbohydrate metabolism
K13303	Carbohydrate metabolism
K13316	Carbohydrate metabolism
K13327	Carbohydrate metabolism
K13329	Carbohydrate metabolism
K13333	Other
K13335	Carbohydrate metabolism
K13336	Carbohydrate metabolism
K13337	Carbohydrate metabolism
K13338	Carbohydrate metabolism
K13339	Carbohydrate metabolism
K13341	Carbohydrate metabolism
K13342	Carbohydrate metabolism
K13343	Carbohydrate metabolism
K13344	Carbohydrate metabolism
K13345	Carbohydrate metabolism
K13346	Carbohydrate metabolism
K13348	Other
K13350	Transport
K13352	Carbohydrate metabolism
K13354	Nucleotide metabolism
K13357	Carbohydrate metabolism
K13358	Cofactors/vitamins
K13367	Energy/central carbon
K13370	Cofactors/vitamins
K13379	Energy/central carbon
K13381	Carbohydrate metabolism
K13390	Carbohydrate metabolism
K13402	Other
K13403	Cofactors/vitamins
K13412	Carbohydrate metabolism
K13413	Carbohydrate metabolism
K13415	Other
K13418	Carbohydrate metabolism
K13420	Amino acid metabolism
K13428	Amino acid metabolism
K13429	Carbohydrate metabolism
K13430	Amino acid metabolism
K13431	Signal transduction
K13436	Other
K13444	Carbohydrate metabolism
K13447	Energy/central carbon
K13448	Other
K13449	Other
K13456	Other
K13457	Antibiotic resistance/efflux
K13459	Antibiotic resistance/efflux
K13463	Other
K13492	Carbohydrate metabolism
K13494	Carbohydrate metabolism
K13495	Carbohydrate metabolism
K13496	Carbohydrate metabolism
K13504	Transport
K13507	Lipid metabolism
K13508	Lipid metabolism
K13509	Lipid metabolism
K13511	Carbohydrate metabolism
K02723	Energy/central carbon
K02724	Energy/central carbon
K13520	Protein folding/quality control
K13524	Carbohydrate metabolism
K13528	Transcriptional regulation
K13535	Carbohydrate metabolism
K13546	Carbohydrate metabolism
K13564	Carbohydrate metabolism
K13577	Transport
K13607	Energy/central carbon
K13617	Carbohydrate metabolism
K13621	Lipid metabolism
K13648	Carbohydrate metabolism
K13658	Carbohydrate metabolism
K13663	Carbohydrate metabolism
K13665	Carbohydrate metabolism
K13681	Carbohydrate metabolism
K13682	Carbohydrate metabolism
K13689	Carbohydrate metabolism
K13691	Carbohydrate metabolism
K13701	Translation/ribosome
K13719	Protein folding/quality control
K13721	Carbohydrate metabolism
K13722	Protein folding/quality control
K13728	Other
K13734	Other
K13746	Carbohydrate metabolism
K13754	Transport
K04794	RNA processing/degradation
K13783	Antibiotic resistance/efflux
K13792	Carbohydrate metabolism
K13793	Carbohydrate metabolism
K13797	Transcriptional regulation
K13798	Transcriptional regulation
K13799	DNA replication/repair/maintenance
K13800	Carbohydrate metabolism
K13811	Carbohydrate metabolism
K13812	Carbohydrate metabolism
K05955	Other
K06276	Other
K13837	Other
K13868	Transport
K13873	Energy/central carbon
K13880	Carbohydrate metabolism
K13886	Carbohydrate metabolism
K13907	Carbohydrate metabolism
K13908	Carbohydrate metabolism
K13925	Other
K13939	Energy/central carbon
K13941	Carbohydrate metabolism
K06680	Cell envelope/biogenesis
K13947	Antibiotic resistance/efflux
K13951	Energy/central carbon
K13985	Carbohydrate metabolism
K13987	Carbohydrate metabolism
K13988	Carbohydrate metabolism
K13989	Carbohydrate metabolism
K13994	Other
K13996	Other
K08331	Other
K14001	Nucleotide metabolism
K14002	Other
K14003	Transcriptional regulation
K14004	Transport
K14005	Transport
K14006	Transport
K14007	Transport
K14011	Translation/ribosome
K14012	Translation/ribosome
K14015	Other
K14016	Protein folding/quality control
K14017	Protein folding/quality control
K14018	Carbohydrate metabolism
K14022	Protein folding/quality control
K14026	Other
K14035	Transport
K14050	Energy/central carbon
K14065	Transcriptional regulation
K14080	RNA processing/degradation
K14081	Other
K14083	Other
K14084	Other
K14086	Other
K14087	Other
K14089	Other
K14091	Other
K14092	Other
K14093	Other
K14094	Other
K14095	Other
K14096	Other
K14097	Other
K14098	Other
K14099	Other
K14100	Other
K14101	Other
K14102	Other
K14103	Other
K14104	Other
K14105	Other
K14106	Other
K14107	Other
K14108	Other
K14109	Other
K14110	Other
K14111	Other
K14112	Other
K14113	Other
K14114	Other
K14115	Other
K14116	Other
K14117	Other
K14118	Other
K14119	Other
K14120	Other
K14121	Other
K14122	Other
K14123	Other
K14124	Other
K14125	Other
K14126	Carbohydrate metabolism
K14127	Transport
K08499	Cell envelope/biogenesis
K14138	Energy/central carbon
K14152	Carbohydrate metabolism
K14154	Carbohydrate metabolism
K14157	Energy/central carbon
K14168	RNA processing/degradation
K14169	RNA processing/degradation
K14171	Energy/central carbon
K14191	RNA processing/degradation
K14206	Transport
K14207	Transport
K14209	Transport
K14213	Carbohydrate metabolism
K14215	Carbohydrate metabolism
K14219	RNA processing/degradation
K08901	Energy/central carbon
K14221	RNA processing/degradation
K08902	Energy/central carbon
K14228	RNA processing/degradation
K14230	RNA processing/degradation
K14233	RNA processing/degradation
K14236	Tryptophan metabolism
K14237	RNA processing/degradation
K14262	Carbohydrate metabolism
K14263	Tryptophan metabolism
K14264	Tryptophan metabolism
K14265	Tryptophan metabolism
K14272	Carbohydrate metabolism
K14275	Energy/central carbon
K14284	RNA processing/degradation
K14285	Transport
K14286	Carbohydrate metabolism
K14288	Carbohydrate metabolism
K14289	Carbohydrate metabolism
K14290	Carbohydrate metabolism
K14292	Carbohydrate metabolism
K14293	Carbohydrate metabolism
K14294	Other
K08903	Energy/central carbon
K08904	Energy/central carbon
K14299	Carbohydrate metabolism
K08955	Other
K08957	Other
K09568	Other
K09569	Other
K10621	Carbohydrate metabolism
K14307	Carbohydrate metabolism
K10750	Cell envelope/biogenesis
K10751	Cell envelope/biogenesis
K11557	Cell envelope/biogenesis
K11558	Cell envelope/biogenesis
K11644	Other
K12098	Other
K14315	Carbohydrate metabolism
K14319	Other
K14321	Other
K14324	Carbohydrate metabolism
K12191	Other
K14326	Transcriptional regulation
K14327	Transcriptional regulation
K14328	Transcriptional regulation
K14330	Energy/central carbon
K14331	Carbohydrate metabolism
K14358	Carbohydrate metabolism
K14373	Carbohydrate metabolism
K14376	DNA replication/repair/maintenance
K14396	Other
K12193	Other
K14399	Carbohydrate metabolism
K12194	Other
K12195	Other
K12197	Other
K12198	Other
K14397	Other
K14405	Translation/ribosome
K14401	Other
K14402	Other
K14411	RNA processing/degradation
K14412	Carbohydrate metabolism
K14413	Carbohydrate metabolism
K14416	Translation/ribosome
K14424	Cofactors/vitamins
K14429	Transport
K14430	Transport
K14431	Transcriptional regulation
K14454	Amino acid metabolism
K14455	Amino acid metabolism
K14457	Carbohydrate metabolism
K14468	Energy/central carbon
K14469	Energy/central carbon
K14472	Transcriptional regulation
K14485	Transport
K14486	Translation/ribosome
K14487	Transport
K14488	Other
K14493	Signal transduction
K14494	Other
K14495	Other
K14496	Transport
K14502	Other
K14505	Carbohydrate metabolism
K14506	Translation/ribosome
K14508	Transcriptional regulation
K14509	Signal transduction
K14403	Other
K14515	Other
K14516	Transcriptional regulation
K14518	Other
K14521	Carbohydrate metabolism
K14522	Translation/ribosome
K14526	Translation/ribosome
K14528	Translation/ribosome
K14530	Other
K14531	Translation/ribosome
K14532	Translation/ribosome
K14533	Translation/ribosome
K14404	Other
K14537	Energy/central carbon
K14538	Energy/central carbon
K14539	Energy/central carbon
K14541	Carbohydrate metabolism
K14543	Transport
K14536	Translation/ribosome
K14545	Translation/ribosome
K14826	Other
K15053	Other
K15608	Other
K15944	Other
K16628	Other
K18044	Tryptophan metabolism
K14552	Other
K18106	Other
K18187	Other
K18207	Other
K08342	Protein folding/quality control
K06961	RNA processing/degradation
K14558	Tryptophan metabolism
K06963	RNA processing/degradation
K09142	RNA processing/degradation
K11313	RNA processing/degradation
K14563	RNA processing/degradation
K14564	Other
K14565	Other
K14298	RNA processing/degradation
K14325	RNA processing/degradation
K14568	RNA processing/degradation
K14569	Translation/ribosome
K14571	Translation/ribosome
K14572	Carbohydrate metabolism
K14573	Other
K14574	Translation/ribosome
K14575	Transport
K14593	Carbohydrate metabolism
K14605	Carbohydrate metabolism
K14606	Carbohydrate metabolism
K14635	DNA replication/repair/maintenance
K14638	Transport
K14640	Transport
K14642	Carbohydrate metabolism
K14649	Translation/ribosome
K14650	Translation/ribosome
K14651	Translation/ribosome
K14653	Carbohydrate metabolism
K14654	Other
K14655	Carbohydrate metabolism
K14656	Translation/ribosome
K15447	RNA processing/degradation
K17053	RNA processing/degradation
K14674	Carbohydrate metabolism
K18534	RNA processing/degradation
K14676	Other
K14677	Carbohydrate metabolism
K14679	DNA replication/repair/maintenance
K14680	DNA replication/repair/maintenance
K14683	Transport
K14684	Nucleotide metabolism
K14686	Transport
K14688	Transport
K14689	Transport
K14692	Transport
K14698	Transport
K14699	Transport
K14708	Transport
K14709	Transport
K14710	Transport
K14715	Transport
K14717	Transport
K14721	Transcriptional regulation
K14728	Carbohydrate metabolism
K14732	Other
K14745	Carbohydrate metabolism
K14746	Energy/central carbon
K14750	Energy/central carbon
K14753	Nucleotide metabolism
K14754	Energy/central carbon
K14758	Carbohydrate metabolism
K14763	Energy/central carbon
K14764	Other
K07204	Transcriptional regulation
K14766	Other
K09246	Transcriptional regulation
K11368	Transcriptional regulation
K11493	Transcriptional regulation
K11654	Transcriptional regulation
K15860	Transcriptional regulation
K17799	Transcriptional regulation
K01855	Translation/ribosome
K06672	Translation/ribosome
K14775	Translation/ribosome
K14776	DNA replication/repair/maintenance
K14777	DNA replication/repair/maintenance
K14778	DNA replication/repair/maintenance
K14779	DNA replication/repair/maintenance
K14780	DNA replication/repair/maintenance
K14781	DNA replication/repair/maintenance
K14782	Other
K14783	Other
K14784	Other
K14785	Other
K14786	Other
K14787	Translation/ribosome
K14788	Translation/ribosome
K14789	Other
K14790	Other
K14791	Tryptophan metabolism
K14792	Translation/ribosome
K14793	Translation/ribosome
K14794	Translation/ribosome
K14795	Translation/ribosome
K14796	Other
K14797	Other
K14798	Other
K14799	Other
K14800	Other
K14801	Other
K14802	Lipid metabolism
K14803	Carbohydrate metabolism
K14805	DNA replication/repair/maintenance
K14806	DNA replication/repair/maintenance
K14807	DNA replication/repair/maintenance
K14808	DNA replication/repair/maintenance
K14809	DNA replication/repair/maintenance
K14810	DNA replication/repair/maintenance
K14811	DNA replication/repair/maintenance
K14812	RNA processing/degradation
K14813	Other
K14814	Translation/ribosome
K14815	RNA processing/degradation
K14816	Translation/ribosome
K06681	Translation/ribosome
K14818	Translation/ribosome
K14819	Carbohydrate metabolism
K14820	Translation/ribosome
K14821	Other
K14822	Other
K14823	Other
K14824	Translation/ribosome
K06932	Translation/ribosome
K14827	Other
K14828	Other
K14829	Other
K14830	Other
K14831	Other
K14832	Translation/ribosome
K14833	Carbohydrate metabolism
K14834	Carbohydrate metabolism
K14835	RNA processing/degradation
K14836	Other
K14837	Other
K14838	Other
K14839	Other
K14840	Other
K14841	Translation/ribosome
K14842	Translation/ribosome
K14843	Carbohydrate metabolism
K14844	Transport
K14845	Other
K14846	Translation/ribosome
K14847	Translation/ribosome
K14848	Translation/ribosome
K14849	Translation/ribosome
K14850	Translation/ribosome
K14851	Translation/ribosome
K07739	Translation/ribosome
K14853	Translation/ribosome
K14854	Translation/ribosome
K14855	Translation/ribosome
K14856	Other
K14857	RNA processing/degradation
K14859	Translation/ribosome
K08930	Translation/ribosome
K14861	Other
K14862	Other
K14863	Translation/ribosome
K14864	RNA processing/degradation
K14940	DNA replication/repair/maintenance
K14950	Transport
K14951	Transport
K14956	Other
K14960	Carbohydrate metabolism
K14961	Carbohydrate metabolism
K14962	Carbohydrate metabolism
K14963	Carbohydrate metabolism
K14965	Other
K14967	Carbohydrate metabolism
K14968	Carbohydrate metabolism
K14969	Carbohydrate metabolism
K14988	Signal transduction
K14989	Signal transduction
K14997	Transport
K15001	Cofactors/vitamins
K15014	Transport
K15015	Transport
K15016	Energy/central carbon
K15017	Cofactors/vitamins
K15019	Energy/central carbon
K15022	Energy/central carbon
K15023	Carbohydrate metabolism
K15026	Translation/ribosome
K15028	Translation/ribosome
K15029	Translation/ribosome
K15030	Translation/ribosome
K15033	Carbohydrate metabolism
K15035	RNA processing/degradation
K15040	Transport
K15045	Translation/ribosome
K15052	Translation/ribosome
K09140	Translation/ribosome
K15064	Carbohydrate metabolism
K15068	Other
K15069	Other
K15071	Carbohydrate metabolism
K15072	Translation/ribosome
K15073	Protein folding/quality control
K15075	DNA replication/repair/maintenance
K15076	Carbohydrate metabolism
K15077	Carbohydrate metabolism
K15078	Defense systems
K15081	Other
K15082	DNA replication/repair/maintenance
K15083	DNA replication/repair/maintenance
K15084	Transport
K15090	Energy/central carbon
K15095	Energy/central carbon
K15100	Transport
K15102	Transport
K15104	Transport
K15105	Transport
K15108	Transport
K15109	Transport
K15110	Transport
K15111	Transport
K15113	Transport
K10415	Translation/ribosome
K15115	Cofactors/vitamins
K15116	Transport
K15117	Transport
K15118	Transport
K15119	Transport
K15120	Transport
K15121	Transport
K15122	Transport
K15126	Transport
K15128	Transcriptional regulation
K15130	Transcriptional regulation
K15132	Transcriptional regulation
K15134	Transcriptional regulation
K15136	Transcriptional regulation
K15140	Transcriptional regulation
K15146	Transcriptional regulation
K15147	Transcriptional regulation
K15148	Transcriptional regulation
K15151	Transcriptional regulation
K15152	Transcriptional regulation
K15153	Transcriptional regulation
K15156	Transcriptional regulation
K15158	Transcriptional regulation
K15160	Transcriptional regulation
K15161	Carbohydrate metabolism
K15163	Transcriptional regulation
K15165	Transcriptional regulation
K15171	Translation/ribosome
K15172	Translation/ribosome
K15174	Transcriptional regulation
K15175	Carbohydrate metabolism
K15176	Transcriptional regulation
K15177	Transcriptional regulation
K15178	Transcriptional regulation
K15183	Translation/ribosome
K15186	Translation/ribosome
K15190	Carbohydrate metabolism
K15192	Other
K15193	Other
K15196	Transcriptional regulation
K15198	Transcriptional regulation
K15201	Transcriptional regulation
K15202	Transcriptional regulation
K15204	Transcriptional regulation
K15205	Transcriptional regulation
K15206	Transcriptional regulation
K15211	Energy/central carbon
K15216	Translation/ribosome
K15217	Translation/ribosome
K15218	Translation/ribosome
K15219	Translation/ribosome
K15222	Translation/ribosome
K12488	Translation/ribosome
K15226	Tryptophan metabolism
K15227	Tryptophan metabolism
K15232	Translation/ribosome
K15255	DNA replication/repair/maintenance
K15262	Other
K15263	Cell envelope/biogenesis
K15264	RNA processing/degradation
K15265	RNA processing/degradation
K15267	Transcriptional regulation
K15272	Transport
K15275	Transport
K15277	Transport
K15278	Transport
K15279	Transport
K15280	Transport
K15283	Transport
K15285	Transport
K15287	Transport
K15289	Transport
K15292	Other
K15296	Other
K15303	Energy/central carbon
K15304	Other
K15305	Other
K15306	Other
K12755	Other
K15320	Carbohydrate metabolism
K15322	Defense systems
K15323	Defense systems
K15325	Defense systems
K15326	Defense systems
K15331	RNA processing/degradation
K15332	RNA processing/degradation
K15333	RNA processing/degradation
K15334	RNA processing/degradation
K15336	RNA processing/degradation
K15340	DNA replication/repair/maintenance
K15355	Carbohydrate metabolism
K15356	Transport
K15360	Other
K15361	Other
K15363	DNA replication/repair/maintenance
K15364	DNA replication/repair/maintenance
K15376	Carbohydrate metabolism
K15377	Transport
K15378	Transport
K15382	Transport
K15395	Secondary metabolism
K15397	Carbohydrate metabolism
K15398	Lipid metabolism
K15400	Carbohydrate metabolism
K15401	Lipid metabolism
K15402	Lipid metabolism
K15403	Lipid metabolism
K15404	Carbohydrate metabolism
K15414	Other
K15423	Amino acid metabolism
K15424	Amino acid metabolism
K15427	Amino acid metabolism
K15428	Carbohydrate metabolism
K15429	RNA processing/degradation
K15430	RNA processing/degradation
K15435	Nucleotide metabolism
K15436	Carbohydrate metabolism
K15437	Translation/ribosome
K15440	Carbohydrate metabolism
K15441	Carbohydrate metabolism
K15442	Carbohydrate metabolism
K15443	RNA processing/degradation
K15444	RNA processing/degradation
K15445	RNA processing/degradation
K15446	RNA processing/degradation
K12757	Other
K15448	Carbohydrate metabolism
K15449	RNA processing/degradation
K15450	RNA processing/degradation
K15451	RNA processing/degradation
K13152	Other
K14220	Translation/ribosome
K15455	Other
K15456	Other
K15457	Other
K15458	Other
K15462	Other
K15463	Translation/ribosome
K15497	Transport
K15498	Amino acid metabolism
K15501	Amino acid metabolism
K15503	Amino acid metabolism
K15505	DNA replication/repair/maintenance
K14223	Translation/ribosome
K15507	RNA processing/degradation
K15508	RNA processing/degradation
K15527	Carbohydrate metabolism
K15529	Carbohydrate metabolism
K15534	Carbohydrate metabolism
K15541	Other
K14544	Translation/ribosome
K15544	Transcriptional regulation
K15558	Transport
K15559	Transcriptional regulation
K15560	Other
K15561	RNA processing/degradation
K15562	Amino acid metabolism
K15563	Other
K14546	Translation/ribosome
K15565	Carbohydrate metabolism
K15568	Energy/central carbon
K15569	Carbohydrate metabolism
K15570	Carbohydrate metabolism
K15572	Energy/central carbon
K15579	Transport
K15607	Other
K14547	Translation/ribosome
K15620	Carbohydrate metabolism
K15628	Lipid metabolism
K14548	Translation/ribosome
K15642	Secondary metabolism
K15643	Secondary metabolism
K15667	Translation/ribosome
K15668	Translation/ribosome
K15669	Carbohydrate metabolism
K15683	Transport
K15710	Protein folding/quality control
K15718	Carbohydrate metabolism
K15728	Carbohydrate metabolism
K15732	Transcriptional regulation
K15734	Cofactors/vitamins
K15741	Carbohydrate metabolism
K15750	Energy/central carbon
K15751	Carbohydrate metabolism
K15752	Energy/central carbon
K15753	Energy/central carbon
K14549	Translation/ribosome
K14550	Translation/ribosome
K15765	Energy/central carbon
K15789	Amino acid metabolism
K15814	Carbohydrate metabolism
K15820	Carbohydrate metabolism
K15822	Carbohydrate metabolism
K15842	Cell envelope/biogenesis
K15843	Cell envelope/biogenesis
K15844	Cell envelope/biogenesis
K15845	Cell envelope/biogenesis
K15846	Transcriptional regulation
K15847	Cell envelope/biogenesis
K15848	Cell envelope/biogenesis
K15849	Tryptophan metabolism
K15857	Carbohydrate metabolism
K15858	Carbohydrate metabolism
K15859	Signal transduction
K14551	Translation/ribosome
K15865	RNA processing/degradation
K15868	DNA replication/repair/maintenance
K15869	Carbohydrate metabolism
K15870	Carbohydrate metabolism
K15871	Carbohydrate metabolism
K15872	Carbohydrate metabolism
K15873	Carbohydrate metabolism
K15874	Transport
K15888	Carbohydrate metabolism
K15895	Carbohydrate metabolism
K15896	Carbohydrate metabolism
K15897	Carbohydrate metabolism
K15901	Energy/central carbon
K15903	Energy/central carbon
K15904	Carbohydrate metabolism
K15908	Other
K15910	Carbohydrate metabolism
K15912	Energy/central carbon
K15913	Carbohydrate metabolism
K15914	Carbohydrate metabolism
K15916	Energy/central carbon
K15920	Carbohydrate metabolism
K15926	Carbohydrate metabolism
K14553	Translation/ribosome
K15949	Energy/central carbon
K15979	DNA replication/repair/maintenance
K16016	Carbohydrate metabolism
K14554	Translation/ribosome
K16019	Carbohydrate metabolism
K14556	Translation/ribosome
K16021	Energy/central carbon
K16027	Other
K16045	Energy/central carbon
K16073	Amino acid metabolism
K16075	Transport
K16093	Carbohydrate metabolism
K16095	Carbohydrate metabolism
K14557	Translation/ribosome
K14559	Translation/ribosome
K16112	Secondary metabolism
K16122	Translation/ribosome
K16123	Translation/ribosome
K16124	Translation/ribosome
K16127	Translation/ribosome
K16153	Carbohydrate metabolism
K16172	Signal transduction
K16173	Energy/central carbon
K16176	Other
K16177	Other
K16178	Other
K16179	Other
K16180	Carbohydrate metabolism
K16181	DNA replication/repair/maintenance
K16182	Energy/central carbon
K16185	Energy/central carbon
K16186	Energy/central carbon
K16192	Transport
K16194	Translation/ribosome
K16196	Translation/ribosome
K16197	Other
K16198	Other
K16219	RNA processing/degradation
K16223	Other
K16227	Other
K16230	Transcriptional regulation
K16253	Transcriptional regulation
K16261	Transport
K16285	Translation/ribosome
K16290	Amino acid metabolism
K16292	Amino acid metabolism
K16293	Energy/central carbon
K16294	Energy/central carbon
K16302	Transport
K16305	Energy/central carbon
K16310	Amino acid metabolism
K16315	Amino acid metabolism
K16317	RNA processing/degradation
K16318	RNA processing/degradation
K16325	Transport
K16330	Carbohydrate metabolism
K16342	Carbohydrate metabolism
K16362	Other
K16365	Carbohydrate metabolism
K16368	Carbohydrate metabolism
K16369	Carbohydrate metabolism
K16465	Carbohydrate metabolism
K16466	Carbohydrate metabolism
K16517	Transport
K16561	Other
K16569	Carbohydrate metabolism
K16570	Carbohydrate metabolism
K16575	Carbohydrate metabolism
K16576	Other
K16578	Other
K16609	Tryptophan metabolism
K14560	Translation/ribosome
K16630	Other
K16646	Carbohydrate metabolism
K16675	Carbohydrate metabolism
K16702	Carbohydrate metabolism
K16732	Other
K16738	Other
K16742	Other
K16744	Translation/ribosome
K16745	Translation/ribosome
K16790	Carbohydrate metabolism
K16791	Carbohydrate metabolism
K16794	Other
K16803	Other
K16810	Translation/ribosome
K16833	Carbohydrate metabolism
K16885	Energy/central carbon
K16886	Energy/central carbon
K16887	Energy/central carbon
K16902	Cofactors/vitamins
K16904	Carbohydrate metabolism
K16905	Transport
K16911	DNA replication/repair/maintenance
K16912	Translation/ribosome
K16928	Transport
K16929	Transport
K16936	Cofactors/vitamins
K16938	Carbohydrate metabolism
K16944	Carbohydrate metabolism
K16945	Cell envelope/biogenesis
K16946	Other
K16948	Cell envelope/biogenesis
K16953	Carbohydrate metabolism
K16954	Transport
K16955	Transport
K16967	Cofactors/vitamins
K14561	Translation/ribosome
K16969	Cofactors/vitamins
K17051	Carbohydrate metabolism
K14566	Translation/ribosome
K17062	Transport
K17063	Transport
K17065	Other
K17069	Carbohydrate metabolism
K17080	Carbohydrate metabolism
K17081	Carbohydrate metabolism
K17083	Carbohydrate metabolism
K17085	Transport
K17086	Transport
K17087	Transport
K17093	Carbohydrate metabolism
K17095	Carbohydrate metabolism
K17099	Carbohydrate metabolism
K17104	Carbohydrate metabolism
K17105	Carbohydrate metabolism
K17108	Carbohydrate metabolism
K17193	Carbohydrate metabolism
K17220	Energy/central carbon
K17248	Carbohydrate metabolism
K17249	Carbohydrate metabolism
K17250	Carbohydrate metabolism
K17251	Carbohydrate metabolism
K14567	Translation/ribosome
K17260	Other
K17261	Other
K17262	Protein folding/quality control
K17263	Other
K17266	Antibiotic resistance/efflux
K14765	Translation/ribosome
K17268	Carbohydrate metabolism
K17274	Other
K17275	Carbohydrate metabolism
K17278	Transport
K17279	Signal transduction
K17286	Carbohydrate metabolism
K17292	Protein folding/quality control
K17301	Energy/central carbon
K17302	Energy/central carbon
K17311	Transport
K17312	Transport
K17313	Transport
K17314	Transport
K17335	Other
K17361	Carbohydrate metabolism
K17363	Energy/central carbon
K17398	DNA replication/repair/maintenance
K17402	Translation/ribosome
K17408	Translation/ribosome
K17411	Translation/ribosome
K17413	Translation/ribosome
K17417	Translation/ribosome
K17421	Translation/ribosome
K17422	Translation/ribosome
K17424	Translation/ribosome
K17427	Translation/ribosome
K17428	Translation/ribosome
K17430	Translation/ribosome
K17434	Translation/ribosome
K17435	Translation/ribosome
K17437	Translation/ribosome
K17438	Translation/ribosome
K17439	Translation/ribosome
K17440	Translation/ribosome
K17450	Carbohydrate metabolism
K17470	Transport
K17479	Energy/central carbon
K17486	Carbohydrate metabolism
K17488	Carbohydrate metabolism
K14767	Translation/ribosome
K17491	Carbohydrate metabolism
K17496	Transport
K17497	Other
K17498	Transcriptional regulation
K17499	Carbohydrate metabolism
K17506	Carbohydrate metabolism
K17508	Carbohydrate metabolism
K17541	Other
K17550	Carbohydrate metabolism
K17553	Carbohydrate metabolism
K17560	Carbohydrate metabolism
K17578	Translation/ribosome
K17583	Translation/ribosome
K17592	Carbohydrate metabolism
K17600	Other
K17604	Translation/ribosome
K17605	Transcriptional regulation
K17607	Transcriptional regulation
K17608	Carbohydrate metabolism
K17609	Carbohydrate metabolism
K17615	Amino acid metabolism
K17616	Carbohydrate metabolism
K17617	Carbohydrate metabolism
K17619	Carbohydrate metabolism
K17637	Carbohydrate metabolism
K17647	SCFA fermentation
K17656	Other
K17663	Cofactors/vitamins
K17666	Other
K17669	Other
K17672	Transport
K17673	Translation/ribosome
K17677	DNA replication/repair/maintenance
K17678	DNA replication/repair/maintenance
K17679	DNA replication/repair/maintenance
K17710	Translation/ribosome
K17714	Other
K17715	Other
K17717	Carbohydrate metabolism
K17732	Protein folding/quality control
K17740	Energy/central carbon
K17741	Energy/central carbon
K17742	Energy/central carbon
K17743	Energy/central carbon
K17744	Energy/central carbon
K17745	Energy/central carbon
K17755	Carbohydrate metabolism
K17757	Cofactors/vitamins
K17761	Energy/central carbon
K17764	Other
K17765	Other
K14768	Translation/ribosome
K14769	Translation/ribosome
K14770	Translation/ribosome
K14771	Translation/ribosome
K14772	Translation/ribosome
K17774	Other
K17775	Other
K17776	Carbohydrate metabolism
K17777	Transport
K17778	Transport
K17780	Transport
K17781	Transport
K17782	Other
K17783	Energy/central carbon
K17784	Energy/central carbon
K17785	Energy/central carbon
K17786	Energy/central carbon
K17788	Energy/central carbon
K17790	Transport
K17792	Transport
K17793	Transport
K17794	Transport
K17795	Transport
K17796	Transport
K17797	Transport
K14773	Translation/ribosome
K14774	Translation/ribosome
K17801	Other
K17803	Carbohydrate metabolism
K17804	Transport
K17805	Transport
K17806	Transport
K17807	Other
K17808	Other
K17815	Carbohydrate metabolism
K17816	Carbohydrate metabolism
K17818	Energy/central carbon
K17822	Other
K17830	Energy/central carbon
K17833	Energy/central carbon
K17866	Other
K17867	Other
K17868	Carbohydrate metabolism
K17870	Energy/central carbon
K17878	Amino acid metabolism
K17882	Carbohydrate metabolism
K17887	Carbohydrate metabolism
K17891	Energy/central carbon
K17892	Energy/central carbon
K17898	Energy/central carbon
K17899	Energy/central carbon
K17900	Carbohydrate metabolism
K17906	Other
K17907	Other
K17908	Other
K17917	Carbohydrate metabolism
K17918	Carbohydrate metabolism
K17919	Carbohydrate metabolism
K17922	Carbohydrate metabolism
K17943	RNA processing/degradation
K17944	Other
K17945	Transport
K17961	Carbohydrate metabolism
K17964	Other
K17967	Transport
K17969	Other
K17970	Cell envelope/biogenesis
K17971	Other
K17972	Carbohydrate metabolism
K17973	Carbohydrate metabolism
K17974	Other
K17978	Other
K17979	Other
K17981	Other
K17983	Other
K17986	Translation/ribosome
K17992	Other
K17995	Energy/central carbon
K17996	Energy/central carbon
K17997	Energy/central carbon
K17998	Energy/central carbon
K14852	Translation/ribosome
K18005	Carbohydrate metabolism
K14860	Translation/ribosome
K18007	Cofactors/vitamins
K15223	Translation/ribosome
K18016	Other
K18017	Other
K18023	Other
K18035	Tryptophan metabolism
K18041	Tryptophan metabolism
K15452	Translation/ribosome
K15454	Translation/ribosome
K15542	Translation/ribosome
K17800	Translation/ribosome
K18050	Carbohydrate metabolism
K18058	Carbohydrate metabolism
K18065	Carbohydrate metabolism
K18078	Tryptophan metabolism
K18087	Energy/central carbon
K18088	Energy/central carbon
K18097	Energy/central carbon
K18102	Energy/central carbon
K18105	Carbohydrate metabolism
K02284	Transport
K18107	Energy/central carbon
K18108	Carbohydrate metabolism
K18114	Carbohydrate metabolism
K18119	Carbohydrate metabolism
K18123	Energy/central carbon
K18132	Cell envelope/biogenesis
K18133	Cell envelope/biogenesis
K18134	Carbohydrate metabolism
K18153	Cofactors/vitamins
K18156	Protein folding/quality control
K18158	Transport
K18159	Other
K18160	Other
K18162	Other
K18163	Other
K18164	Other
K18167	Energy/central carbon
K18168	Energy/central carbon
K18170	Other
K18171	Other
K18173	Cofactors/vitamins
K18174	Cofactors/vitamins
K18176	Cofactors/vitamins
K18177	Cofactors/vitamins
K18178	Cofactors/vitamins
K18179	Cofactors/vitamins
K18182	Cofactors/vitamins
K18183	Cofactors/vitamins
K18184	Cofactors/vitamins
K18185	Cofactors/vitamins
K06261	Transport
K18188	Other
K18191	Other
K08912	Transport
K18203	Carbohydrate metabolism
K18205	Carbohydrate metabolism
K18206	Carbohydrate metabolism
K08914	Transport
K18209	Energy/central carbon
K18210	Energy/central carbon
K18213	Carbohydrate metabolism
K18215	Antibiotic resistance/efflux
K18216	Transport
K18229	Cofactors/vitamins
K18236	Carbohydrate metabolism
K18237	Energy/central carbon
K18251	Energy/central carbon
K18258	Energy/central carbon
K18278	Nucleotide metabolism
K18282	Carbohydrate metabolism
K18284	Carbohydrate metabolism
K18313	Carbohydrate metabolism
K18315	Carbohydrate metabolism
K18317	Carbohydrate metabolism
K18318	Other
K18319	Other
K18327	RNA processing/degradation
K18328	Carbohydrate metabolism
K18342	Translation/ribosome
K18348	Amino acid metabolism
K18349	Signal transduction
K18350	Signal transduction
K18355	Energy/central carbon
K18356	Energy/central carbon
K18357	Energy/central carbon
K18358	Energy/central carbon
K18359	Energy/central carbon
K18360	Transport
K18361	Energy/central carbon
K18362	Energy/central carbon
K18363	Energy/central carbon
K18368	Carbohydrate metabolism
K18371	SCFA fermentation
K18381	Cofactors/vitamins
K18422	DNA replication/repair/maintenance
K18423	Other
K18427	Energy/central carbon
K18428	Energy/central carbon
K18434	Transport
K18442	Nucleotide metabolism
K18443	Nucleotide metabolism
K18453	Carbohydrate metabolism
K18454	Carbohydrate metabolism
K18458	Carbohydrate metabolism
K18466	Other
K18467	Other
K18468	Other
K18469	Transport
K18477	Transport
K18532	Nucleotide metabolism
K08915	Transport
K18536	Energy/central carbon
K18550	Carbohydrate metabolism
K18551	Nucleotide metabolism
K18561	Energy/central carbon
K18573	Protein folding/quality control
K18574	Protein folding/quality control
K18575	Carbohydrate metabolism
K18577	Carbohydrate metabolism
K18584	Other
K18592	Carbohydrate metabolism
K18593	DNA replication/repair/maintenance
K18594	Translation/ribosome
K08917	Transport
K18602	Energy/central carbon
K18603	Energy/central carbon
K18604	Energy/central carbon
K18605	Cofactors/vitamins
K18609	Carbohydrate metabolism
K18615	Other
K18620	Carbohydrate metabolism
K18624	Carbohydrate metabolism
K18633	Other
K18637	Other
K18638	Other
K18655	DNA replication/repair/maintenance
K18658	Transcriptional regulation
K18663	Energy/central carbon
K18664	DNA replication/repair/maintenance
K18669	Tryptophan metabolism
K18670	Carbohydrate metabolism
K18675	Carbohydrate metabolism
K18677	Carbohydrate metabolism
K18679	Carbohydrate metabolism
K18687	DNA replication/repair/maintenance
K18688	DNA replication/repair/maintenance
K18693	Carbohydrate metabolism
K18694	Carbohydrate metabolism
K18696	Carbohydrate metabolism
K18703	Carbohydrate metabolism
K18712	Energy/central carbon
K18715	Carbohydrate metabolism
K18716	Carbohydrate metabolism
K18717	Carbohydrate metabolism
K18718	Carbohydrate metabolism
K18719	Carbohydrate metabolism
K18720	Carbohydrate metabolism
K18721	Carbohydrate metabolism
K18722	Carbohydrate metabolism
K18723	Carbohydrate metabolism
K18724	Carbohydrate metabolism
K18725	Carbohydrate metabolism
K18726	Translation/ribosome
K18730	Translation/ribosome
K18732	Translation/ribosome
K18737	Other
K18738	Other
K18748	Other
K18749	Other
K18752	Carbohydrate metabolism
K18753	SCFA fermentation
K18757	Other
K11518	Transport
K18759	Other
K18767	Antibiotic resistance/efflux
K18780	Antibiotic resistance/efflux
K18784	Carbohydrate metabolism
K18789	Carbohydrate metabolism
K18790	Antibiotic resistance/efflux
K18794	Antibiotic resistance/efflux
K18795	Antibiotic resistance/efflux
K18798	Transport
K18799	Cell envelope/biogenesis
K18801	Carbohydrate metabolism
K14817	Transport
K18803	Carbohydrate metabolism
K15307	Other
K18817	Carbohydrate metabolism
K18825	Carbohydrate metabolism
K18839	Defense systems
K18840	Defense systems
K18848	Tryptophan metabolism
K18849	RNA processing/degradation
K18852	Carbohydrate metabolism
K18853	Energy/central carbon
K18856	DNA replication/repair/maintenance
K18866	Carbohydrate metabolism
K18879	Other
K18881	Energy/central carbon
K18882	DNA replication/repair/maintenance
K18913	Energy/central carbon
K18914	Energy/central carbon
K18915	Cofactors/vitamins
K18927	Transcriptional regulation
K18931	Carbohydrate metabolism
K18932	Carbohydrate metabolism
K18942	DNA replication/repair/maintenance
K18943	DNA replication/repair/maintenance
K18944	Carbohydrate metabolism
K18945	Carbohydrate metabolism
K18946	DNA replication/repair/maintenance
K18947	DNA replication/repair/maintenance
K18948	DNA replication/repair/maintenance
K18949	DNA replication/repair/maintenance
K18950	Translation/ribosome
K18951	DNA replication/repair/maintenance
K18956	Transcriptional regulation
K18957	Transcriptional regulation
K18959	DNA replication/repair/maintenance
K18960	DNA replication/repair/maintenance
K18961	DNA replication/repair/maintenance
K18962	DNA replication/repair/maintenance
K18964	DNA replication/repair/maintenance
K18987	Signal transduction
K18989	Antibiotic resistance/efflux
K18992	Transcriptional regulation
K18995	DNA replication/repair/maintenance
K19001	DNA replication/repair/maintenance
K19003	Other
K19029	Carbohydrate metabolism
K19030	Carbohydrate metabolism
K19032	Translation/ribosome
K19035	Translation/ribosome
K19040	Protein folding/quality control
K19054	Carbohydrate metabolism
K19060	Transcriptional regulation
K17768	Transport
K19064	Amino acid metabolism
K19066	Energy/central carbon
K19067	Energy/central carbon
K19070	Energy/central carbon
K19071	Energy/central carbon
K19072	Energy/central carbon
K19076	Defense systems
K19085	Defense systems
K19095	Antibiotic resistance/efflux
K19106	Carbohydrate metabolism
K19108	Motility/adhesion
K19110	Energy/central carbon
K19131	Defense systems
K19132	Defense systems
K19133	Defense systems
K19134	Defense systems
K19135	Defense systems
K19136	Defense systems
K19141	Defense systems
K19142	Defense systems
K19144	Defense systems
K17769	Transport
K19186	Other
K19202	Carbohydrate metabolism
K19212	Antibiotic resistance/efflux
K19213	Antibiotic resistance/efflux
K19217	Antibiotic resistance/efflux
K19218	Antibiotic resistance/efflux
K19233	Motility/adhesion
K19237	Carbohydrate metabolism
K19239	Transport
K19243	Cofactors/vitamins
K19245	Energy/central carbon
K19257	Carbohydrate metabolism
K19260	Antibiotic resistance/efflux
K19266	Energy/central carbon
K19269	Carbohydrate metabolism
K19273	Carbohydrate metabolism
K19277	Carbohydrate metabolism
K19279	Carbohydrate metabolism
K19299	Carbohydrate metabolism
K19306	RNA processing/degradation
K19307	RNA processing/degradation
K19308	RNA processing/degradation
K19318	Antibiotic resistance/efflux
K19323	Carbohydrate metabolism
K19347	Translation/ribosome
K19360	Carbohydrate metabolism
K19367	Carbohydrate metabolism
K19369	Transcriptional regulation
K19372	Transport
K19373	Transport
K19386	Carbohydrate metabolism
K19399	Other
K19438	RNA processing/degradation
K19451	Carbohydrate metabolism
K17770	Transport
K19469	RNA processing/degradation
K19476	Other
K19487	Transcriptional regulation
K19491	Transcriptional regulation
K19515	Cell envelope/biogenesis
K19516	Cell envelope/biogenesis
K19543	Carbohydrate metabolism
K19560	Carbohydrate metabolism
K19562	Carbohydrate metabolism
K19564	Transport
K19573	Carbohydrate metabolism
K17771	Transport
K19589	Translation/ribosome
K17772	Transport
K19629	Energy/central carbon
K19639	Energy/central carbon
K19645	Antibiotic resistance/efflux
K19647	Energy/central carbon
K19648	Energy/central carbon
K19650	Energy/central carbon
K19659	Energy/central carbon
K19664	Translation/ribosome
K19665	Carbohydrate metabolism
K19693	Transcriptional regulation
K19694	Signal transduction
K19712	Carbohydrate metabolism
K19716	Other
K19721	Other
K19723	Carbohydrate metabolism
K19725	Amino acid metabolism
K19726	Carbohydrate metabolism
K19727	DNA replication/repair/maintenance
K19741	Carbohydrate metabolism
K19780	Transcriptional regulation
K01541	Carbohydrate metabolism
K05663	Carbohydrate metabolism
K03082	Carbohydrate metabolism
K07185	Carbohydrate metabolism
K15339	Carbohydrate metabolism
K02301	Carbohydrate metabolism
K07977	Carbohydrate metabolism
K06021	Carbohydrate metabolism
K01786	Carbohydrate metabolism
K07170	Carbohydrate metabolism
K06421	Carbohydrate metabolism
K16120	Carbohydrate metabolism
K08511	Carbohydrate metabolism
K06420	Carbohydrate metabolism
K00870	Carbohydrate metabolism
K15032	Carbohydrate metabolism
K03050	Carbohydrate metabolism
K12468	Carbohydrate metabolism
K18501	Carbohydrate metabolism
K11681	Carbohydrate metabolism
K04071	Carbohydrate metabolism
K00745	Carbohydrate metabolism
K07895	Carbohydrate metabolism
K03081	Carbohydrate metabolism
K17871	Carbohydrate metabolism
K01594	Carbohydrate metabolism
K01234	Carbohydrate metabolism
K00183	Carbohydrate metabolism
K09469	Carbohydrate metabolism
