	superclass
K00001	SCFA fermentation
K00002	Cofactors/vitamins
K00003	Energy/central carbon
K00004	Energy/central carbon
K00005	Energy/central carbon
K00008	Energy/central carbon
K00009	Energy/central carbon
K00010	Energy/central carbon
K00012	Carbohydrate metabolism
K00013	Energy/central carbon
K00014	Tryptophan metabolism
K00015	Energy/central carbon
K00016	SCFA fermentation
K00018	Energy/central carbon
K00019	Other
K00020	Energy/central carbon
K00024	Energy/central carbon
K00026	Energy/central carbon
K00027	Energy/central carbon
K00029	Energy/central carbon
K00030	Cofactors/vitamins
K00031	Other
K00032	Energy/central carbon
K00033	Energy/central carbon
K00034	Energy/central carbon
K00036	Energy/central carbon
K00038	Energy/central carbon
K00040	Energy/central carbon
K00041	Energy/central carbon
K00042	Energy/central carbon
K00045	Carbohydrate metabolism
K00046	Energy/central carbon
K00052	Other
K00053	Energy/central carbon
K00054	Energy/central carbon
K00055	Energy/central carbon
K00057	Cofactors/vitamins
K00058	Energy/central carbon
K00059	Lipid metabolism
K00060	Amino acid metabolism
K00065	Energy/central carbon
K00067	Energy/central carbon
K00068	Energy/central carbon
K00073	Cofactors/vitamins
K00074	Energy/central carbon
K00075	Cell envelope/biogenesis
K00077	Energy/central carbon
K00086	Energy/central carbon
K00087	Carbohydrate metabolism
K00088	Energy/central carbon
K00090	Energy/central carbon
K00091	Energy/central carbon
K00094	Carbohydrate metabolism
K00096	Cofactors/vitamins
K00097	Other
K00098	Other
K00099	Energy/central carbon
K00101	SCFA fermentation
K00102	SCFA fermentation
K00104	Cofactors/vitamins
K00105	Energy/central carbon
K00108	Carbohydrate metabolism
K00111	Energy/central carbon
K00112	Other
K00113	Other
K00114	Cofactors/vitamins
K00116	Energy/central carbon
K00117	Carbohydrate metabolism
K00121	Energy/central carbon
K00122	SCFA fermentation
K00123	Antibiotic resistance/efflux
K00124	Transport
K00127	SCFA fermentation
K00128	Cofactors/vitamins
K00130	Transport
K00131	Energy/central carbon
K00133	Amino acid metabolism
K00134	Energy/central carbon
K00135	Synaptic pathways
K00138	Transcriptional regulation
K00140	Energy/central carbon
K00145	Energy/central carbon
K00146	Other
K00147	Amino acid metabolism
K00148	Amino acid metabolism
K00154	Transcriptional regulation
K00156	SCFA fermentation
K00158	Energy/central carbon
K00161	Energy/central carbon
K00162	Energy/central carbon
K00163	Energy/central carbon
K00164	Energy/central carbon
K00166	Other
K00167	Other
K00169	Energy/central carbon
K00184	Transport
K00185	Transport
K00196	Energy/central carbon
K00208	Lipid metabolism
K00209	Cofactors/vitamins
K00215	Energy/central carbon
K00216	Other
K00218	Other
K00220	Tryptophan metabolism
K00226	Energy/central carbon
K00228	Energy/central carbon
K00230	Cofactors/vitamins
K00239	Energy/central carbon
K00240	Energy/central carbon
K00241	Energy/central carbon
K00242	Transport
K00243	Other
K00244	Energy/central carbon
K00245	Energy/central carbon
K00246	Energy/central carbon
K00247	Energy/central carbon
K00248	Energy/central carbon
K00249	Energy/central carbon
K00254	Energy/central carbon
K00259	Amino acid metabolism
K00262	Energy/central carbon
K00265	Energy/central carbon
K00266	Energy/central carbon
K00274	Synaptic pathways
K00275	Energy/central carbon
K00276	Energy/central carbon
K00278	Amino acid metabolism
K00281	Amino acid metabolism
K00283	Amino acid metabolism
K00284	Amino acid metabolism
K00285	Amino acid metabolism
K00286	Energy/central carbon
K00287	Energy/central carbon
K00297	Cofactors/vitamins
K00298	Amino acid metabolism
K00299	Cofactors/vitamins
K00301	Energy/central carbon
K00304	Energy/central carbon
K00305	Energy/central carbon
K00311	Energy/central carbon
K00316	Transport
K00322	Cofactors/vitamins
K00324	Cofactors/vitamins
K00325	Cofactors/vitamins
K00326	Cofactors/vitamins
K00330	Energy/central carbon
K00331	Energy/central carbon
K00332	Energy/central carbon
K00333	Energy/central carbon
K00334	Energy/central carbon
K00335	Energy/central carbon
K00336	Energy/central carbon
K00337	Energy/central carbon
K00338	Energy/central carbon
K00339	Energy/central carbon
K00340	Energy/central carbon
K00341	Energy/central carbon
K00342	Energy/central carbon
K00343	Energy/central carbon
K00344	Cofactors/vitamins
K00346	Transport
K00347	Transport
K00348	Transport
K00349	Transport
K00350	Transport
K00354	Other
K00355	Cofactors/vitamins
K00362	Energy/central carbon
K00363	Energy/central carbon
K00364	Energy/central carbon
K00366	Energy/central carbon
K00370	Energy/central carbon
K00371	Energy/central carbon
K00372	Cofactors/vitamins
K00373	Cofactors/vitamins
K00374	Energy/central carbon
K00375	Transcriptional regulation
K00380	Energy/central carbon
K00381	Cofactors/vitamins
K00382	Energy/central carbon
K00383	Amino acid metabolism
K00384	Cofactors/vitamins
K00389	Transport
K00390	Other
K00410	Cofactors/vitamins
K00411	Cofactors/vitamins
K00412	Cofactors/vitamins
K00413	Cofactors/vitamins
K00424	Cofactors/vitamins
K00425	Cofactors/vitamins
K00426	Cofactors/vitamins
K00427	SCFA fermentation
K00428	Energy/central carbon
K00432	Energy/central carbon
K00433	Cofactors/vitamins
K00435	Cofactors/vitamins
K00459	Cofactors/vitamins
K00467	SCFA fermentation
K00483	Tryptophan metabolism
K00484	Cofactors/vitamins
K00520	Transcriptional regulation
K00523	Carbohydrate metabolism
K00525	Energy/central carbon
K00526	Energy/central carbon
K00527	Energy/central carbon
K00528	Transcriptional regulation
K00537	Energy/central carbon
K00547	Carbohydrate metabolism
K00548	Carbohydrate metabolism
K00549	Carbohydrate metabolism
K00554	RNA processing/degradation
K00556	RNA processing/degradation
K00557	RNA processing/degradation
K00558	DNA replication/repair/maintenance
K00560	Carbohydrate metabolism
K00563	RNA processing/degradation
K00564	RNA processing/degradation
K00566	RNA processing/degradation
K00567	Amino acid metabolism
K00568	Carbohydrate metabolism
K00569	RNA processing/degradation
K00570	RNA processing/degradation
K00571	DNA replication/repair/maintenance
K00573	Amino acid metabolism
K00574	Lipid metabolism
K00575	RNA processing/degradation
K00588	Carbohydrate metabolism
K00590	DNA replication/repair/maintenance
K00595	Carbohydrate metabolism
K00596	Energy/central carbon
K00598	RNA processing/degradation
K00600	Amino acid metabolism
K00602	Carbohydrate metabolism
K00604	RNA processing/degradation
K00605	Amino acid metabolism
K00606	Carbohydrate metabolism
K00609	Amino acid metabolism
K00610	Amino acid metabolism
K00611	Amino acid metabolism
K00615	Carbohydrate metabolism
K00616	Carbohydrate metabolism
K00620	Amino acid metabolism
K00625	SCFA fermentation
K00626	Carbohydrate metabolism
K00627	Energy/central carbon
K00631	Lipid metabolism
K00632	Carbohydrate metabolism
K00633	Carbohydrate metabolism
K00634	Other
K00638	Carbohydrate metabolism
K00639	Amino acid metabolism
K00640	Amino acid metabolism
K00641	Carbohydrate metabolism
K00643	Translation/ribosome
K00645	Lipid metabolism
K00647	Lipid metabolism
K00648	Lipid metabolism
K00651	Carbohydrate metabolism
K00652	Transport
K00654	Amino acid metabolism
K00655	Lipid metabolism
K00656	SCFA fermentation
K00657	Carbohydrate metabolism
K00658	Energy/central carbon
K00661	Carbohydrate metabolism
K00662	Carbohydrate metabolism
K00666	Energy/central carbon
K00673	Amino acid metabolism
K00674	Antibiotic resistance/efflux
K00675	Carbohydrate metabolism
K00677	Cell envelope/biogenesis
K00681	Amino acid metabolism
K00684	Translation/ribosome
K00687	Cell envelope/biogenesis
K00688	Carbohydrate metabolism
K00689	Other
K00690	Carbohydrate metabolism
K00691	Carbohydrate metabolism
K00692	Carbohydrate metabolism
K00694	Carbohydrate metabolism
K00697	Carbohydrate metabolism
K00700	Carbohydrate metabolism
K00702	Carbohydrate metabolism
K00703	Carbohydrate metabolism
K00705	Other
K00712	Carbohydrate metabolism
K00720	Carbohydrate metabolism
K00721	Carbohydrate metabolism
K00728	Carbohydrate metabolism
K00737	Carbohydrate metabolism
K00748	Lipid metabolism
K00754	Carbohydrate metabolism
K00756	Nucleotide metabolism
K00757	Carbohydrate metabolism
K00758	Carbohydrate metabolism
K00759	Carbohydrate metabolism
K00760	Carbohydrate metabolism
K00761	RNA processing/degradation
K00762	Carbohydrate metabolism
K00763	Translation/ribosome
K00764	Carbohydrate metabolism
K00765	Carbohydrate metabolism
K00766	Tryptophan metabolism
K00767	Nucleotide metabolism
K00768	Nucleotide metabolism
K00769	Carbohydrate metabolism
K00772	Carbohydrate metabolism
K00773	RNA processing/degradation
K00782	SCFA fermentation
K00783	RNA processing/degradation
K00784	Translation/ribosome
K00786	Carbohydrate metabolism
K00788	Cofactors/vitamins
K00789	Carbohydrate metabolism
K00790	Cell envelope/biogenesis
K00791	RNA processing/degradation
K00793	Cofactors/vitamins
K00794	Carbohydrate metabolism
K00795	Carbohydrate metabolism
K00796	Carbohydrate metabolism
K00797	Transport
K00798	Carbohydrate metabolism
K00799	Carbohydrate metabolism
K00800	Carbohydrate metabolism
K00801	Carbohydrate metabolism
K00805	Carbohydrate metabolism
K00806	Carbohydrate metabolism
K00812	Amino acid metabolism
K00813	Amino acid metabolism
K00817	Carbohydrate metabolism
K00820	Carbohydrate metabolism
K00821	Carbohydrate metabolism
K00822	Carbohydrate metabolism
K00823	SCFA fermentation
K00824	Amino acid metabolism
K00826	Carbohydrate metabolism
K00830	Amino acid metabolism
K00831	Carbohydrate metabolism
K00832	Tryptophan metabolism
K00833	Carbohydrate metabolism
K00835	Carbohydrate metabolism
K00836	Carbohydrate metabolism
K00839	Carbohydrate metabolism
K00840	Carbohydrate metabolism
K00841	Carbohydrate metabolism
K00845	Carbohydrate metabolism
K00846	Other
K00847	Carbohydrate metabolism
K00848	Other
K00849	Carbohydrate metabolism
K00850	Carbohydrate metabolism
K00851	Carbohydrate metabolism
K00852	Carbohydrate metabolism
K00853	Carbohydrate metabolism
K00854	Carbohydrate metabolism
K00855	Other
K00857	Carbohydrate metabolism
K00858	Cofactors/vitamins
K00859	Carbohydrate metabolism
K00860	Carbohydrate metabolism
K00863	Cofactors/vitamins
K00864	Carbohydrate metabolism
K00865	Carbohydrate metabolism
K00867	Carbohydrate metabolism
K00868	Cofactors/vitamins
K00869	Lipid metabolism
K00872	Carbohydrate metabolism
K00873	Carbohydrate metabolism
K00874	Carbohydrate metabolism
K00876	Carbohydrate metabolism
K00878	Carbohydrate metabolism
K00880	Carbohydrate metabolism
K00882	Carbohydrate metabolism
K00883	Energy/central carbon
K00884	Carbohydrate metabolism
K00887	Carbohydrate metabolism
K00891	Tryptophan metabolism
K00892	Other
K00899	Other
K00901	Carbohydrate metabolism
K00906	Carbohydrate metabolism
K00912	Other
K00917	Other
K00919	Carbohydrate metabolism
K00925	SCFA fermentation
K00926	Carbohydrate metabolism
K00927	Carbohydrate metabolism
K00928	Amino acid metabolism
K00929	SCFA fermentation
K00930	Carbohydrate metabolism
K00931	Amino acid metabolism
K00932	Carbohydrate metabolism
K00936	Signal transduction
K00937	Carbohydrate metabolism
K00938	Carbohydrate metabolism
K00939	Carbohydrate metabolism
K00940	Nucleotide metabolism
K00941	Carbohydrate metabolism
K00942	Carbohydrate metabolism
K00943	Carbohydrate metabolism
K00945	Carbohydrate metabolism
K00946	Cofactors/vitamins
K00948	Carbohydrate metabolism
K00949	Cofactors/vitamins
K00950	Carbohydrate metabolism
K00951	Signal transduction
K00954	Carbohydrate metabolism
K00955	Carbohydrate metabolism
K00956	Carbohydrate metabolism
K00957	Carbohydrate metabolism
K00958	Carbohydrate metabolism
K00962	RNA processing/degradation
K00963	RNA processing/degradation
K00965	Carbohydrate metabolism
K00968	Carbohydrate metabolism
K00969	Nucleotide metabolism
K00970	DNA replication/repair/maintenance
K00971	Carbohydrate metabolism
K00973	Carbohydrate metabolism
K00974	RNA processing/degradation
K00975	Carbohydrate metabolism
K00979	Carbohydrate metabolism
K00980	Carbohydrate metabolism
K00981	Carbohydrate metabolism
K00982	Tryptophan metabolism
K00984	Antibiotic resistance/efflux
K00986	DNA replication/repair/maintenance
K00989	Translation/ribosome
K00990	Carbohydrate metabolism
K00991	Carbohydrate metabolism
K00992	Carbohydrate metabolism
K00995	Carbohydrate metabolism
K00997	Lipid metabolism
K00998	Carbohydrate metabolism
K01000	Carbohydrate metabolism
K01002	Other
K01006	Carbohydrate metabolism
K01007	Carbohydrate metabolism
K01008	Carbohydrate metabolism
K01011	RNA processing/degradation
K01012	Cofactors/vitamins
K01023	Carbohydrate metabolism
K01026	Carbohydrate metabolism
K01029	Carbohydrate metabolism
K01042	RNA processing/degradation
K01048	Other
K01049	Synaptic pathways
K01050	Other
K01051	Other
K01053	Other
K01056	RNA processing/degradation
K01057	Carbohydrate metabolism
K01058	Carbohydrate metabolism
K01061	Other
K01066	Carbohydrate metabolism
K01067	Carbohydrate metabolism
K01069	Other
K01070	Carbohydrate metabolism
K01071	Lipid metabolism
K01073	Carbohydrate metabolism
K01075	Carbohydrate metabolism
K01077	Carbohydrate metabolism
K01079	Carbohydrate metabolism
K01081	Carbohydrate metabolism
K01082	Nucleotide metabolism
K01085	Carbohydrate metabolism
K01087	Carbohydrate metabolism
K01089	Energy/central carbon
K01090	Carbohydrate metabolism
K01091	Carbohydrate metabolism
K01092	Carbohydrate metabolism
K01093	Carbohydrate metabolism
K01095	Carbohydrate metabolism
K01096	Carbohydrate metabolism
K01101	Carbohydrate metabolism
K01104	Tryptophan metabolism
K01113	Carbohydrate metabolism
K01114	Carbohydrate metabolism
K01118	Cofactors/vitamins
K01119	Nucleotide metabolism
K01120	Nucleotide metabolism
K01126	Carbohydrate metabolism
K01129	Other
K01133	Carbohydrate metabolism
K01139	Carbohydrate metabolism
K01141	DNA replication/repair/maintenance
K01142	DNA replication/repair/maintenance
K01146	Other
K01147	Carbohydrate metabolism
K01150	Carbohydrate metabolism
K01151	Carbohydrate metabolism
K01153	Defense systems
K01154	Defense systems
K01155	Defense systems
K01156	DNA replication/repair/maintenance
K01159	DNA replication/repair/maintenance
K01166	Translation/ribosome
K01169	RNA processing/degradation
K01173	Defense systems
K01175	Carbohydrate metabolism
K01176	Carbohydrate metabolism
K01178	Other
K01179	Other
K01181	Carbohydrate metabolism
K01182	Carbohydrate metabolism
K01183	Carbohydrate metabolism
K01185	Carbohydrate metabolism
K01187	Carbohydrate metabolism
K01188	Carbohydrate metabolism
K01190	Carbohydrate metabolism
K01191	Carbohydrate metabolism
K01193	Carbohydrate metabolism
K01194	Other
K01195	Carbohydrate metabolism
K01197	Carbohydrate metabolism
K01198	Carbohydrate metabolism
K01200	Carbohydrate metabolism
K01201	Carbohydrate metabolism
K01206	Other
K01207	Carbohydrate metabolism
K01208	Carbohydrate metabolism
K01209	Carbohydrate metabolism
K01212	Carbohydrate metabolism
K01214	Other
K01215	Carbohydrate metabolism
K01220	Carbohydrate metabolism
K01222	Carbohydrate metabolism
K01223	Carbohydrate metabolism
K01224	Cell envelope/biogenesis
K01226	Carbohydrate metabolism
K01227	Carbohydrate metabolism
K01232	Carbohydrate metabolism
K01233	Other
K01235	Carbohydrate metabolism
K01236	Other
K01237	Other
K01239	Nucleotide metabolism
K01241	Carbohydrate metabolism
K01243	Carbohydrate metabolism
K01246	DNA replication/repair/maintenance
K01247	DNA replication/repair/maintenance
K01250	Nucleotide metabolism
K01251	Other
K01252	Carbohydrate metabolism
K01255	Carbohydrate metabolism
K01256	Carbohydrate metabolism
K01258	Carbohydrate metabolism
K01259	Amino acid metabolism
K01261	Carbohydrate metabolism
K01262	Carbohydrate metabolism
K01265	Carbohydrate metabolism
K01266	Carbohydrate metabolism
K01269	Carbohydrate metabolism
K01270	Carbohydrate metabolism
K01271	Carbohydrate metabolism
K01273	Transport
K01274	Carbohydrate metabolism
K01278	Carbohydrate metabolism
K01281	Carbohydrate metabolism
K01284	Carbohydrate metabolism
K01286	Amino acid metabolism
K01295	Amino acid metabolism
K01297	Amino acid metabolism
K01299	Amino acid metabolism
K01303	Carbohydrate metabolism
K01304	Carbohydrate metabolism
K01305	Carbohydrate metabolism
K01318	Translation/ribosome
K01322	Energy/central carbon
K01338	Protein folding/quality control
K01347	Amino acid metabolism
K01354	Other
K01356	Signal transduction
K01358	Protein folding/quality control
K01361	Other
K01372	Carbohydrate metabolism
K01406	Other
K01407	Protein folding/quality control
K01409	Carbohydrate metabolism
K01414	Other
K01419	Protein folding/quality control
K01420	Transcriptional regulation
K01421	Transport
K01424	Carbohydrate metabolism
K01425	Other
K01426	Carbohydrate metabolism
K01428	Other
K01429	Other
K01430	Other
K01433	Carbohydrate metabolism
K01434	Amino acid metabolism
K01436	Other
K01438	Carbohydrate metabolism
K01439	Carbohydrate metabolism
K01442	Carbohydrate metabolism
K01443	Carbohydrate metabolism
K01444	Carbohydrate metabolism
K01447	Amino acid metabolism
K01448	Amino acid metabolism
K01451	Other
K01452	Carbohydrate metabolism
K01457	Other
K01458	Carbohydrate metabolism
K01460	Translation/ribosome
K01461	Transport
K01462	Carbohydrate metabolism
K01464	Other
K01465	Carbohydrate metabolism
K01466	Other
K01467	Antibiotic resistance/efflux
K01468	Other
K01470	Carbohydrate metabolism
K01473	Other
K01474	Other
K01476	Carbohydrate metabolism
K01478	Amino acid metabolism
K01479	Carbohydrate metabolism
K01480	Other
K01484	Other
K01485	Carbohydrate metabolism
K01486	Amino acid metabolism
K01487	Carbohydrate metabolism
K01488	Amino acid metabolism
K01489	Carbohydrate metabolism
K01491	Cofactors/vitamins
K01493	Carbohydrate metabolism
K01494	Carbohydrate metabolism
K01495	Carbohydrate metabolism
K01496	Carbohydrate metabolism
K01497	Carbohydrate metabolism
K01498	Energy/central carbon
K01502	Other
K01507	Carbohydrate metabolism
K01512	Carbohydrate metabolism
K01515	Carbohydrate metabolism
K01520	Carbohydrate metabolism
K01521	Carbohydrate metabolism
K01523	Carbohydrate metabolism
K01524	Carbohydrate metabolism
K01525	Other
K01531	Transport
K01533	Transport
K01534	Transport
K01535	Transport
K01537	Transport
K01546	Transport
K01547	Transport
K01548	Transport
K01551	Transport
K01560	Carbohydrate metabolism
K01563	Carbohydrate metabolism
K01568	Energy/central carbon
K01569	Energy/central carbon
K01571	Energy/central carbon
K01574	Energy/central carbon
K01575	Energy/central carbon
K01576	Energy/central carbon
K01577	Energy/central carbon
K01579	Amino acid metabolism
K01580	Synaptic pathways
K01581	Amino acid metabolism
K01582	Amino acid metabolism
K01584	Amino acid metabolism
K01585	Amino acid metabolism
K01586	Energy/central carbon
K01588	Energy/central carbon
K01589	Translation/ribosome
K01590	Amino acid metabolism
K01591	Energy/central carbon
K01595	Carbohydrate metabolism
K01597	Energy/central carbon
K01598	Energy/central carbon
K01599	Carbohydrate metabolism
K01607	Energy/central carbon
K01609	Tryptophan metabolism
K01610	Energy/central carbon
K01611	Carbohydrate metabolism
K01612	Energy/central carbon
K01613	Energy/central carbon
K01619	Energy/central carbon
K01620	Energy/central carbon
K01621	Energy/central carbon
K01623	Energy/central carbon
K01624	Energy/central carbon
K01625	Energy/central carbon
K01626	Carbohydrate metabolism
K01627	Energy/central carbon
K01628	Energy/central carbon
K01629	Energy/central carbon
K01630	Energy/central carbon
K01631	Energy/central carbon
K01633	Energy/central carbon
K01634	Energy/central carbon
K01635	Energy/central carbon
K01637	Other
K01638	Energy/central carbon
K01639	Energy/central carbon
K01641	Carbohydrate metabolism
K01643	Carbohydrate metabolism
K01644	Energy/central carbon
K01646	Carbohydrate metabolism
K01647	Carbohydrate metabolism
K01649	Other
K01652	Carbohydrate metabolism
K01653	Carbohydrate metabolism
K01657	Tryptophan metabolism
K01658	Tryptophan metabolism
K01659	Carbohydrate metabolism
K01661	Energy/central carbon
K01662	Carbohydrate metabolism
K01663	Energy/central carbon
K01664	Translation/ribosome
K01665	Translation/ribosome
K01669	Other
K01671	Energy/central carbon
K01673	Energy/central carbon
K01674	Energy/central carbon
K01676	Energy/central carbon
K01679	Energy/central carbon
K01681	Energy/central carbon
K01682	Energy/central carbon
K01684	Energy/central carbon
K01685	Other
K01686	Energy/central carbon
K01687	Energy/central carbon
K01689	Energy/central carbon
K01690	Energy/central carbon
K01692	Energy/central carbon
K01693	Energy/central carbon
K01695	Tryptophan metabolism
K01696	Tryptophan metabolism
K01697	Carbohydrate metabolism
K01698	Energy/central carbon
K01699	Energy/central carbon
K01703	Energy/central carbon
K01704	Energy/central carbon
K01706	Energy/central carbon
K01708	Energy/central carbon
K01710	Energy/central carbon
K01711	Energy/central carbon
K01712	Energy/central carbon
K01714	Energy/central carbon
K01715	Energy/central carbon
K01716	Lipid metabolism
K01719	Carbohydrate metabolism
K01720	Energy/central carbon
K01727	Other
K01733	Amino acid metabolism
K01734	Other
K01735	Energy/central carbon
K01736	Tryptophan metabolism
K01737	Energy/central carbon
K01738	Amino acid metabolism
K01739	Carbohydrate metabolism
K01740	Carbohydrate metabolism
K01744	Amino acid metabolism
K01745	Signal transduction
K01749	Carbohydrate metabolism
K01750	Amino acid metabolism
K01751	Energy/central carbon
K01752	Amino acid metabolism
K01753	Amino acid metabolism
K01754	Amino acid metabolism
K01755	Energy/central carbon
K01756	Energy/central carbon
K01758	Carbohydrate metabolism
K01759	Energy/central carbon
K01760	Amino acid metabolism
K01766	Amino acid metabolism
K01768	Carbohydrate metabolism
K01770	Carbohydrate metabolism
K01772	Energy/central carbon
K01775	Amino acid metabolism
K01776	Amino acid metabolism
K01777	Amino acid metabolism
K01778	Energy/central carbon
K01779	Amino acid metabolism
K01782	Energy/central carbon
K01783	Energy/central carbon
K01784	Energy/central carbon
K01785	Energy/central carbon
K01788	Energy/central carbon
K01790	Energy/central carbon
K01791	Energy/central carbon
K01792	Energy/central carbon
K01802	Energy/central carbon
K01803	Energy/central carbon
K01804	Energy/central carbon
K01805	Energy/central carbon
K01807	Energy/central carbon
K01808	Energy/central carbon
K01809	Energy/central carbon
K01810	Energy/central carbon
K01811	Carbohydrate metabolism
K01812	Energy/central carbon
K01813	Energy/central carbon
K01814	Energy/central carbon
K01815	Energy/central carbon
K01817	Tryptophan metabolism
K01818	Energy/central carbon
K01819	Carbohydrate metabolism
K01821	Energy/central carbon
K01823	Energy/central carbon
K01825	Energy/central carbon
K01829	Other
K01834	Energy/central carbon
K01835	Energy/central carbon
K01838	Energy/central carbon
K01839	Energy/central carbon
K01840	Other
K01843	Amino acid metabolism
K01845	Amino acid metabolism
K01851	Other
K01854	Energy/central carbon
K01856	Antibiotic resistance/efflux
K01857	Antibiotic resistance/efflux
K01866	Tryptophan metabolism
K01867	Tryptophan metabolism
K01868	Translation/ribosome
K01869	Translation/ribosome
K01870	Translation/ribosome
K01872	Translation/ribosome
K01873	Translation/ribosome
K01874	Translation/ribosome
K01875	Translation/ribosome
K01876	Translation/ribosome
K01878	Translation/ribosome
K01879	Translation/ribosome
K01881	Mobilome
K01883	Translation/ribosome
K01885	Translation/ribosome
K01886	Translation/ribosome
K01887	Translation/ribosome
K01889	Tryptophan metabolism
K01890	Tryptophan metabolism
K01892	Translation/ribosome
K01893	Translation/ribosome
K01894	Translation/ribosome
K01895	Translation/ribosome
K01897	Energy/central carbon
K01902	Carbohydrate metabolism
K01908	Translation/ribosome
K01910	Translation/ribosome
K01911	Translation/ribosome
K01912	Carbohydrate metabolism
K01914	Amino acid metabolism
K01915	Translation/ribosome
K01916	Cofactors/vitamins
K01918	Amino acid metabolism
K01919	Amino acid metabolism
K01920	Amino acid metabolism
K01921	Amino acid metabolism
K01923	Translation/ribosome
K01924	Cell envelope/biogenesis
K01925	Cell envelope/biogenesis
K01926	RNA processing/degradation
K01928	Cell envelope/biogenesis
K01929	Cell envelope/biogenesis
K01933	Translation/ribosome
K01934	Translation/ribosome
K01935	Translation/ribosome
K01937	Translation/ribosome
K01938	Translation/ribosome
K01939	Translation/ribosome
K01940	Translation/ribosome
K01941	Translation/ribosome
K01945	Amino acid metabolism
K01950	Translation/ribosome
K01951	Translation/ribosome
K01952	Translation/ribosome
K01953	Translation/ribosome
K01955	Translation/ribosome
K01956	Translation/ribosome
K01958	Translation/ribosome
K01961	Cofactors/vitamins
K01962	Translation/ribosome
K01963	Translation/ribosome
K01971	DNA replication/repair/maintenance
K01972	DNA replication/repair/maintenance
K01975	Nucleotide metabolism
K01989	Tryptophan metabolism
K01990	Transport
K01991	Transport
K01992	Transport
K01993	Transport
K01995	Transport
K01996	Transport
K01997	Transport
K01998	Transport
K01999	Transport
K02000	Transport
K02001	Transport
K02002	Transport
K02003	Transport
K02004	Transport
K02005	Transport
K02006	Transport
K02007	Transport
K02008	Transport
K02009	Transport
K02010	Transport
K02011	Transport
K02012	Transport
K02013	Transport
K02014	Transport
K02015	Transport
K02016	Transport
K02017	Transport
K02018	Transport
K02019	Transport
K02020	Transport
K02021	Transport
K02022	Transport
K02024	Other
K02025	Transport
K02026	Transport
K02027	Transport
K02028	Transport
K02029	Transport
K02030	Transport
K02031	Transport
K02032	Transport
K02033	Transport
K02034	Transport
K02035	Transport
K02036	Transport
K02037	Transport
K02038	Transport
K02039	Transport
K02040	Transport
K02041	Transport
K02042	Transport
K02043	Transcriptional regulation
K02044	Transport
K02045	Transport
K02046	Transport
K02047	Transport
K02048	Transport
K02049	Transport
K02050	Transport
K02051	Transport
K02052	Transport
K02053	Transport
K02054	Transport
K02055	Transport
K02056	Transport
K02057	Transport
K02058	Transport
K02062	Transport
K02063	Transport
K02064	Transport
K02065	Transport
K02066	Transport
K02067	Transport
K02068	Transport
K02069	Transport
K02071	Transport
K02072	Transport
K02073	Transport
K02074	Transport
K02075	Transport
K02076	Transcriptional regulation
K02077	Transport
K02078	Lipid metabolism
K02081	Transcriptional regulation
K02082	Energy/central carbon
K02083	Carbohydrate metabolism
K02086	DNA replication/repair/maintenance
K02099	Transcriptional regulation
K02100	Antibiotic resistance/efflux
K02103	Transcriptional regulation
K02108	Transport
K02109	Transport
K02110	Transport
K02111	Transport
K02112	Transport
K02113	Transport
K02114	Transport
K02115	Transport
K02116	Other
K02160	Cofactors/vitamins
K02167	Transcriptional regulation
K02168	Transport
K02169	Carbohydrate metabolism
K02170	Carbohydrate metabolism
K02171	Antibiotic resistance/efflux
K02182	Translation/ribosome
K02188	Carbohydrate metabolism
K02189	Carbohydrate metabolism
K02190	Energy/central carbon
K02191	Carbohydrate metabolism
K02192	Defense systems
K02193	Transport
K02194	Transport
K02195	Transport
K02197	Translation/ribosome
K02198	Translation/ribosome
K02199	Translation/ribosome
K02200	Translation/ribosome
K02204	Carbohydrate metabolism
K02205	Transport
K02217	Other
K02221	Signal transduction
K02224	Translation/ribosome
K02225	Carbohydrate metabolism
K02226	Carbohydrate metabolism
K02227	Translation/ribosome
K02229	Carbohydrate metabolism
K02230	Energy/central carbon
K02231	Carbohydrate metabolism
K02232	Translation/ribosome
K02233	Carbohydrate metabolism
K02234	Other
K02236	Carbohydrate metabolism
K02237	Mobilome
K02238	Mobilome
K02240	Mobilome
K02242	Mobilome
K02243	Mobilome
K02244	Mobilome
K02245	Mobilome
K02246	Mobilome
K02248	Mobilome
K02255	Other
K02257	Cofactors/vitamins
K02259	Cofactors/vitamins
K02274	Cofactors/vitamins
K02275	Cofactors/vitamins
K02276	Cofactors/vitamins
K02277	Cofactors/vitamins
K02291	Carbohydrate metabolism
K02297	Cofactors/vitamins
K02298	Cofactors/vitamins
K02299	Cofactors/vitamins
K02300	Cofactors/vitamins
K02302	Carbohydrate metabolism
K02303	Carbohydrate metabolism
K02304	Energy/central carbon
K02313	DNA replication/repair/maintenance
K02314	DNA replication/repair/maintenance
K02315	DNA replication/repair/maintenance
K02316	DNA replication/repair/maintenance
K02317	DNA replication/repair/maintenance
K02334	DNA replication/repair/maintenance
K02335	DNA replication/repair/maintenance
K02336	DNA replication/repair/maintenance
K02337	DNA replication/repair/maintenance
K02338	DNA replication/repair/maintenance
K02339	DNA replication/repair/maintenance
K02340	DNA replication/repair/maintenance
K02341	DNA replication/repair/maintenance
K02342	DNA replication/repair/maintenance
K02343	DNA replication/repair/maintenance
K02344	DNA replication/repair/maintenance
K02345	DNA replication/repair/maintenance
K02346	DNA replication/repair/maintenance
K02348	Other
K02355	Translation/ribosome
K02356	Translation/ribosome
K02357	Translation/ribosome
K02358	Translation/ribosome
K02361	Other
K02362	Carbohydrate metabolism
K02363	Lipid metabolism
K02364	Transport
K02371	Lipid metabolism
K02372	Lipid metabolism
K02377	Carbohydrate metabolism
K02379	Other
K02380	Other
K02381	Other
K02386	Motility/adhesion
K02387	Signal transduction
K02388	Signal transduction
K02389	Signal transduction
K02390	Motility/adhesion
K02391	Signal transduction
K02392	Signal transduction
K02393	Motility/adhesion
K02394	Motility/adhesion
K02395	Cell envelope/biogenesis
K02396	Defense systems
K02397	Defense systems
K02398	Transcriptional regulation
K02399	Motility/adhesion
K02400	Motility/adhesion
K02401	Motility/adhesion
K02402	Transcriptional regulation
K02403	Transcriptional regulation
K02405	RNA processing/degradation
K02406	Other
K02408	Motility/adhesion
K02409	Motility/adhesion
K02410	Motility/adhesion
K02412	Other
K02415	Motility/adhesion
K02416	Motility/adhesion
K02417	Motility/adhesion
K02419	Motility/adhesion
K02420	Motility/adhesion
K02421	Motility/adhesion
K02424	Transport
K02425	Transcriptional regulation
K02426	Amino acid metabolism
K02427	RNA processing/degradation
K02429	Transport
K02433	Translation/ribosome
K02434	Translation/ribosome
K02435	Translation/ribosome
K02436	Transcriptional regulation
K02437	Amino acid metabolism
K02438	Carbohydrate metabolism
K02439	RNA processing/degradation
K02440	Transport
K02441	Protein folding/quality control
K02442	Transport
K02444	Transcriptional regulation
K02445	Transport
K02446	Carbohydrate metabolism
K02450	Transport
K02451	Transport
K02452	Transport
K02453	Transport
K02454	Transport
K02455	Transport
K02456	Transport
K02457	Transport
K02458	Transport
K02459	Transport
K02460	Transport
K02461	Transport
K02462	Transport
K02464	Transport
K02469	DNA replication/repair/maintenance
K02470	DNA replication/repair/maintenance
K02471	Transport
K02472	Carbohydrate metabolism
K02475	Signal transduction
K02476	Signal transduction
K02477	Signal transduction
K02478	Signal transduction
K02479	Signal transduction
K02482	Signal transduction
K02483	Signal transduction
K02484	Signal transduction
K02485	Signal transduction
K02488	Signal transduction
K02492	RNA processing/degradation
K02493	Translation/ribosome
K02494	Transport
K02495	Energy/central carbon
K02496	Carbohydrate metabolism
K02498	Other
K02500	Energy/central carbon
K02501	Energy/central carbon
K02502	Energy/central carbon
K02503	Amino acid metabolism
K02504	Transport
K02505	Transport
K02506	Carbohydrate metabolism
K02507	Transport
K02508	Transcriptional regulation
K02509	Energy/central carbon
K02510	Energy/central carbon
K02511	Transport
K02517	Lipid metabolism
K02518	Translation/ribosome
K02519	Translation/ribosome
K02520	Translation/ribosome
K02521	Transcriptional regulation
K02523	Carbohydrate metabolism
K02525	Transcriptional regulation
K02526	Transport
K02527	Energy/central carbon
K02528	RNA processing/degradation
K02529	Transcriptional regulation
K02530	Transcriptional regulation
K02531	Transcriptional regulation
K02532	Transport
K02533	Translation/ribosome
K02535	Carbohydrate metabolism
K02536	Carbohydrate metabolism
K02538	Carbohydrate metabolism
K02548	Carbohydrate metabolism
K02549	Energy/central carbon
K02551	Energy/central carbon
K02552	Cofactors/vitamins
K02553	Translation/ribosome
K02556	Motility/adhesion
K02557	Motility/adhesion
K02558	Cell envelope/biogenesis
K02560	Lipid metabolism
K02562	RNA processing/degradation
K02563	Cell envelope/biogenesis
K02564	Carbohydrate metabolism
K02565	Transcriptional regulation
K02566	Nucleotide metabolism
K02575	Transport
K02600	RNA processing/degradation
K02601	RNA processing/degradation
K02609	Carbohydrate metabolism
K02616	Drug metabolism/xenobiotics
K02617	Drug metabolism/xenobiotics
K02618	Energy/central carbon
K02619	Transport
K02621	Mobilome
K02622	Mobilome
K02625	Antibiotic resistance/efflux
K02647	Carbohydrate metabolism
K02650	Motility/adhesion
K02652	Motility/adhesion
K02653	Motility/adhesion
K02654	Carbohydrate metabolism
K02659	Motility/adhesion
K02666	Motility/adhesion
K02667	Signal transduction
K02669	Motility/adhesion
K02671	Motility/adhesion
K02679	Carbohydrate metabolism
K02680	Carbohydrate metabolism
K02681	Carbohydrate metabolism
K02682	Carbohydrate metabolism
K02686	DNA replication/repair/maintenance
K02687	Translation/ribosome
K02742	DNA replication/repair/maintenance
K02744	Carbohydrate metabolism
K02745	Carbohydrate metabolism
K02746	Other
K02747	Carbohydrate metabolism
K02750	Carbohydrate metabolism
K02753	Carbohydrate metabolism
K02755	Carbohydrate metabolism
K02757	Carbohydrate metabolism
K02759	Carbohydrate metabolism
K02760	Carbohydrate metabolism
K02761	Carbohydrate metabolism
K02765	Carbohydrate metabolism
K02768	Carbohydrate metabolism
K02769	Carbohydrate metabolism
K02770	Carbohydrate metabolism
K02771	Carbohydrate metabolism
K02773	Carbohydrate metabolism
K02774	Carbohydrate metabolism
K02775	Other
K02777	Carbohydrate metabolism
K02778	Carbohydrate metabolism
K02779	Carbohydrate metabolism
K02781	Carbohydrate metabolism
K02782	Carbohydrate metabolism
K02783	Transport
K02784	Carbohydrate metabolism
K02786	Carbohydrate metabolism
K02788	Carbohydrate metabolism
K02791	Carbohydrate metabolism
K02793	Carbohydrate metabolism
K02794	Carbohydrate metabolism
K02795	Carbohydrate metabolism
K02796	Carbohydrate metabolism
K02798	Carbohydrate metabolism
K02800	Carbohydrate metabolism
K02803	Carbohydrate metabolism
K02804	Carbohydrate metabolism
K02805	Carbohydrate metabolism
K02806	Carbohydrate metabolism
K02810	Carbohydrate metabolism
K02814	Carbohydrate metabolism
K02815	Transport
K02819	Carbohydrate metabolism
K02821	Carbohydrate metabolism
K02822	Carbohydrate metabolism
K02823	Energy/central carbon
K02824	Transport
K02825	Nucleotide metabolism
K02834	Translation/ribosome
K02835	Translation/ribosome
K02836	Translation/ribosome
K02837	Translation/ribosome
K02838	Translation/ribosome
K02840	Carbohydrate metabolism
K02841	Cell envelope/biogenesis
K02843	Cell envelope/biogenesis
K02844	Carbohydrate metabolism
K02846	Tryptophan metabolism
K02847	Cell envelope/biogenesis
K02849	Cell envelope/biogenesis
K02851	Carbohydrate metabolism
K02852	Carbohydrate metabolism
K02853	DNA replication/repair/maintenance
K02854	Transcriptional regulation
K02855	Transcriptional regulation
K02856	Transport
K02858	Energy/central carbon
K02859	Cofactors/vitamins
K02860	RNA processing/degradation
K02863	Translation/ribosome
K02864	Translation/ribosome
K02867	Translation/ribosome
K02871	Translation/ribosome
K02874	Translation/ribosome
K02876	Translation/ribosome
K02878	Translation/ribosome
K02879	Translation/ribosome
K02881	Translation/ribosome
K02884	Translation/ribosome
K02886	Translation/ribosome
K02887	Translation/ribosome
K02888	Translation/ribosome
K02890	Translation/ribosome
K02892	Translation/ribosome
K02895	Translation/ribosome
K02897	Translation/ribosome
K02899	Translation/ribosome
K02902	Translation/ribosome
K02904	Translation/ribosome
K02906	Translation/ribosome
K02907	Translation/ribosome
K02909	Translation/ribosome
K02911	Translation/ribosome
K02913	Translation/ribosome
K02914	Translation/ribosome
K02916	Translation/ribosome
K02919	Translation/ribosome
K02926	Translation/ribosome
K02931	Translation/ribosome
K02933	Translation/ribosome
K02935	Translation/ribosome
K02939	Translation/ribosome
K02945	Translation/ribosome
K02946	Translation/ribosome
K02948	Translation/ribosome
K02950	Translation/ribosome
K02952	Translation/ribosome
K02954	Translation/ribosome
K02956	Translation/ribosome
K02959	Translation/ribosome
K02961	Translation/ribosome
K02963	Translation/ribosome
K02965	Translation/ribosome
K02967	Translation/ribosome
K02968	Translation/ribosome
K02970	Translation/ribosome
K02972	Translation/ribosome
K02982	Translation/ribosome
K02986	Translation/ribosome
K02988	Translation/ribosome
K02990	Translation/ribosome
K02992	Translation/ribosome
K02994	Translation/ribosome
K02996	Translation/ribosome
K03040	DNA replication/repair/maintenance
K03043	DNA replication/repair/maintenance
K03046	DNA replication/repair/maintenance
K03048	DNA replication/repair/maintenance
K03060	DNA replication/repair/maintenance
K03070	Transport
K03071	Transport
K03072	Transport
K03073	Transport
K03074	Transport
K03075	Transport
K03076	Transport
K03077	Energy/central carbon
K03078	Energy/central carbon
K03079	Energy/central carbon
K03086	Transcriptional regulation
K03087	Transcriptional regulation
K03088	RNA processing/degradation
K03089	RNA processing/degradation
K03091	RNA processing/degradation
K03092	RNA processing/degradation
K03093	RNA processing/degradation
K03095	DNA replication/repair/maintenance
K03098	Other
K03100	Signal transduction
K03101	Carbohydrate metabolism
K03106	Signal transduction
K03110	Cell envelope/biogenesis
K03111	DNA replication/repair/maintenance
K03112	Other
K03113	Translation/ribosome
K03116	Transport
K03117	Transport
K03118	Transport
K03119	Transport
K03147	Carbohydrate metabolism
K03148	Carbohydrate metabolism
K03149	Other
K03150	Other
K03151	RNA processing/degradation
K03152	Other
K03153	Transport
K03154	Other
K03168	DNA replication/repair/maintenance
K03169	DNA replication/repair/maintenance
K03177	RNA processing/degradation
K03179	Carbohydrate metabolism
K03181	Tryptophan metabolism
K03182	Energy/central carbon
K03183	Carbohydrate metabolism
K03184	Other
K03185	Other
K03186	Cofactors/vitamins
K03187	Transport
K03188	Transport
K03189	Transport
K03190	Transport
K03192	Transport
K03194	Transport
K03195	Transport
K03201	Transport
K03204	Transport
K03205	Transport
K03206	Energy/central carbon
K03207	Carbohydrate metabolism
K03208	Carbohydrate metabolism
K03210	Transport
K03212	RNA processing/degradation
K03214	RNA processing/degradation
K03215	RNA processing/degradation
K03216	RNA processing/degradation
K03217	Signal transduction
K03218	RNA processing/degradation
K03269	Cell envelope/biogenesis
K03270	Carbohydrate metabolism
K03271	Energy/central carbon
K03272	Carbohydrate metabolism
K03273	Carbohydrate metabolism
K03274	Energy/central carbon
K03281	Transport
K03282	Transport
K03284	Transport
K03286	Transport
K03288	Antibiotic resistance/efflux
K03289	Transport
K03291	Antibiotic resistance/efflux
K03292	Transport
K03293	Transport
K03294	Transport
K03296	Transport
K03297	Antibiotic resistance/efflux
K03298	Antibiotic resistance/efflux
K03299	Transport
K03300	Transport
K03303	SCFA fermentation
K03305	Transport
K03306	Transport
K03307	Transport
K03309	Transport
K03310	Transport
K03311	Transport
K03312	Transport
K03313	Transport
K03314	Transport
K03315	Transport
K03316	Transport
K03317	Transport
K03319	Transport
K03320	Transport
K03321	Transport
K03322	Transport
K03324	Transport
K03326	Transport
K03327	Antibiotic resistance/efflux
K03328	Transport
K03332	Carbohydrate metabolism
K03335	Energy/central carbon
K03336	Other
K03337	Energy/central carbon
K03338	Carbohydrate metabolism
K03339	Energy/central carbon
K03342	Carbohydrate metabolism
K03346	DNA replication/repair/maintenance
K03366	Energy/central carbon
K03367	Amino acid metabolism
K03386	Energy/central carbon
K03387	Energy/central carbon
K03391	Cofactors/vitamins
K03392	Energy/central carbon
K03394	Carbohydrate metabolism
K03399	Carbohydrate metabolism
K03402	Transcriptional regulation
K03406	Carbohydrate metabolism
K03407	Signal transduction
K03408	Nucleotide metabolism
K03409	Motility/adhesion
K03411	Motility/adhesion
K03412	Amino acid metabolism
K03413	Motility/adhesion
K03415	Motility/adhesion
K03417	Other
K03424	DNA replication/repair/maintenance
K03425	Transport
K03426	Cofactors/vitamins
K03427	Defense systems
K03430	Carbohydrate metabolism
K03431	Energy/central carbon
K03435	Transcriptional regulation
K03436	Transcriptional regulation
K03437	RNA processing/degradation
K03438	RNA processing/degradation
K03439	RNA processing/degradation
K03442	Transport
K03445	Antibiotic resistance/efflux
K03446	Antibiotic resistance/efflux
K03449	Transport
K03451	Transport
K03453	Transport
K03455	Transport
K03457	Transport
K03458	Transport
K03462	Tryptophan metabolism
K03465	Cofactors/vitamins
K03466	DNA replication/repair/maintenance
K03468	Antibiotic resistance/efflux
K03469	Translation/ribosome
K03470	Translation/ribosome
K03471	Translation/ribosome
K03472	Other
K03473	Other
K03474	Energy/central carbon
K03475	Transport
K03476	Carbohydrate metabolism
K03477	Transcriptional regulation
K03478	Carbohydrate metabolism
K03481	Transcriptional regulation
K03482	Transcriptional regulation
K03483	RNA processing/degradation
K03484	Transcriptional regulation
K03485	Transcriptional regulation
K03486	Transcriptional regulation
K03487	Transcriptional regulation
K03488	RNA processing/degradation
K03489	Transcriptional regulation
K03490	Transcriptional regulation
K03491	Transcriptional regulation
K03492	Transcriptional regulation
K03493	Transcriptional regulation
K03495	RNA processing/degradation
K03496	Mobilome
K03497	Transcriptional regulation
K03498	Transport
K03499	Transport
K03500	RNA processing/degradation
K03501	RNA processing/degradation
K03502	DNA replication/repair/maintenance
K03503	DNA replication/repair/maintenance
K03516	Motility/adhesion
K03517	Tryptophan metabolism
K03519	Energy/central carbon
K03521	Energy/central carbon
K03522	Energy/central carbon
K03523	Cofactors/vitamins
K03524	Transcriptional regulation
K03525	Carbohydrate metabolism
K03526	Energy/central carbon
K03527	Energy/central carbon
K03528	Cell envelope/biogenesis
K03529	Cell envelope/biogenesis
K03530	DNA replication/repair/maintenance
K03531	Cell envelope/biogenesis
K03534	Energy/central carbon
K03535	Transport
K03536	Translation/ribosome
K03543	Antibiotic resistance/efflux
K03544	Protein folding/quality control
K03545	Other
K03546	DNA replication/repair/maintenance
K03547	DNA replication/repair/maintenance
K03548	Transport
K03549	Transport
K03550	DNA replication/repair/maintenance
K03551	DNA replication/repair/maintenance
K03553	DNA replication/repair/maintenance
K03554	Defense systems
K03555	DNA replication/repair/maintenance
K03556	Transcriptional regulation
K03557	Transcriptional regulation
K03558	Cell envelope/biogenesis
K03559	Transport
K03560	Transport
K03561	Transport
K03562	Transport
K03564	Energy/central carbon
K03565	RNA processing/degradation
K03566	Transcriptional regulation
K03567	Transcriptional regulation
K03568	Other
K03569	Signal transduction
K03570	Signal transduction
K03571	Signal transduction
K03572	DNA replication/repair/maintenance
K03573	DNA replication/repair/maintenance
K03574	Carbohydrate metabolism
K03575	Carbohydrate metabolism
K03576	Transcriptional regulation
K03577	Antibiotic resistance/efflux
K03578	DNA replication/repair/maintenance
K03579	DNA replication/repair/maintenance
K03580	DNA replication/repair/maintenance
K03581	DNA replication/repair/maintenance
K03582	DNA replication/repair/maintenance
K03583	DNA replication/repair/maintenance
K03584	DNA replication/repair/maintenance
K03585	Antibiotic resistance/efflux
K03587	Cell envelope/biogenesis
K03588	Carbohydrate metabolism
K03589	Cell envelope/biogenesis
K03590	Cell envelope/biogenesis
K03591	Cell envelope/biogenesis
K03592	Other
K03593	Mobilome
K03594	Other
K03595	Energy/central carbon
K03596	Other
K03597	Transcriptional regulation
K03598	Transcriptional regulation
K03599	Energy/central carbon
K03601	DNA replication/repair/maintenance
K03602	DNA replication/repair/maintenance
K03603	Transcriptional regulation
K03604	Transcriptional regulation
K03606	Carbohydrate metabolism
K03607	Other
K03608	Cell envelope/biogenesis
K03609	Cell envelope/biogenesis
K03610	Cell envelope/biogenesis
K03611	Energy/central carbon
K03612	Cofactors/vitamins
K03613	Cofactors/vitamins
K03614	Cofactors/vitamins
K03615	Cofactors/vitamins
K03616	Cofactors/vitamins
K03617	Cofactors/vitamins
K03619	Transcriptional regulation
K03621	Lipid metabolism
K03623	Translation/ribosome
K03624	Transcriptional regulation
K03625	RNA processing/degradation
K03628	Transcriptional regulation
K03629	DNA replication/repair/maintenance
K03630	DNA replication/repair/maintenance
K03631	DNA replication/repair/maintenance
K03632	Mobilome
K03633	Mobilome
K03634	Transport
K03635	Cofactors/vitamins
K03636	Other
K03637	Energy/central carbon
K03638	Cofactors/vitamins
K03639	Energy/central carbon
K03640	Transport
K03641	Other
K03642	Cell envelope/biogenesis
K03643	Other
K03644	Carbohydrate metabolism
K03645	DNA replication/repair/maintenance
K03646	Cell envelope/biogenesis
K03647	Other
K03648	DNA replication/repair/maintenance
K03649	DNA replication/repair/maintenance
K03650	Translation/ribosome
K03651	Carbohydrate metabolism
K03652	DNA replication/repair/maintenance
K03654	DNA replication/repair/maintenance
K03655	DNA replication/repair/maintenance
K03656	DNA replication/repair/maintenance
K03657	DNA replication/repair/maintenance
K03658	DNA replication/repair/maintenance
K03664	Translation/ribosome
K03665	Energy/central carbon
K03666	DNA replication/repair/maintenance
K03667	Protein folding/quality control
K03668	Transcriptional regulation
K03669	Cell envelope/biogenesis
K03670	Other
K03671	Signal transduction
K03672	Energy/central carbon
K03674	Energy/central carbon
K03675	Energy/central carbon
K03676	Energy/central carbon
K03684	Translation/ribosome
K03685	Translation/ribosome
K03686	DNA replication/repair/maintenance
K03687	Protein folding/quality control
K03688	Cofactors/vitamins
K03690	Cofactors/vitamins
K03693	Cell envelope/biogenesis
K03694	Protein folding/quality control
K03695	Protein folding/quality control
K03696	Protein folding/quality control
K03697	Protein folding/quality control
K03698	Carbohydrate metabolism
K03699	Transport
K03700	DNA replication/repair/maintenance
K03701	DNA replication/repair/maintenance
K03702	DNA replication/repair/maintenance
K03703	DNA replication/repair/maintenance
K03704	Viral processes
K03705	RNA processing/degradation
K03706	Transcriptional regulation
K03707	Carbohydrate metabolism
K03708	Transcriptional regulation
K03709	Transcriptional regulation
K03710	Transcriptional regulation
K03711	Transcriptional regulation
K03712	Transcriptional regulation
K03713	Transcriptional regulation
K03717	Transcriptional regulation
K03718	Transcriptional regulation
K03719	Transcriptional regulation
K03720	Tryptophan metabolism
K03721	Tryptophan metabolism
K03722	DNA replication/repair/maintenance
K03723	Transcriptional regulation
K03724	DNA replication/repair/maintenance
K03731	Carbohydrate metabolism
K03732	DNA replication/repair/maintenance
K03733	Mobilome
K03734	Cofactors/vitamins
K03735	Energy/central carbon
K03736	Energy/central carbon
K03737	Energy/central carbon
K03739	Transport
K03740	Amino acid metabolism
K03741	Energy/central carbon
K03742	Tryptophan metabolism
K03743	Tryptophan metabolism
K03744	Other
K03745	Other
K03746	DNA replication/repair/maintenance
K03747	Other
K03748	Other
K03749	Other
K03750	Cofactors/vitamins
K03752	Mobilome
K03753	Mobilome
K03756	Amino acid metabolism
K03757	Transport
K03758	Transport
K03759	Transport
K03760	Lipid metabolism
K03761	Antibiotic resistance/efflux
K03762	Transport
K03763	DNA replication/repair/maintenance
K03764	Transcriptional regulation
K03767	Energy/central carbon
K03768	Energy/central carbon
K03769	Energy/central carbon
K03770	Energy/central carbon
K03771	Energy/central carbon
K03772	Energy/central carbon
K03773	Energy/central carbon
K03774	Energy/central carbon
K03775	Energy/central carbon
K03776	Signal transduction
K03777	SCFA fermentation
K03778	SCFA fermentation
K03779	Energy/central carbon
K03780	Energy/central carbon
K03781	Energy/central carbon
K03782	Energy/central carbon
K03783	Nucleotide metabolism
K03784	Nucleotide metabolism
K03785	Energy/central carbon
K03786	Energy/central carbon
K03787	Nucleotide metabolism
K03788	Translation/ribosome
K03789	Translation/ribosome
K03790	Translation/ribosome
K03793	Other
K03796	Other
K03797	Protein folding/quality control
K03798	Protein folding/quality control
K03799	Protein folding/quality control
K03800	Cofactors/vitamins
K03801	Carbohydrate metabolism
K03802	Translation/ribosome
K03803	Transcriptional regulation
K03806	Amino acid metabolism
K03807	Other
K03808	Transport
K03809	Cofactors/vitamins
K03810	Viral processes
K03811	Tryptophan metabolism
K03812	Translation/ribosome
K03814	Cell envelope/biogenesis
K03816	Carbohydrate metabolism
K03817	Amino acid metabolism
K03818	Carbohydrate metabolism
K03819	Carbohydrate metabolism
K03820	Lipid metabolism
K03823	Carbohydrate metabolism
K03824	Carbohydrate metabolism
K03825	Tryptophan metabolism
K03826	Carbohydrate metabolism
K03827	Carbohydrate metabolism
K03828	Carbohydrate metabolism
K03829	Carbohydrate metabolism
K03830	Carbohydrate metabolism
K03831	Cofactors/vitamins
K03832	Other
K03833	Translation/ribosome
K03834	Tryptophan metabolism
K03835	Tryptophan metabolism
K03837	Transport
K03838	Transport
K03839	Energy/central carbon
K03840	Energy/central carbon
K03841	Carbohydrate metabolism
K03856	Carbohydrate metabolism
K03863	Cofactors/vitamins
K03885	Cofactors/vitamins
K03892	Transcriptional regulation
K03893	Transport
K03894	Energy/central carbon
K03895	Other
K03897	Amino acid metabolism
K03919	DNA replication/repair/maintenance
K03923	Cofactors/vitamins
K03924	Transport
K03925	Transcriptional regulation
K03926	Transport
K03928	Carbohydrate metabolism
K03929	Carbohydrate metabolism
K03930	Carbohydrate metabolism
K03933	Carbohydrate metabolism
K03943	Cofactors/vitamins
K03969	Viral processes
K03970	Viral processes
K03971	Viral processes
K03973	Viral processes
K03974	Transcriptional regulation
K03975	Defense systems
K03976	RNA processing/degradation
K03977	Energy/central carbon
K03978	Energy/central carbon
K03979	Carbohydrate metabolism
K03980	Cell envelope/biogenesis
K03981	Carbohydrate metabolism
K04019	Lipid metabolism
K04023	Transport
K04024	Lipid metabolism
K04026	Lipid metabolism
K04027	Lipid metabolism
K04028	Lipid metabolism
K04029	Lipid metabolism
K04030	Lipid metabolism
K04031	Lipid metabolism
K04032	Lipid metabolism
K04041	Carbohydrate metabolism
K04042	Carbohydrate metabolism
K04043	DNA replication/repair/maintenance
K04044	Protein folding/quality control
K04045	Protein folding/quality control
K04046	Protein folding/quality control
K04047	DNA replication/repair/maintenance
K04062	DNA replication/repair/maintenance
K04063	Energy/central carbon
K04064	DNA replication/repair/maintenance
K04065	DNA replication/repair/maintenance
K04066	DNA replication/repair/maintenance
K04067	DNA replication/repair/maintenance
K04068	Energy/central carbon
K04069	SCFA fermentation
K04072	SCFA fermentation
K04074	Cell envelope/biogenesis
K04075	Translation/ribosome
K04076	Protein folding/quality control
K04077	Protein folding/quality control
K04078	Protein folding/quality control
K04079	Protein folding/quality control
K04080	Protein folding/quality control
K04081	Protein folding/quality control
K04082	Protein folding/quality control
K04083	Protein folding/quality control
K04084	Energy/central carbon
K04085	Translation/ribosome
K04086	Protein folding/quality control
K04087	Protein folding/quality control
K04088	Protein folding/quality control
K04091	Cofactors/vitamins
K04092	Tryptophan metabolism
K04094	RNA processing/degradation
K04095	Carbohydrate metabolism
K04096	DNA replication/repair/maintenance
K04103	Energy/central carbon
K04333	Transcriptional regulation
K04334	Antibiotic resistance/efflux
K04335	Other
K04336	Cell envelope/biogenesis
K04337	Transport
K04338	Transport
K04343	Antibiotic resistance/efflux
K04477	Other
K04485	DNA replication/repair/maintenance
K04486	Carbohydrate metabolism
K04487	Amino acid metabolism
K04488	Energy/central carbon
K04516	Tryptophan metabolism
K04517	Tryptophan metabolism
K04518	Tryptophan metabolism
K04561	Amino acid metabolism
K04564	Other
K04565	Other
K04566	Translation/ribosome
K04567	Translation/ribosome
K04568	Translation/ribosome
K04651	Transport
K04652	Transport
K04653	Motility/adhesion
K04654	Motility/adhesion
K04655	Carbohydrate metabolism
K04656	Translation/ribosome
K04691	Amino acid metabolism
K04718	Other
K04719	Other
K04720	Amino acid metabolism
K04744	Carbohydrate metabolism
K04749	Other
K04750	Other
K04751	Transcriptional regulation
K04752	Transcriptional regulation
K04753	Other
K04754	Lipid metabolism
K04755	Transcriptional regulation
K04756	Energy/central carbon
K04758	Transport
K04759	Transport
K04760	Transcriptional regulation
K04761	Transcriptional regulation
K04762	Translation/ribosome
K04763	Mobilome
K04764	DNA replication/repair/maintenance
K04765	Carbohydrate metabolism
K04767	Other
K04770	Protein folding/quality control
K04771	Amino acid metabolism
K04772	Protein folding/quality control
K04773	Protein folding/quality control
K04774	Protein folding/quality control
K04775	Protein folding/quality control
K04940	Other
K05275	Energy/central carbon
K05297	Cofactors/vitamins
K05306	Carbohydrate metabolism
K05311	Carbohydrate metabolism
K05337	Transcriptional regulation
K05338	Energy/central carbon
K05339	Energy/central carbon
K05340	Transport
K05342	Carbohydrate metabolism
K05343	Carbohydrate metabolism
K05346	Transcriptional regulation
K05349	Carbohydrate metabolism
K05350	Carbohydrate metabolism
K05352	Cofactors/vitamins
K05358	Cofactors/vitamins
K05362	Cell envelope/biogenesis
K05363	Amino acid metabolism
K05365	Cell envelope/biogenesis
K05366	Antibiotic resistance/efflux
K05367	Cell envelope/biogenesis
K05368	Cofactors/vitamins
K05372	Transcriptional regulation
K05375	Other
K05396	Amino acid metabolism
K05499	Transcriptional regulation
K05501	Antibiotic resistance/efflux
K05515	Cell envelope/biogenesis
K05517	Transport
K05520	Carbohydrate metabolism
K05521	Energy/central carbon
K05522	Defense systems
K05524	Transcriptional regulation
K05526	Carbohydrate metabolism
K05527	Transcriptional regulation
K05539	Translation/ribosome
K05540	Energy/central carbon
K05548	Transport
K05553	Lipid metabolism
K05568	Transport
K05589	Cell envelope/biogenesis
K05590	DNA replication/repair/maintenance
K05591	DNA replication/repair/maintenance
K05592	Energy/central carbon
K05593	Carbohydrate metabolism
K05594	Other
K05595	Transport
K05601	Other
K05603	Carbohydrate metabolism
K05643	Transport
K05658	Transport
K05685	Antibiotic resistance/efflux
K05710	Energy/central carbon
K05712	Carbohydrate metabolism
K05770	Other
K05774	Transport
K05775	Carbohydrate metabolism
K05776	Transport
K05781	Transport
K05782	Transport
K05783	Energy/central carbon
K05785	Transcriptional regulation
K05786	Carbohydrate metabolism
K05787	DNA replication/repair/maintenance
K05788	DNA replication/repair/maintenance
K05789	Transport
K05790	Cell envelope/biogenesis
K05794	Transport
K05796	Transport
K05798	Transcriptional regulation
K05799	Transcriptional regulation
K05800	Transcriptional regulation
K05801	DNA replication/repair/maintenance
K05802	Transport
K05803	Transport
K05804	Transcriptional regulation
K05805	Other
K05807	Cell envelope/biogenesis
K05808	Translation/ribosome
K05809	Translation/ribosome
K05810	Carbohydrate metabolism
K05811	Transport
K05812	RNA processing/degradation
K05813	Transport
K05814	Transport
K05815	Transport
K05816	Transport
K05817	Transcriptional regulation
K05819	Transport
K05820	Transport
K05822	Antibiotic resistance/efflux
K05823	Carbohydrate metabolism
K05825	Carbohydrate metabolism
K05832	Tryptophan metabolism
K05833	Tryptophan metabolism
K05834	Carbohydrate metabolism
K05835	Antibiotic resistance/efflux
K05836	Transcriptional regulation
K05837	Cell envelope/biogenesis
K05838	Energy/central carbon
K05839	Other
K05844	Translation/ribosome
K05845	Transport
K05846	Transport
K05847	Transport
K05851	Energy/central carbon
K05874	Signal transduction
K05875	Signal transduction
K05876	Carbohydrate metabolism
K05877	Signal transduction
K05878	Carbohydrate metabolism
K05879	Carbohydrate metabolism
K05881	Carbohydrate metabolism
K05882	Energy/central carbon
K05895	Energy/central carbon
K05896	Cell envelope/biogenesis
K05910	Energy/central carbon
K05916	Amino acid metabolism
K05921	Energy/central carbon
K05934	Carbohydrate metabolism
K05936	Carbohydrate metabolism
K05937	Other
K05939	Lipid metabolism
K05946	Carbohydrate metabolism
K05952	Other
K05964	Carbohydrate metabolism
K05966	Carbohydrate metabolism
K05970	Carbohydrate metabolism
K05982	Carbohydrate metabolism
K05984	DNA replication/repair/maintenance
K05985	Translation/ribosome
K05986	Energy/central carbon
K05988	Carbohydrate metabolism
K05989	Carbohydrate metabolism
K05995	Carbohydrate metabolism
K05997	Other
K06006	Other
K06016	Transport
K06019	Carbohydrate metabolism
K06020	Transport
K06023	Carbohydrate metabolism
K06024	Cell envelope/biogenesis
K06039	Other
K06041	Energy/central carbon
K06042	Energy/central carbon
K06044	Carbohydrate metabolism
K06045	Carbohydrate metabolism
K06048	Amino acid metabolism
K06073	Transport
K06074	Transport
K06075	Transcriptional regulation
K06076	Transport
K06077	Transport
K06078	Transport
K06079	Other
K06080	Other
K06131	Carbohydrate metabolism
K06133	Carbohydrate metabolism
K06136	Cofactors/vitamins
K06137	Cofactors/vitamins
K06138	Cofactors/vitamins
K06139	Carbohydrate metabolism
K06140	Nucleotide metabolism
K06141	Transport
K06142	Transport
K06143	Transport
K06144	Transcriptional regulation
K06145	Transcriptional regulation
K06147	Transport
K06148	Transport
K06149	Transcriptional regulation
K06151	Transport
K06152	Transport
K06153	Carbohydrate metabolism
K06155	Transport
K06156	Transport
K06158	Transport
K06159	Antibiotic resistance/efflux
K06160	Transport
K06162	Carbohydrate metabolism
K06163	Transport
K06164	Energy/central carbon
K06165	Energy/central carbon
K06166	Energy/central carbon
K06167	Carbohydrate metabolism
K06168	Translation/ribosome
K06169	Translation/ribosome
K06173	Energy/central carbon
K06175	Translation/ribosome
K06176	Translation/ribosome
K06177	Translation/ribosome
K06178	RNA processing/degradation
K06179	RNA processing/degradation
K06180	RNA processing/degradation
K06181	RNA processing/degradation
K06182	RNA processing/degradation
K06183	RNA processing/degradation
K06186	Cell envelope/biogenesis
K06187	DNA replication/repair/maintenance
K06188	Transport
K06189	Antibiotic resistance/efflux
K06191	Other
K06192	Transport
K06193	Other
K06194	Transport
K06195	Other
K06197	Transport
K06198	Mobilome
K06199	Transport
K06200	Energy/central carbon
K06201	Other
K06202	Other
K06203	Other
K06204	RNA processing/degradation
K06205	Other
K06206	Carbohydrate metabolism
K06207	Energy/central carbon
K06209	Tryptophan metabolism
K06211	Transcriptional regulation
K06212	Transport
K06213	Transport
K06214	Transport
K06216	Transport
K06217	Energy/central carbon
K06218	RNA processing/degradation
K06219	Translation/ribosome
K06221	Energy/central carbon
K06222	Energy/central carbon
K06223	DNA replication/repair/maintenance
K06236	Other
K06286	Cell envelope/biogenesis
K06287	Carbohydrate metabolism
K06320	Translation/ribosome
K06338	Other
K06346	Defense systems
K06350	Other
K06351	Other
K06384	Cell envelope/biogenesis
K06386	Cell envelope/biogenesis
K06400	DNA replication/repair/maintenance
K06415	Cell envelope/biogenesis
K06442	RNA processing/degradation
K06445	Carbohydrate metabolism
K06447	Amino acid metabolism
K06518	Energy/central carbon
K06602	Transcriptional regulation
K06607	Energy/central carbon
K06608	Transcriptional regulation
K06609	Transport
K06610	Transport
K06718	Carbohydrate metabolism
K06720	Other
K06726	Energy/central carbon
K06857	Transport
K06858	Transport
K06861	Cell envelope/biogenesis
K06864	Amino acid metabolism
K06866	Cofactors/vitamins
K06867	Other
K06871	Other
K06872	Other
K06876	DNA replication/repair/maintenance
K06878	RNA processing/degradation
K06879	Other
K06881	Carbohydrate metabolism
K06884	Other
K06885	Other
K06889	Other
K06890	Other
K06891	Protein folding/quality control
K06893	Other
K06894	Other
K06895	Transport
K06898	Carbohydrate metabolism
K06899	Defense systems
K06901	Transport
K06902	Transport
K06904	Protein folding/quality control
K06907	Transport
K06908	Transport
K06909	Viral processes
K06910	Other
K06911	Energy/central carbon
K06915	DNA replication/repair/maintenance
K06916	Cell envelope/biogenesis
K06918	Other
K06919	DNA replication/repair/maintenance
K06920	Other
K06921	Other
K06923	Other
K06925	RNA processing/degradation
K06926	Other
K06929	Other
K06934	Other
K06938	Other
K06940	Other
K06941	RNA processing/degradation
K06942	Translation/ribosome
K06946	Other
K06948	Translation/ribosome
K06949	Translation/ribosome
K06950	Other
K06952	Nucleotide metabolism
K06954	Other
K06956	Other
K06957	Translation/ribosome
K06958	RNA processing/degradation
K06959	Other
K06960	Other
K06962	Other
K06966	Nucleotide metabolism
K06967	RNA processing/degradation
K06968	RNA processing/degradation
K06969	RNA processing/degradation
K06970	RNA processing/degradation
K06973	Other
K06975	Other
K06977	Other
K06978	Other
K06980	Translation/ribosome
K06988	Energy/central carbon
K06989	Amino acid metabolism
K06991	Other
K06994	Antibiotic resistance/efflux
K06996	Other
K06997	Other
K06998	Energy/central carbon
K06999	Carbohydrate metabolism
K07000	Other
K07001	Other
K07002	Amino acid metabolism
K07003	Other
K07004	Other
K07005	Other
K07006	Other
K07007	Energy/central carbon
K07009	Lipid metabolism
K07010	Amino acid metabolism
K07012	Defense systems
K07014	Other
K07015	Carbohydrate metabolism
K07018	Other
K07019	Other
K07023	Carbohydrate metabolism
K07025	Other
K07026	Carbohydrate metabolism
K07027	Carbohydrate metabolism
K07029	Carbohydrate metabolism
K07030	Lipid metabolism
K07032	Other
K07033	Other
K07034	Transport
K07035	Other
K07038	Transport
K07039	Other
K07040	Translation/ribosome
K07042	RNA processing/degradation
K07043	RNA processing/degradation
K07045	Other
K07050	RNA processing/degradation
K07052	Protein folding/quality control
K07053	Carbohydrate metabolism
K07054	Other
K07056	RNA processing/degradation
K07058	Transport
K07061	Defense systems
K07062	Defense systems
K07064	Other
K07069	Other
K07070	Other
K07071	Other
K07078	Other
K07082	Cell envelope/biogenesis
K07085	Transport
K07089	Other
K07090	Other
K07091	Transport
K07093	Other
K07095	Other
K07097	Other
K07098	Other
K07104	Energy/central carbon
K07105	Other
K07106	Energy/central carbon
K07107	Carbohydrate metabolism
K07109	Other
K07112	Other
K07113	Other
K07115	RNA processing/degradation
K07116	Carbohydrate metabolism
K07118	Other
K07119	Other
K07120	Other
K07121	Other
K07122	Transport
K07123	Other
K07124	Other
K07126	Other
K07127	Other
K07130	Other
K07133	Other
K07136	Other
K07137	Other
K07139	Other
K07140	Translation/ribosome
K07141	Cofactors/vitamins
K07146	Other
K07147	Amino acid metabolism
K07148	Other
K07149	Other
K07150	Other
K07152	Other
K07153	Other
K07154	Amino acid metabolism
K07156	Antibiotic resistance/efflux
K07157	Other
K07160	Carbohydrate metabolism
K07165	Signal transduction
K07166	Other
K07168	Transport
K07171	RNA processing/degradation
K07172	Defense systems
K07173	Energy/central carbon
K07177	Protein folding/quality control
K07180	Amino acid metabolism
K07183	RNA processing/degradation
K07184	Other
K07186	Transport
K07192	Other
K07213	Protein folding/quality control
K07214	Transport
K07215	Cofactors/vitamins
K07217	Transport
K07219	Cofactors/vitamins
K07221	Transport
K07222	Transport
K07223	Energy/central carbon
K07224	Transport
K07229	Cofactors/vitamins
K07230	Transport
K07232	Amino acid metabolism
K07233	Antibiotic resistance/efflux
K07235	Translation/ribosome
K07236	Translation/ribosome
K07237	Translation/ribosome
K07238	Transport
K07240	Transport
K07241	Transport
K07243	Transport
K07245	Antibiotic resistance/efflux
K07246	Energy/central carbon
K07248	Energy/central carbon
K07250	Synaptic pathways
K07251	Cofactors/vitamins
K07258	Amino acid metabolism
K07259	Amino acid metabolism
K07260	Carbohydrate metabolism
K07261	Cell envelope/biogenesis
K07262	Amino acid metabolism
K07263	Protein folding/quality control
K07264	Energy/central carbon
K07265	Transport
K07266	Transport
K07267	Transport
K07268	Defense systems
K07269	Cell envelope/biogenesis
K07271	Cell envelope/biogenesis
K07272	Carbohydrate metabolism
K07273	Transport
K07274	Other
K07275	Transport
K07276	Other
K07277	Transport
K07278	Other
K07282	Carbohydrate metabolism
K07283	Transport
K07284	Carbohydrate metabolism
K07285	Transport
K07286	Other
K07287	Cell envelope/biogenesis
K07289	Other
K07290	Other
K07300	Transport
K07301	Transport
K07302	Energy/central carbon
K07304	Amino acid metabolism
K07305	Amino acid metabolism
K07306	Carbohydrate metabolism
K07307	Carbohydrate metabolism
K07308	Carbohydrate metabolism
K07309	Other
K07313	Amino acid metabolism
K07315	Carbohydrate metabolism
K07316	DNA replication/repair/maintenance
K07317	DNA replication/repair/maintenance
K07318	DNA replication/repair/maintenance
K07319	DNA replication/repair/maintenance
K07320	Translation/ribosome
K07322	Signal transduction
K07323	Transport
K07326	Other
K07334	Defense systems
K07335	DNA replication/repair/maintenance
K07336	Other
K07337	Cell envelope/biogenesis
K07339	RNA processing/degradation
K07340	Transport
K07341	Other
K07343	DNA replication/repair/maintenance
K07344	Transport
K07345	Antibiotic resistance/efflux
K07346	Protein folding/quality control
K07347	Transport
K07348	Other
K07349	Other
K07350	Other
K07351	Other
K07352	Other
K07353	Protein folding/quality control
K07354	Transport
K07355	Other
K07356	Other
K07386	Carbohydrate metabolism
K07387	Other
K07390	Energy/central carbon
K07391	Transport
K07393	Other
K07396	Energy/central carbon
K07397	RNA processing/degradation
K07400	Translation/ribosome
K07401	Energy/central carbon
K07402	Transport
K07404	Carbohydrate metabolism
K07407	Carbohydrate metabolism
K07443	DNA replication/repair/maintenance
K07444	DNA replication/repair/maintenance
K07447	RNA processing/degradation
K07448	Defense systems
K07449	DNA replication/repair/maintenance
K07451	Carbohydrate metabolism
K07452	Carbohydrate metabolism
K07455	DNA replication/repair/maintenance
K07456	DNA replication/repair/maintenance
K07457	Defense systems
K07458	DNA replication/repair/maintenance
K07459	Defense systems
K07460	Defense systems
K07461	Defense systems
K07462	DNA replication/repair/maintenance
K07464	Defense systems
K07465	Defense systems
K07467	DNA replication/repair/maintenance
K07470	DNA replication/repair/maintenance
K07473	DNA replication/repair/maintenance
K07474	Viral processes
K07478	Energy/central carbon
K07479	DNA replication/repair/maintenance
K07480	Mobilome
K07482	Mobilome
K07483	Mobilome
K07484	Mobilome
K07485	Mobilome
K07486	Mobilome
K07487	Mobilome
K07490	Transport
K07491	Tryptophan metabolism
K07492	Mobilome
K07493	Mobilome
K07496	Mobilome
K07497	Mobilome
K07498	Mobilome
K07504	Defense systems
K07505	Transcriptional regulation
K07506	Transcriptional regulation
K07507	Transport
K07533	Energy/central carbon
K07535	Carbohydrate metabolism
K07552	Antibiotic resistance/efflux
K07559	RNA processing/degradation
K07560	RNA processing/degradation
K07566	Carbohydrate metabolism
K07568	RNA processing/degradation
K07570	Defense systems
K07571	RNA processing/degradation
K07574	RNA processing/degradation
K07584	Other
K07586	Other
K07589	Energy/central carbon
K07592	Transcriptional regulation
K07636	Signal transduction
K07637	Signal transduction
K07638	Signal transduction
K07639	Signal transduction
K07640	Signal transduction
K07641	Signal transduction
K07642	Signal transduction
K07643	Signal transduction
K07644	Signal transduction
K07645	Signal transduction
K07646	Signal transduction
K07648	Signal transduction
K07649	Signal transduction
K07652	Signal transduction
K07657	Signal transduction
K07658	Signal transduction
K07659	Signal transduction
K07660	Signal transduction
K07661	Signal transduction
K07662	Signal transduction
K07663	Signal transduction
K07664	Signal transduction
K07665	Signal transduction
K07666	Signal transduction
K07667	Signal transduction
K07668	Signal transduction
K07673	Signal transduction
K07674	Signal transduction
K07675	Signal transduction
K07676	Signal transduction
K07677	Signal transduction
K07678	Signal transduction
K07681	Signal transduction
K07683	Signal transduction
K07686	Signal transduction
K07687	Signal transduction
K07689	Signal transduction
K07693	Signal transduction
K07694	Signal transduction
K07696	Signal transduction
K07700	Signal transduction
K07701	Signal transduction
K07702	Signal transduction
K07703	Signal transduction
K07704	Signal transduction
K07705	Signal transduction
K07706	Signal transduction
K07707	Signal transduction
K07708	Signal transduction
K07711	Signal transduction
K07712	Transcriptional regulation
K07714	Signal transduction
K07715	Signal transduction
K07717	Signal transduction
K07718	Signal transduction
K07719	Signal transduction
K07720	Signal transduction
K07723	Transcriptional regulation
K07724	Transcriptional regulation
K07726	Transcriptional regulation
K07727	Transcriptional regulation
K07729	Transcriptional regulation
K07733	Transcriptional regulation
K07735	Transcriptional regulation
K07736	Transcriptional regulation
K07738	RNA processing/degradation
K07740	Transcriptional regulation
K07741	Other
K07742	Other
K07749	Carbohydrate metabolism
K07751	Carbohydrate metabolism
K07757	Carbohydrate metabolism
K07771	Signal transduction
K07773	Amino acid metabolism
K07774	Signal transduction
K07777	Signal transduction
K07778	Signal transduction
K07781	Transcriptional regulation
K07782	Transcriptional regulation
K07783	Transport
K07784	Antibiotic resistance/efflux
K07787	Antibiotic resistance/efflux
K07788	Antibiotic resistance/efflux
K07789	Antibiotic resistance/efflux
K07791	Transport
K07792	Transport
K07795	Transport
K07796	Antibiotic resistance/efflux
K07798	Antibiotic resistance/efflux
K07799	Antibiotic resistance/efflux
K07806	Energy/central carbon
K07810	Antibiotic resistance/efflux
K07812	Amino acid metabolism
K07813	Other
K07816	Carbohydrate metabolism
K07862	Transport
K07979	Transcriptional regulation
K08068	Energy/central carbon
K08070	Other
K08077	Carbohydrate metabolism
K08086	Motility/adhesion
K08093	Energy/central carbon
K08094	Energy/central carbon
K08097	Carbohydrate metabolism
K08100	Energy/central carbon
K08137	Transport
K08139	Transport
K08151	Antibiotic resistance/efflux
K08152	Antibiotic resistance/efflux
K08153	Antibiotic resistance/efflux
K08154	Antibiotic resistance/efflux
K08156	Transport
K08159	Transport
K08160	Antibiotic resistance/efflux
K08161	Antibiotic resistance/efflux
K08162	Antibiotic resistance/efflux
K08163	Antibiotic resistance/efflux
K08164	Antibiotic resistance/efflux
K08166	Antibiotic resistance/efflux
K08167	Antibiotic resistance/efflux
K08169	Antibiotic resistance/efflux
K08170	Antibiotic resistance/efflux
K08172	Tryptophan metabolism
K08173	Antibiotic resistance/efflux
K08174	Antibiotic resistance/efflux
K08177	Transport
K08178	Transport
K08191	Antibiotic resistance/efflux
K08194	Transport
K08195	Antibiotic resistance/efflux
K08196	Antibiotic resistance/efflux
K08217	Antibiotic resistance/efflux
K08218	Antibiotic resistance/efflux
K08219	Transport
K08221	Antibiotic resistance/efflux
K08223	Antibiotic resistance/efflux
K08224	Transport
K08225	Antibiotic resistance/efflux
K08227	Transport
K08234	Amino acid metabolism
K08261	Carbohydrate metabolism
K08276	Other
K08279	Transcriptional regulation
K08281	Other
K08289	Carbohydrate metabolism
K08296	Carbohydrate metabolism
K08300	Translation/ribosome
K08301	Translation/ribosome
K08302	Energy/central carbon
K08303	Carbohydrate metabolism
K08304	Cell envelope/biogenesis
K08305	Cell envelope/biogenesis
K08306	Cell envelope/biogenesis
K08307	Cell envelope/biogenesis
K08308	Cell envelope/biogenesis
K08309	Cell envelope/biogenesis
K08310	Carbohydrate metabolism
K08311	Nucleotide metabolism
K08312	Energy/central carbon
K08313	Energy/central carbon
K08314	Energy/central carbon
K08315	Protein folding/quality control
K08316	RNA processing/degradation
K08317	Other
K08318	Other
K08319	Other
K08320	Carbohydrate metabolism
K08321	Energy/central carbon
K08322	Energy/central carbon
K08323	Energy/central carbon
K08324	Energy/central carbon
K08325	Energy/central carbon
K08344	Antibiotic resistance/efflux
K08348	SCFA fermentation
K08349	SCFA fermentation
K08350	SCFA fermentation
K08351	Amino acid metabolism
K08364	Transcriptional regulation
K08365	Transcriptional regulation
K08368	Transport
K08369	Transport
K08483	Carbohydrate metabolism
K08484	Carbohydrate metabolism
K08485	Energy/central carbon
K08591	Lipid metabolism
K08602	Carbohydrate metabolism
K08641	Carbohydrate metabolism
K08659	Carbohydrate metabolism
K08676	Protein folding/quality control
K08677	Cell envelope/biogenesis
K08679	Energy/central carbon
K08680	Energy/central carbon
K08682	Lipid metabolism
K08693	Nucleotide metabolism
K08715	Transport
K08721	Antibiotic resistance/efflux
K08722	Carbohydrate metabolism
K08723	Nucleotide metabolism
K08724	Cell envelope/biogenesis
K08728	Nucleotide metabolism
K08738	Cofactors/vitamins
K08744	Carbohydrate metabolism
K08884	Amino acid metabolism
K08963	Energy/central carbon
K08964	Energy/central carbon
K08967	Energy/central carbon
K08968	Amino acid metabolism
K08969	Carbohydrate metabolism
K08970	Transport
K08972	Transport
K08973	Energy/central carbon
K08974	Transport
K08981	Transport
K08987	Transport
K08990	Transport
K08992	Cell envelope/biogenesis
K08993	Transport
K08994	Transport
K08995	Transport
K08996	Transport
K08997	Carbohydrate metabolism
K08998	Other
K09000	Defense systems
K09001	Energy/central carbon
K09003	Other
K09004	Other
K09005	Other
K09013	Other
K09014	Other
K09015	Other
K09016	Transport
K09017	Antibiotic resistance/efflux
K09018	Nucleotide metabolism
K09019	Other
K09020	Other
K09021	Other
K09022	Carbohydrate metabolism
K09023	Other
K09024	Cofactors/vitamins
K09065	Amino acid metabolism
K09117	Other
K09121	Energy/central carbon
K09125	Transport
K09131	Other
K09136	Translation/ribosome
K09153	Transport
K09155	Other
K09157	Other
K09159	Defense systems
K09160	Other
K09161	Other
K09167	Other
K09181	Carbohydrate metabolism
K09250	Other
K09251	Carbohydrate metabolism
K09384	Other
K09456	Carbohydrate metabolism
K09457	Other
K09458	Lipid metabolism
K09470	Other
K09471	Energy/central carbon
K09473	Synaptic pathways
K09474	Translation/ribosome
K09475	Transport
K09476	Transport
K09565	Energy/central carbon
K09612	Carbohydrate metabolism
K09684	Transcriptional regulation
K09685	Transcriptional regulation
K09688	Transport
K09689	Transport
K09690	Transport
K09691	Transport
K09692	Transport
K09693	Transport
K09694	Transport
K09695	Transport
K09697	Transport
K09698	Translation/ribosome
K09699	Energy/central carbon
K09702	Other
K09703	Other
K09704	Other
K09705	Other
K09710	Defense systems
K09712	Other
K09747	Defense systems
K09748	Translation/ribosome
K09758	Amino acid metabolism
K09760	DNA replication/repair/maintenance
K09761	RNA processing/degradation
K09762	Cell envelope/biogenesis
K09765	Other
K09767	Energy/central carbon
K09768	Other
K09769	Nucleotide metabolism
K09771	Antibiotic resistance/efflux
K09772	Cell envelope/biogenesis
K09773	Carbohydrate metabolism
K09774	Cell envelope/biogenesis
K09779	Other
K09780	Other
K09781	Other
K09786	Other
K09787	Other
K09790	Other
K09791	Other
K09795	Other
K09796	Protein folding/quality control
K09798	Other
K09800	Other
K09801	Other
K09802	Other
K09803	Other
K09806	Cofactors/vitamins
K09807	Other
K09808	Transport
K09809	Carbohydrate metabolism
K09810	Transport
K09811	Transport
K09812	Cell envelope/biogenesis
K09815	Transport
K09816	Transport
K09817	Transport
K09818	Transport
K09819	Transport
K09820	Transport
K09823	Transcriptional regulation
K09824	Other
K09825	Transcriptional regulation
K09835	Energy/central carbon
K09857	Transport
K09861	Other
K09862	Other
K09879	Motility/adhesion
K09880	Carbohydrate metabolism
K09882	Carbohydrate metabolism
K09883	Energy/central carbon
K09888	Cell envelope/biogenesis
K09889	Defense systems
K09890	Translation/ribosome
K09891	Other
K09892	Cell envelope/biogenesis
K09893	Translation/ribosome
K09895	Other
K09897	Other
K09898	Other
K09899	Other
K09901	Other
K09903	Carbohydrate metabolism
K09904	Other
K09906	Translation/ribosome
K09908	Other
K09909	Other
K09910	Other
K09911	Other
K09912	Other
K09913	Nucleotide metabolism
K09914	Transport
K09915	Other
K09916	Other
K09918	Other
K09919	Other
K09920	Other
K09921	Other
K09923	Other
K09927	Other
K09931	Other
K09933	Carbohydrate metabolism
K09936	Transport
K09937	Other
K09945	Other
K09949	Cell envelope/biogenesis
K09951	Defense systems
K09952	Defense systems
K09955	Other
K09958	Other
K09960	Other
K09961	Other
K09962	Other
K09963	Other
K09969	Transport
K09970	Transport
K09971	Transport
K09972	Transport
K09973	Other
K09975	Other
K09976	Other
K09978	Other
K09979	Other
K09985	Other
K09986	Other
K09987	Other
K09988	Energy/central carbon
K09991	Other
K09994	Amino acid metabolism
K09996	Transport
K09997	Transport
K09998	Transport
K09999	Transport
K10000	Transport
K10001	Transport
K10002	Transport
K10003	Transport
K10004	Transport
K10005	Transport
K10008	Transport
K10009	Transport
K10010	Transport
K10011	Energy/central carbon
K10012	Carbohydrate metabolism
K10013	Transport
K10014	Transport
K10015	Transport
K10016	Transport
K10017	Transport
K10019	Transport
K10020	Transport
K10021	Transport
K10024	Transport
K10026	Other
K10027	Lipid metabolism
K10036	Transport
K10037	Transport
K10038	Transport
K10039	Transport
K10040	Transport
K10041	Transport
K10107	Transport
K10108	Transport
K10109	Transport
K10110	Transport
K10111	Transport
K10112	Transport
K10117	Transport
K10118	Transport
K10119	Transport
K10120	Transport
K10121	Transport
K10122	Transport
K10125	Signal transduction
K10126	Signal transduction
K10188	Transport
K10190	Transport
K10200	Transport
K10202	Transport
K10206	Carbohydrate metabolism
K10208	Carbohydrate metabolism
K10213	Carbohydrate metabolism
K10218	Energy/central carbon
K10219	Energy/central carbon
K10236	Transport
K10237	Transport
K10238	Transport
K10253	Synaptic pathways
K10254	Energy/central carbon
K10353	Carbohydrate metabolism
K10439	Transport
K10440	Transport
K10441	Transport
K10530	SCFA fermentation
K10531	Amino acid metabolism
K10536	Carbohydrate metabolism
K10537	Transport
K10538	Transport
K10539	Transport
K10540	Transport
K10541	Transport
K10542	Transport
K10543	Transport
K10544	Transport
K10545	Transport
K10547	Transport
K10551	Transport
K10555	Transport
K10556	Transport
K10557	Transport
K10558	Transport
K10562	Transport
K10563	DNA replication/repair/maintenance
K10617	Energy/central carbon
K10678	Other
K10679	Other
K10680	Other
K10708	Carbohydrate metabolism
K10710	Transport
K10711	Transcriptional regulation
K10715	Signal transduction
K10716	Transport
K10764	Other
K10773	DNA replication/repair/maintenance
K10778	Transcriptional regulation
K10793	Amino acid metabolism
K10804	Carbohydrate metabolism
K10805	Carbohydrate metabolism
K10806	Carbohydrate metabolism
K10810	Transcriptional regulation
K10823	Transport
K10830	Transport
K10831	Transport
K10834	Transport
K10851	Other
K10857	DNA replication/repair/maintenance
K10914	Transcriptional regulation
K10947	Transcriptional regulation
K10974	Transport
K10975	Transport
K10984	Carbohydrate metabolism
K10985	Carbohydrate metabolism
K10986	Carbohydrate metabolism
K11021	Defense systems
K11041	Defense systems
K11050	Antibiotic resistance/efflux
K11051	Antibiotic resistance/efflux
K11065	Energy/central carbon
K11066	Amino acid metabolism
K11068	Other
K11069	Transport
K11070	Transport
K11071	Transport
K11072	Transport
K11073	Transport
K11074	Transport
K11075	Transport
K11076	Transport
K11085	Transport
K11102	Transport
K11103	Transport
K11104	Transport
K11105	Transport
K11144	DNA replication/repair/maintenance
K11145	RNA processing/degradation
K11175	Carbohydrate metabolism
K11177	Carbohydrate metabolism
K11178	Cofactors/vitamins
K11179	Translation/ribosome
K11183	Energy/central carbon
K11192	Carbohydrate metabolism
K11194	Carbohydrate metabolism
K11195	Carbohydrate metabolism
K11196	Carbohydrate metabolism
K11200	Carbohydrate metabolism
K11201	Carbohydrate metabolism
K11202	Carbohydrate metabolism
K11203	Carbohydrate metabolism
K11206	Amino acid metabolism
K11208	Carbohydrate metabolism
K11209	Energy/central carbon
K11249	Antibiotic resistance/efflux
K11250	Antibiotic resistance/efflux
K11258	Carbohydrate metabolism
K11312	Translation/ribosome
K11391	RNA processing/degradation
K11392	RNA processing/degradation
K11441	Other
K11473	Transport
K11474	Transcriptional regulation
K11524	DNA replication/repair/maintenance
K11527	Signal transduction
K11529	Carbohydrate metabolism
K11530	Energy/central carbon
K11531	Transcriptional regulation
K11532	Carbohydrate metabolism
K11534	Transcriptional regulation
K11535	Transport
K11537	Antibiotic resistance/efflux
K11604	Transport
K11605	Transport
K11606	Transport
K11607	Transport
K11614	Signal transduction
K11615	Signal transduction
K11616	Transport
K11617	Signal transduction
K11618	Signal transduction
K11621	Other
K11622	Transcriptional regulation
K11623	Signal transduction
K11635	Transport
K11645	Energy/central carbon
K11685	DNA replication/repair/maintenance
K11693	Cell envelope/biogenesis
K11695	Cell envelope/biogenesis
K11704	Transport
K11705	Transport
K11706	Transport
K11707	Transport
K11709	Transport
K11710	Transport
K11717	Amino acid metabolism
K11719	Cell envelope/biogenesis
K11720	Transport
K11732	Tryptophan metabolism
K11733	Transport
K11734	Transport
K11735	Synaptic pathways
K11736	Transport
K11737	Transport
K11738	Transport
K11741	Signal transduction
K11742	Transport
K11743	Transport
K11744	Transport
K11745	Antibiotic resistance/efflux
K11746	Antibiotic resistance/efflux
K11747	Antibiotic resistance/efflux
K11748	Antibiotic resistance/efflux
K11749	Protein folding/quality control
K11750	Carbohydrate metabolism
K11751	Carbohydrate metabolism
K11752	Energy/central carbon
K11753	Cofactors/vitamins
K11754	Translation/ribosome
K11755	Carbohydrate metabolism
K11811	Antibiotic resistance/efflux
K11814	Antibiotic resistance/efflux
K11815	Antibiotic resistance/efflux
K11891	Transport
K11892	Transport
K11893	Transport
K11895	Transport
K11896	Transport
K11900	Transport
K11901	Transport
K11903	Transport
K11904	Transport
K11905	Transport
K11906	Transport
K11907	Transport
K11910	Transport
K11911	Transport
K11922	Transcriptional regulation
K11923	Transcriptional regulation
K11924	Transport
K11925	Transcriptional regulation
K11926	Transcriptional regulation
K11927	DNA replication/repair/maintenance
K11928	Transport
K11929	Transport
K11931	Carbohydrate metabolism
K11932	Transcriptional regulation
K11933	Energy/central carbon
K11935	Motility/adhesion
K11936	Carbohydrate metabolism
K11937	Motility/adhesion
K11938	Carbohydrate metabolism
K11939	Transport
K11940	Transcriptional regulation
K11941	Other
K11959	Transport
K11960	Transport
K11961	Transport
K11962	Transport
K11963	Transport
K11991	RNA processing/degradation
K12071	Motility/adhesion
K12085	Transport
K12132	Amino acid metabolism
K12136	Other
K12137	Other
K12141	Other
K12142	Other
K12143	Other
K12147	Other
K12148	Motility/adhesion
K12149	DNA replication/repair/maintenance
K12151	Transcriptional regulation
K12152	Carbohydrate metabolism
K12204	Mobilome
K12216	Other
K12238	Lipid metabolism
K12257	Carbohydrate metabolism
K12262	Energy/central carbon
K12264	Amino acid metabolism
K12265	Cofactors/vitamins
K12266	Transcriptional regulation
K12267	Amino acid metabolism
K12268	Transport
K12269	Transport
K12270	Transport
K12288	Motility/adhesion
K12289	Motility/adhesion
K12290	Motility/adhesion
K12292	Carbohydrate metabolism
K12293	Transport
K12294	Signal transduction
K12296	Mobilome
K12297	RNA processing/degradation
K12308	Carbohydrate metabolism
K12339	Amino acid metabolism
K12340	Transport
K12343	Carbohydrate metabolism
K12368	Transport
K12369	Transport
K12370	Transport
K12371	Transport
K12372	Transport
K12373	Carbohydrate metabolism
K12409	Carbohydrate metabolism
K12410	Cofactors/vitamins
K12450	Energy/central carbon
K12500	Other
K12506	Carbohydrate metabolism
K12516	Energy/central carbon
K12524	Carbohydrate metabolism
K12525	Carbohydrate metabolism
K12527	Other
K12543	Transport
K12549	Energy/central carbon
K12551	Carbohydrate metabolism
K12552	Cell envelope/biogenesis
K12553	Cell envelope/biogenesis
K12554	Amino acid metabolism
K12555	Cell envelope/biogenesis
K12556	Cell envelope/biogenesis
K12573	Translation/ribosome
K12574	Translation/ribosome
K12582	Energy/central carbon
K12658	Energy/central carbon
K12678	Motility/adhesion
K12687	Cell envelope/biogenesis
K12700	Carbohydrate metabolism
K12940	Amino acid metabolism
K12941	Amino acid metabolism
K12942	Transport
K12943	Transport
K12944	Nucleotide metabolism
K12952	Transport
K12955	Transport
K12957	Energy/central carbon
K12960	Carbohydrate metabolism
K12961	DNA replication/repair/maintenance
K12962	Carbohydrate metabolism
K12963	Carbohydrate metabolism
K12972	Energy/central carbon
K12973	Lipid metabolism
K12974	Lipid metabolism
K12975	Other
K12979	Other
K12984	Carbohydrate metabolism
K12990	Carbohydrate metabolism
K12996	Carbohydrate metabolism
K12997	Carbohydrate metabolism
K12999	Carbohydrate metabolism
K13007	Carbohydrate metabolism
K13012	Cell envelope/biogenesis
K13013	Cell envelope/biogenesis
K13014	Carbohydrate metabolism
K13020	Carbohydrate metabolism
K13038	Amino acid metabolism
K13051	Carbohydrate metabolism
K13052	Cell envelope/biogenesis
K13053	Cell envelope/biogenesis
K13060	Carbohydrate metabolism
K13069	Carbohydrate metabolism
K13075	Carbohydrate metabolism
K13252	Carbohydrate metabolism
K13255	Transport
K13256	Other
K13283	Transport
K13288	Carbohydrate metabolism
K13292	Carbohydrate metabolism
K13301	Transport
K13378	Energy/central carbon
K13408	Transport
K13409	Transport
K13472	Carbohydrate metabolism
K13481	Carbohydrate metabolism
K13482	Carbohydrate metabolism
K13483	Transport
K13485	Energy/central carbon
K13497	Tryptophan metabolism
K13498	Tryptophan metabolism
K13503	Tryptophan metabolism
K13529	Transcriptional regulation
K13530	Transcriptional regulation
K13531	Amino acid metabolism
K13541	Carbohydrate metabolism
K13542	Carbohydrate metabolism
K13543	Carbohydrate metabolism
K13566	Carbohydrate metabolism
K13581	DNA replication/repair/maintenance
K13582	Other
K13583	Cell envelope/biogenesis
K13584	Signal transduction
K13598	Signal transduction
K13599	Transcriptional regulation
K13613	Secondary metabolism
K13620	DNA replication/repair/maintenance
K13628	Other
K13629	Transport
K13630	Transport
K13631	Transcriptional regulation
K13632	Transcriptional regulation
K13634	Transcriptional regulation
K13635	Transcriptional regulation
K13636	Transcriptional regulation
K13638	Transcriptional regulation
K13639	Transcriptional regulation
K13641	Transcriptional regulation
K13650	Motility/adhesion
K13652	Transcriptional regulation
K13653	Transcriptional regulation
K13654	Transcriptional regulation
K13657	Carbohydrate metabolism
K13659	Other
K13662	DNA replication/repair/maintenance
K13677	Carbohydrate metabolism
K13678	Carbohydrate metabolism
K13683	Carbohydrate metabolism
K13684	Carbohydrate metabolism
K13688	Carbohydrate metabolism
K13694	Carbohydrate metabolism
K13695	Transport
K13713	Carbohydrate metabolism
K13714	Carbohydrate metabolism
K13727	Energy/central carbon
K13730	DNA replication/repair/maintenance
K13731	DNA replication/repair/maintenance
K13735	Motility/adhesion
K13745	Energy/central carbon
K13771	Transcriptional regulation
K13788	SCFA fermentation
K13789	Carbohydrate metabolism
K13810	Energy/central carbon
K13816	Other
K13821	Amino acid metabolism
K13829	Tryptophan metabolism
K13832	Tryptophan metabolism
K13854	Antibiotic resistance/efflux
K13877	Other
K13888	Antibiotic resistance/efflux
K13889	Transport
K13890	Transport
K13891	Transport
K13892	Transport
K13893	Transport
K13894	Transport
K13895	Transport
K13896	Transport
K13918	Energy/central carbon
K13919	Energy/central carbon
K13920	Energy/central carbon
K13921	Energy/central carbon
K13922	Energy/central carbon
K13923	Carbohydrate metabolism
K13926	Translation/ribosome
K13927	Carbohydrate metabolism
K13928	Transcriptional regulation
K13929	Carbohydrate metabolism
K13930	Carbohydrate metabolism
K13931	Energy/central carbon
K13932	Energy/central carbon
K13933	Energy/central carbon
K13934	Carbohydrate metabolism
K13935	Carbohydrate metabolism
K13936	Energy/central carbon
K13938	Translation/ribosome
K13940	Energy/central carbon
K13950	Translation/ribosome
K13953	Energy/central carbon
K13954	Energy/central carbon
K13979	Cofactors/vitamins
K13993	RNA processing/degradation
K14048	Other
K14051	Nucleotide metabolism
K14052	Transport
K14053	Transport
K14054	Amino acid metabolism
K14055	Transcriptional regulation
K14056	Transcriptional regulation
K14057	Transcriptional regulation
K14058	Translation/ribosome
K14059	Mobilome
K14060	Viral processes
K14061	Transcriptional regulation
K14062	Transport
K14063	Transcriptional regulation
K14064	Transcriptional regulation
K14088	Other
K14090	Other
K14153	Carbohydrate metabolism
K14155	Amino acid metabolism
K14159	DNA replication/repair/maintenance
K14160	Other
K14170	Tryptophan metabolism
K14187	Tryptophan metabolism
K14188	Amino acid metabolism
K14189	Other
K14192	Other
K14193	Energy/central carbon
K14194	Amino acid metabolism
K14205	Carbohydrate metabolism
K14257	Antibiotic resistance/efflux
K14260	Amino acid metabolism
K14261	Amino acid metabolism
K14268	Synaptic pathways
K14274	Carbohydrate metabolism
K14287	Amino acid metabolism
K14347	Transport
K14348	Transcriptional regulation
K14392	Transport
K14393	Transport
K14394	Carbohydrate metabolism
K14441	Translation/ribosome
K14445	Transport
K14540	Translation/ribosome
K14588	Other
K14591	Other
K14645	Protein folding/quality control
K14652	Energy/central carbon
K14665	Other
K14681	Carbohydrate metabolism
K14682	Carbohydrate metabolism
K14731	Carbohydrate metabolism
K14742	RNA processing/degradation
K14744	Cell envelope/biogenesis
K14761	Defense systems
K14762	Defense systems
K14977	Other
K14979	Signal transduction
K14980	Signal transduction
K14981	Signal transduction
K14982	Signal transduction
K14983	Signal transduction
K15011	Signal transduction
K15024	Carbohydrate metabolism
K15034	Defense systems
K15051	DNA replication/repair/maintenance
K15125	Other
K15228	Translation/ribosome
K15229	Translation/ribosome
K15256	Translation/ribosome
K15257	Translation/ribosome
K15268	Antibiotic resistance/efflux
K15269	Transport
K15270	Transport
K15314	Secondary metabolism
K15327	Secondary metabolism
K15329	Secondary metabolism
K15342	Defense systems
K15372	Amino acid metabolism
K15460	RNA processing/degradation
K15461	Translation/ribosome
K15515	Other
K15524	Carbohydrate metabolism
K15531	DNA replication/repair/maintenance
K15532	Carbohydrate metabolism
K15533	Carbohydrate metabolism
K15536	Cofactors/vitamins
K15539	Cell envelope/biogenesis
K15540	Protein folding/quality control
K15545	Transcriptional regulation
K15547	Antibiotic resistance/efflux
K15548	Antibiotic resistance/efflux
K15549	Antibiotic resistance/efflux
K15551	Transport
K15552	Transport
K15553	Transport
K15554	Transport
K15555	Transport
K15576	Transport
K15577	Transport
K15578	Antibiotic resistance/efflux
K15580	Transport
K15581	Transport
K15582	Transport
K15583	Transport
K15587	Transport
K15598	Transport
K15599	Transport
K15600	Transport
K15629	Energy/central carbon
K15633	Energy/central carbon
K15634	Energy/central carbon
K15640	Other
K15722	Cell envelope/biogenesis
K15724	Other
K15725	Antibiotic resistance/efflux
K15726	Antibiotic resistance/efflux
K15727	Antibiotic resistance/efflux
K15738	Transport
K15770	Transport
K15771	Transport
K15772	Transport
K15773	Transcriptional regulation
K15777	Synaptic pathways
K15778	Energy/central carbon
K15780	Translation/ribosome
K15827	SCFA fermentation
K15828	SCFA fermentation
K15829	SCFA fermentation
K15830	SCFA fermentation
K15831	SCFA fermentation
K15832	SCFA fermentation
K15833	Transcriptional regulation
K15834	Translation/ribosome
K15836	Transcriptional regulation
K15852	Transcriptional regulation
K15856	Carbohydrate metabolism
K15861	Transcriptional regulation
K15866	Energy/central carbon
K15918	Carbohydrate metabolism
K15921	Other
K15922	Other
K15923	Other
K15924	Carbohydrate metabolism
K15974	Transcriptional regulation
K15975	Other
K15977	Energy/central carbon
K15984	RNA processing/degradation
K15986	Carbohydrate metabolism
K16011	Carbohydrate metabolism
K16012	Transport
K16013	Transport
K16044	Energy/central carbon
K16052	Transport
K16053	Transport
K16066	Energy/central carbon
K16074	Transport
K16076	Transport
K16087	Transport
K16088	Transport
K16089	Transport
K16090	Signal transduction
K16091	Transport
K16092	Transport
K16136	Transcriptional regulation
K16137	Antibiotic resistance/efflux
K16139	Carbohydrate metabolism
K16150	Carbohydrate metabolism
K16164	Carbohydrate metabolism
K16165	Other
K16169	Transport
K16209	Transport
K16210	Transport
K16211	Transport
K16214	Cell envelope/biogenesis
K16235	Transport
K16236	Transport
K16238	Transport
K16263	Antibiotic resistance/efflux
K16264	Antibiotic resistance/efflux
K16291	Other
K16301	Energy/central carbon
K16321	Transport
K16322	Transport
K16323	Transport
K16326	Transcriptional regulation
K16328	Carbohydrate metabolism
K16345	Transport
K16347	Other
K16348	Other
K16370	Carbohydrate metabolism
K16371	Energy/central carbon
K16509	RNA processing/degradation
K16511	Other
K16554	Transport
K16555	Other
K16649	Other
K16651	Amino acid metabolism
K16692	Tryptophan metabolism
K16693	Cell envelope/biogenesis
K16695	Cell envelope/biogenesis
K16701	Carbohydrate metabolism
K16703	Carbohydrate metabolism
K16704	Carbohydrate metabolism
K16710	Carbohydrate metabolism
K16711	Other
K16785	Transport
K16786	Transport
K16787	Transport
K16788	Cofactors/vitamins
K16789	Transport
K16841	Amino acid metabolism
K16842	Other
K16869	Carbohydrate metabolism
K16874	Other
K16898	Energy/central carbon
K16899	Energy/central carbon
K16901	Tryptophan metabolism
K16919	Transport
K16921	Transport
K16922	Transport
K16923	Transport
K16924	Transport
K16925	Transport
K16927	Transport
K16937	Cofactors/vitamins
K16957	Transport
K16958	Transport
K16959	Transport
K16960	Transport
K16961	Transport
K16962	Transport
K16963	Transport
K17073	Transport
K17074	Transport
K17076	Transport
K17103	Carbohydrate metabolism
K17204	Transport
K17205	Transport
K17208	Transport
K17209	Transport
K17210	Transport
K17213	Transport
K17216	Amino acid metabolism
K17217	Energy/central carbon
K17218	Energy/central carbon
K17237	Transport
K17240	Transport
K17242	Transport
K17247	Amino acid metabolism
K17318	Transport
K17319	Transport
K17320	Transport
K17463	Energy/central carbon
K17464	Carbohydrate metabolism
K17624	Carbohydrate metabolism
K17675	DNA replication/repair/maintenance
K17680	Other
K17686	Transport
K17713	Cell envelope/biogenesis
K17722	Cofactors/vitamins
K17723	Cofactors/vitamins
K17733	Cell envelope/biogenesis
K17736	Transcriptional regulation
K17737	Transcriptional regulation
K17758	Cofactors/vitamins
K17759	Cofactors/vitamins
K17810	Amino acid metabolism
K17828	Cofactors/vitamins
K17836	Antibiotic resistance/efflux
K17850	Transcriptional regulation
K17869	Energy/central carbon
K17884	Other
K17938	Transport
K17947	Energy/central carbon
K18009	Energy/central carbon
K18093	Transport
K18104	Transport
K18118	Carbohydrate metabolism
K18138	Antibiotic resistance/efflux
K18139	Antibiotic resistance/efflux
K18140	Transcriptional regulation
K18141	Antibiotic resistance/efflux
K18142	Antibiotic resistance/efflux
K18143	Signal transduction
K18144	Signal transduction
K18146	Antibiotic resistance/efflux
K18149	Cell envelope/biogenesis
K18199	Energy/central carbon
K18217	Antibiotic resistance/efflux
K18231	Transport
K18234	Carbohydrate metabolism
K18244	Cofactors/vitamins
K18248	Tryptophan metabolism
K18298	Antibiotic resistance/efflux
K18299	Antibiotic resistance/efflux
K18301	Transcriptional regulation
K18303	Antibiotic resistance/efflux
K18324	Antibiotic resistance/efflux
K18325	Transcriptional regulation
K18326	Antibiotic resistance/efflux
K18347	Transport
K18445	Carbohydrate metabolism
K18446	Other
K18447	Carbohydrate metabolism
K18456	Carbohydrate metabolism
K18476	Antibiotic resistance/efflux
K18478	Other
K18479	Energy/central carbon
K18531	Transcriptional regulation
K18552	Antibiotic resistance/efflux
K18567	Antibiotic resistance/efflux
K18581	Carbohydrate metabolism
K18587	Cofactors/vitamins
K18588	Cofactors/vitamins
K18590	Antibiotic resistance/efflux
K18640	Cell envelope/biogenesis
K18649	Carbohydrate metabolism
K18650	Carbohydrate metabolism
K18652	Energy/central carbon
K18657	Cell envelope/biogenesis
K18672	Carbohydrate metabolism
K18682	Carbohydrate metabolism
K18691	Cell envelope/biogenesis
K18692	Energy/central carbon
K18702	Carbohydrate metabolism
K18704	Cell envelope/biogenesis
K18754	Other
K18765	RNA processing/degradation
K18770	Cell envelope/biogenesis
K18778	Cell envelope/biogenesis
K18783	Carbohydrate metabolism
K18800	Other
K18815	Carbohydrate metabolism
K18816	Carbohydrate metabolism
K18821	Carbohydrate metabolism
K18829	Defense systems
K18831	Transcriptional regulation
K18837	Defense systems
K18841	RNA processing/degradation
K18842	Defense systems
K18843	Defense systems
K18850	Translation/ribosome
K18887	Antibiotic resistance/efflux
K18888	Antibiotic resistance/efflux
K18889	Antibiotic resistance/efflux
K18890	Antibiotic resistance/efflux
K18891	Antibiotic resistance/efflux
K18892	Antibiotic resistance/efflux
K18900	Transcriptional regulation
K18906	Transcriptional regulation
K18907	Transcriptional regulation
K18908	Antibiotic resistance/efflux
K18909	Transcriptional regulation
K18910	Energy/central carbon
K18916	Transport
K18918	Transcriptional regulation
K18919	Other
K18920	Other
K18921	Other
K18923	Defense systems
K18924	Antibiotic resistance/efflux
K18925	Antibiotic resistance/efflux
K18926	Antibiotic resistance/efflux
K18928	SCFA fermentation
K18929	SCFA fermentation
K18934	Antibiotic resistance/efflux
K18935	Antibiotic resistance/efflux
K18939	Antibiotic resistance/efflux
K18940	Signal transduction
K18967	Carbohydrate metabolism
K18968	Carbohydrate metabolism
K18979	Other
K18980	Other
K18988	Amino acid metabolism
K18997	Protein folding/quality control
K19000	Transcriptional regulation
K19002	Carbohydrate metabolism
K19005	Carbohydrate metabolism
K19046	Defense systems
K19047	Antibiotic resistance/efflux
K19048	Other
K19055	RNA processing/degradation
K19083	Transport
K19084	Transport
K19100	Antibiotic resistance/efflux
K19101	Antibiotic resistance/efflux
K19115	Defense systems
K19117	Defense systems
K19118	Defense systems
K19119	Defense systems
K19123	Defense systems
K19124	Defense systems
K19125	Defense systems
K19126	Defense systems
K19127	Defense systems
K19128	Defense systems
K19129	Defense systems
K19130	Defense systems
K19157	RNA processing/degradation
K19158	Defense systems
K19159	Defense systems
K19162	Protein folding/quality control
K19163	Defense systems
K19164	Defense systems
K19166	RNA processing/degradation
K19167	Other
K19168	Defense systems
K19181	Carbohydrate metabolism
K19190	Energy/central carbon
K19215	Antibiotic resistance/efflux
K19220	Cell envelope/biogenesis
K19221	Carbohydrate metabolism
K19222	Energy/central carbon
K19223	Cell envelope/biogenesis
K19224	Cell envelope/biogenesis
K19225	Protein folding/quality control
K19226	Transport
K19227	Transport
K19228	Transport
K19229	Transport
K19230	Transport
K19234	Other
K19235	Other
K19236	Other
K19265	Energy/central carbon
K19267	Cofactors/vitamins
K19270	Carbohydrate metabolism
K19271	Carbohydrate metabolism
K19285	Cofactors/vitamins
K19286	Cofactors/vitamins
K19294	Carbohydrate metabolism
K19302	Carbohydrate metabolism
K19304	Cell envelope/biogenesis
K19309	Transport
K19333	Transcriptional regulation
K19334	Motility/adhesion
K19336	Energy/central carbon
K19337	Transcriptional regulation
K19338	Transcriptional regulation
K19340	RNA processing/degradation
K19349	Transport
K19350	Transport
K19353	Other
K19354	Other
K19416	Protein folding/quality control
K19422	Carbohydrate metabolism
K19424	Carbohydrate metabolism
K19426	Carbohydrate metabolism
K19428	Carbohydrate metabolism
K19504	Carbohydrate metabolism
K19505	Transcriptional regulation
K19507	Carbohydrate metabolism
K19508	Transport
K19509	Transport
K19510	Carbohydrate metabolism
K19519	Other
K19563	Amino acid metabolism
K19576	Antibiotic resistance/efflux
K19577	Antibiotic resistance/efflux
K19585	Antibiotic resistance/efflux
K19586	Antibiotic resistance/efflux
K19591	Transcriptional regulation
K19610	Signal transduction
K19611	Transcriptional regulation
K19615	Defense systems
K19633	Transport
K19666	Transcriptional regulation
K19688	Motility/adhesion
K19689	Carbohydrate metabolism
K19696	Carbohydrate metabolism
K19707	Transcriptional regulation
K19732	Transcriptional regulation
K19733	Transcriptional regulation
K19734	Transcriptional regulation
K19743	Energy/central carbon
K19745	Cofactors/vitamins
K19775	Transcriptional regulation
K19776	Transcriptional regulation
K19784	Energy/central carbon
K19789	DNA replication/repair/maintenance
K19802	Amino acid metabolism
K19803	Carbohydrate metabolism
K19804	Cell envelope/biogenesis
K19810	Amino acid metabolism
K19813	Energy/central carbon
K19837	Other
K19965	Carbohydrate metabolism
K19971	Transport
K19972	Transport
K19973	Transport
K19975	Transport
K19976	Transport
K20073	Cell envelope/biogenesis
K20074	Carbohydrate metabolism
K20108	Carbohydrate metabolism
K20112	Carbohydrate metabolism
K20113	Carbohydrate metabolism
K20114	Carbohydrate metabolism
K20118	Carbohydrate metabolism
K20249	Carbohydrate metabolism
K20256	Cofactors/vitamins
K20263	Signal transduction
K20265	Synaptic pathways
K20266	Transport
K20276	Other
K20306	Signal transduction
K20319	Antibiotic resistance/efflux
K20320	Antibiotic resistance/efflux
K20344	Transport
K20345	Transport
K20373	Transcriptional regulation
K20374	Transcriptional regulation
K20375	Transcriptional regulation
K20379	Transport
K20391	Transcriptional regulation
K20421	Carbohydrate metabolism
K20444	Energy/central carbon
K20459	Transport
K20480	Transcriptional regulation
K20485	Transport
K20487	Signal transduction
K20488	Signal transduction
K20490	Transport
K20527	Transport
K20528	Transport
K20529	Transport
K20530	Transport
K20531	Transport
K20532	Transport
K20533	Transport
K20534	Carbohydrate metabolism
K20539	Transcriptional regulation
K20541	Carbohydrate metabolism
K20542	Other
K20543	Carbohydrate metabolism
K20707	Amino acid metabolism
K20708	Amino acid metabolism
K20742	Amino acid metabolism
K20765	Other
K20801	Energy/central carbon
K20811	Other
K20861	Cofactors/vitamins
K20862	Carbohydrate metabolism
K20866	Carbohydrate metabolism
K20881	Carbohydrate metabolism
K20885	Carbohydrate metabolism
K20918	Transcriptional regulation
K20945	Tryptophan metabolism
K20956	Carbohydrate metabolism
K20997	Transport
K20999	Transport
K21002	Transport
K21020	Carbohydrate metabolism
K21021	Carbohydrate metabolism
K21023	Carbohydrate metabolism
K21028	Cofactors/vitamins
K21029	Cofactors/vitamins
K21030	Carbohydrate metabolism
K21053	Amino acid metabolism
K21060	Other
K21062	Energy/central carbon
K21064	Carbohydrate metabolism
K21084	Carbohydrate metabolism
K21085	Carbohydrate metabolism
K21086	Nucleotide metabolism
K21087	Motility/adhesion
K21088	Carbohydrate metabolism
K21089	Transcriptional regulation
K21090	Nucleotide metabolism
K21135	Antibiotic resistance/efflux
K21142	Carbohydrate metabolism
K21147	Carbohydrate metabolism
K21275	Carbohydrate metabolism
K21285	Cell envelope/biogenesis
K21298	Carbohydrate metabolism
K21324	SCFA fermentation
K21344	Other
K21355	Carbohydrate metabolism
K21405	Transcriptional regulation
K21416	Energy/central carbon
K21417	Energy/central carbon
K21420	Translation/ribosome
K21430	Carbohydrate metabolism
K21449	Motility/adhesion
K21463	Defense systems
K21465	Cell envelope/biogenesis
K21466	Cell envelope/biogenesis
K21467	Cell envelope/biogenesis
K21470	Other
K21471	Cell envelope/biogenesis
K21478	Carbohydrate metabolism
K21481	Cofactors/vitamins
K21498	Defense systems
K21562	Transcriptional regulation
K21567	Transcriptional regulation
K21575	Carbohydrate metabolism
K21592	Cell envelope/biogenesis
K21600	Transcriptional regulation
K21613	Carbohydrate metabolism
K21619	Energy/central carbon
K21636	SCFA fermentation
K21677	Other
K21678	Carbohydrate metabolism
K21679	Other
K21680	Energy/central carbon
K21686	Transcriptional regulation
K21687	Translation/ribosome
K21688	Translation/ribosome
K21691	Translation/ribosome
K21695	Other
K21698	Transcriptional regulation
K21699	Transcriptional regulation
K21712	Carbohydrate metabolism
K21713	Energy/central carbon
K21739	Nucleotide metabolism
K21745	Transcriptional regulation
K21757	Transcriptional regulation
K21759	Energy/central carbon
K21828	Transcriptional regulation
K21886	Transcriptional regulation
K21900	Transcriptional regulation
K21903	Transcriptional regulation
K21910	Energy/central carbon
K21911	Energy/central carbon
K21929	DNA replication/repair/maintenance
K21972	Transcriptional regulation
K21973	Transcriptional regulation
K21974	Transcriptional regulation
K21975	Transcriptional regulation
K21976	Antibiotic resistance/efflux
K21977	Amino acid metabolism
K21990	Antibiotic resistance/efflux
K21993	Transport
K22003	Energy/central carbon
K22010	Signal transduction
K22015	Cofactors/vitamins
K22024	Carbohydrate metabolism
K22027	Tryptophan metabolism
K22041	Antibiotic resistance/efflux
K22043	Transcriptional regulation
K22044	Transport
K22051	Transport
K22066	Other
K22067	Signal transduction
K22071	Transcriptional regulation
K22073	Other
K22084	Other
K22085	Other
K22086	Other
K22103	Transcriptional regulation
K22105	Antibiotic resistance/efflux
K22106	Transcriptional regulation
K22110	Transport
K22129	Energy/central carbon
K22130	Energy/central carbon
K22132	RNA processing/degradation
K22212	Energy/central carbon
K22213	Energy/central carbon
K22229	Other
K22230	Energy/central carbon
K22252	Carbohydrate metabolism
K22278	Cell envelope/biogenesis
K22293	Transcriptional regulation
K22296	Transcriptional regulation
K22298	Transcriptional regulation
K22299	Transcriptional regulation
K22302	Transcriptional regulation
K22305	Carbohydrate metabolism
K22325	Other
K22330	Tryptophan metabolism
K22373	SCFA fermentation
K22393	Cofactors/vitamins
K22394	Cofactors/vitamins
K22396	Energy/central carbon
K22397	Energy/central carbon
K22409	Amino acid metabolism
K22432	Energy/central carbon
K22441	Carbohydrate metabolism
K22445	Amino acid metabolism
K22457	Carbohydrate metabolism
K22468	Carbohydrate metabolism
K22473	Cofactors/vitamins
K22474	Cofactors/vitamins
K22477	Transport
K22478	Carbohydrate metabolism
K22479	Carbohydrate metabolism
K22489	Transcriptional regulation
K22491	Transcriptional regulation
K00007	Energy/central carbon
K00021	Cofactors/vitamins
K00023	Cofactors/vitamins
K00028	Energy/central carbon
K00035	Energy/central carbon
K00039	Energy/central carbon
K00048	Cofactors/vitamins
K00050	Other
K00064	Energy/central carbon
K00066	Energy/central carbon
K00076	Energy/central carbon
K00078	Energy/central carbon
K00082	Cofactors/vitamins
K00100	Energy/central carbon
K00103	Cofactors/vitamins
K00118	Energy/central carbon
K00126	SCFA fermentation
K00129	Cofactors/vitamins
K00132	Energy/central carbon
K00137	Energy/central carbon
K00141	Cofactors/vitamins
K00151	Energy/central carbon
K00153	Energy/central carbon
K00172	Energy/central carbon
K00174	Energy/central carbon
K00175	Energy/central carbon
K00176	Energy/central carbon
K00177	Energy/central carbon
K00179	Energy/central carbon
K00180	Energy/central carbon
K00194	Energy/central carbon
K00198	Cofactors/vitamins
K00200	Energy/central carbon
K00201	Energy/central carbon
K00202	Energy/central carbon
K00210	Other
K00211	Tryptophan metabolism
K00217	Energy/central carbon
K00219	Cofactors/vitamins
K00221	Energy/central carbon
K00227	Carbohydrate metabolism
K00231	Cofactors/vitamins
K00232	Lipid metabolism
K00252	Energy/central carbon
K00253	Energy/central carbon
K00255	Lipid metabolism
K00256	Other
K00257	Energy/central carbon
K00260	Synaptic pathways
K00261	Cofactors/vitamins
K00263	Energy/central carbon
K00270	Tryptophan metabolism
K00271	Cofactors/vitamins
K00273	Energy/central carbon
K00282	Amino acid metabolism
K00290	Cofactors/vitamins
K00293	Energy/central carbon
K00294	Energy/central carbon
K00302	Cofactors/vitamins
K00303	Cofactors/vitamins
K00306	Cofactors/vitamins
K00313	Energy/central carbon
K00315	Energy/central carbon
K00317	Energy/central carbon
K00318	Energy/central carbon
K00320	Cofactors/vitamins
K00329	Other
K00351	Cofactors/vitamins
K00356	Other
K00360	Cofactors/vitamins
K00365	Cofactors/vitamins
K00367	Cofactors/vitamins
K00368	Cofactors/vitamins
K00376	Amino acid metabolism
K00385	Cofactors/vitamins
K00387	Cofactors/vitamins
K00392	Cofactors/vitamins
K00394	Cofactors/vitamins
K00395	Cofactors/vitamins
K00404	Cofactors/vitamins
K00405	Cofactors/vitamins
K00406	Cofactors/vitamins
K00407	Cofactors/vitamins
K00422	Energy/central carbon
K00441	Cofactors/vitamins
K00446	Energy/central carbon
K00448	Energy/central carbon
K00449	Energy/central carbon
K00450	Energy/central carbon
K00451	Energy/central carbon
K00452	Energy/central carbon
K00453	Tryptophan metabolism
K00455	Energy/central carbon
K00456	Amino acid metabolism
K00457	Energy/central carbon
K00463	Energy/central carbon
K00466	Tryptophan metabolism
K00469	Energy/central carbon
K00471	Energy/central carbon
K00472	Energy/central carbon
K00477	Carbohydrate metabolism
K00479	Amino acid metabolism
K00480	Other
K00481	SCFA fermentation
K00486	Tryptophan metabolism
K00491	Amino acid metabolism
K00493	Cofactors/vitamins
K00496	Cofactors/vitamins
K00499	Cofactors/vitamins
K00500	Tryptophan metabolism
K00505	Tryptophan metabolism
K00507	Carbohydrate metabolism
K00508	Energy/central carbon
K00510	Cofactors/vitamins
K00517	Other
K00518	Energy/central carbon
K00529	Energy/central carbon
K00532	Cofactors/vitamins
K00561	RNA processing/degradation
K00587	RNA processing/degradation
K00594	Cofactors/vitamins
K00603	DNA replication/repair/maintenance
K00612	Amino acid metabolism
K00613	Amino acid metabolism
K00619	Carbohydrate metabolism
K00621	Carbohydrate metabolism
K00624	Carbohydrate metabolism
K00635	Lipid metabolism
K00646	Energy/central carbon
K00663	Carbohydrate metabolism
K00672	Carbohydrate metabolism
K00680	Carbohydrate metabolism
K00683	Amino acid metabolism
K00685	Translation/ribosome
K00686	Other
K00693	Carbohydrate metabolism
K00696	Tryptophan metabolism
K00713	Cell envelope/biogenesis
K00729	Carbohydrate metabolism
K00752	Carbohydrate metabolism
K00785	Carbohydrate metabolism
K00803	Carbohydrate metabolism
K00808	Carbohydrate metabolism
K00809	Carbohydrate metabolism
K00818	Carbohydrate metabolism
K00819	Amino acid metabolism
K00842	Other
K00844	Carbohydrate metabolism
K00856	Carbohydrate metabolism
K00862	Carbohydrate metabolism
K00875	Carbohydrate metabolism
K00879	Carbohydrate metabolism
K00881	Carbohydrate metabolism
K00885	Carbohydrate metabolism
K00886	Nucleotide metabolism
K00895	Energy/central carbon
K00897	Translation/ribosome
K00903	Tryptophan metabolism
K00918	Protein folding/quality control
K00924	Signal transduction
K00960	Transcriptional regulation
K00966	Carbohydrate metabolism
K00972	Cell envelope/biogenesis
K00978	Carbohydrate metabolism
K00983	Carbohydrate metabolism
K00996	Carbohydrate metabolism
K01003	Energy/central carbon
K01004	Carbohydrate metabolism
K01014	Lipid metabolism
K01027	Carbohydrate metabolism
K01028	Energy/central carbon
K01031	Carbohydrate metabolism
K01032	Carbohydrate metabolism
K01034	SCFA fermentation
K01035	SCFA fermentation
K01039	Energy/central carbon
K01040	Energy/central carbon
K01046	Carbohydrate metabolism
K01055	Carbohydrate metabolism
K01060	Energy/central carbon
K01078	Signal transduction
K01083	Carbohydrate metabolism
K01086	Carbohydrate metabolism
K01115	Carbohydrate metabolism
K01117	Nucleotide metabolism
K01130	Carbohydrate metabolism
K01134	Carbohydrate metabolism
K01137	Carbohydrate metabolism
K01138	Carbohydrate metabolism
K01143	Mobilome
K01144	Other
K01160	Carbohydrate metabolism
K01163	Other
K01167	Translation/ribosome
K01174	DNA replication/repair/maintenance
K01184	Carbohydrate metabolism
K01186	Carbohydrate metabolism
K01192	Carbohydrate metabolism
K01205	Carbohydrate metabolism
K01216	Carbohydrate metabolism
K01218	Carbohydrate metabolism
K01219	Carbohydrate metabolism
K01230	Carbohydrate metabolism
K01238	Antibiotic resistance/efflux
K01240	Nucleotide metabolism
K01253	Carbohydrate metabolism
K01263	Other
K01264	Carbohydrate metabolism
K01267	Carbohydrate metabolism
K01277	Protein folding/quality control
K01283	Carbohydrate metabolism
K01301	Carbohydrate metabolism
K01308	Protein folding/quality control
K01312	Carbohydrate metabolism
K01342	Carbohydrate metabolism
K01343	Transcriptional regulation
K01355	Energy/central carbon
K01387	Energy/central carbon
K01389	Energy/central carbon
K01390	Amino acid metabolism
K01392	Energy/central carbon
K01399	Energy/central carbon
K01400	Energy/central carbon
K01401	Energy/central carbon
K01415	Defense systems
K01416	Synaptic pathways
K01432	Carbohydrate metabolism
K01446	Cell envelope/biogenesis
K01449	Cell envelope/biogenesis
K01453	Energy/central carbon
K01455	Energy/central carbon
K01459	Amino acid metabolism
K01469	Protein folding/quality control
K01477	Carbohydrate metabolism
K01482	Carbohydrate metabolism
K01483	Energy/central carbon
K01492	Carbohydrate metabolism
K01499	Carbohydrate metabolism
K01501	Carbohydrate metabolism
K01505	Carbohydrate metabolism
K01545	Cofactors/vitamins
K01555	Synaptic pathways
K01556	Tryptophan metabolism
K01561	Carbohydrate metabolism
K01565	Carbohydrate metabolism
K01567	Cell envelope/biogenesis
K01572	Other
K01573	Energy/central carbon
K01578	Secondary metabolism
K01593	Tryptophan metabolism
K01596	Carbohydrate metabolism
K01601	Translation/ribosome
K01602	Translation/ribosome
K01608	Energy/central carbon
K01615	Energy/central carbon
K01616	Energy/central carbon
K01617	Energy/central carbon
K01640	Carbohydrate metabolism
K01654	Carbohydrate metabolism
K01655	Carbohydrate metabolism
K01666	Energy/central carbon
K01667	Energy/central carbon
K01668	Tryptophan metabolism
K01677	Energy/central carbon
K01678	Energy/central carbon
K01702	Energy/central carbon
K01707	Energy/central carbon
K01709	Energy/central carbon
K01713	Tryptophan metabolism
K01721	Energy/central carbon
K01724	Energy/central carbon
K01725	Energy/central carbon
K01728	Energy/central carbon
K01729	Carbohydrate metabolism
K01730	Energy/central carbon
K01732	Amino acid metabolism
K01746	Amino acid metabolism
K01761	Amino acid metabolism
K01771	Carbohydrate metabolism
K01781	Antibiotic resistance/efflux
K01787	Energy/central carbon
K01795	Energy/central carbon
K01796	Carbohydrate metabolism
K01799	Energy/central carbon
K01800	Energy/central carbon
K01801	Energy/central carbon
K01816	Energy/central carbon
K01820	Energy/central carbon
K01822	Energy/central carbon
K01826	Energy/central carbon
K01841	Carbohydrate metabolism
K01844	Carbohydrate metabolism
K01846	DNA replication/repair/maintenance
K01847	Carbohydrate metabolism
K01848	Energy/central carbon
K01849	Energy/central carbon
K01858	Tryptophan metabolism
K01860	Amino acid metabolism
K01865	Carbohydrate metabolism
K01880	Translation/ribosome
K01884	Translation/ribosome
K01903	Translation/ribosome
K01904	DNA replication/repair/maintenance
K01905	DNA replication/repair/maintenance
K01906	DNA replication/repair/maintenance
K01907	Translation/ribosome
K01922	DNA replication/repair/maintenance
K01959	Energy/central carbon
K01960	Energy/central carbon
K01965	Energy/central carbon
K01966	Cofactors/vitamins
K01968	Energy/central carbon
K01969	Cofactors/vitamins
K01974	Carbohydrate metabolism
K01994	Transcriptional regulation
K02079	Carbohydrate metabolism
K02080	Energy/central carbon
K02101	Signal transduction
K02106	Transport
K02107	Cofactors/vitamins
K02117	Cofactors/vitamins
K02118	Cofactors/vitamins
K02119	Cofactors/vitamins
K02120	Cofactors/vitamins
K02121	Cofactors/vitamins
K02122	Cofactors/vitamins
K02123	Cofactors/vitamins
K02124	Cofactors/vitamins
K02128	Cofactors/vitamins
K02164	Amino acid metabolism
K02172	Other
K02173	Tryptophan metabolism
K02196	Cofactors/vitamins
K02203	Carbohydrate metabolism
K02228	Carbohydrate metabolism
K02239	Mobilome
K02241	Mobilome
K02247	Mobilome
K02249	Mobilome
K02250	Mobilome
K02251	Mobilome
K02253	Mobilome
K02254	Mobilome
K02258	Motility/adhesion
K02278	Protein folding/quality control
K02279	Motility/adhesion
K02280	Motility/adhesion
K02281	Motility/adhesion
K02282	Motility/adhesion
K02283	Motility/adhesion
K02305	Amino acid metabolism
K02347	DNA replication/repair/maintenance
K02351	Other
K02352	Carbohydrate metabolism
K02385	Motility/adhesion
K02404	Motility/adhesion
K02407	Defense systems
K02411	Motility/adhesion
K02413	Motility/adhesion
K02414	Motility/adhesion
K02418	Motility/adhesion
K02422	Protein folding/quality control
K02423	Motility/adhesion
K02428	Other
K02430	Transcriptional regulation
K02431	Carbohydrate metabolism
K02443	Transcriptional regulation
K02448	Amino acid metabolism
K02463	Other
K02465	Other
K02466	Transcriptional regulation
K02467	Energy/central carbon
K02468	Transcriptional regulation
K02473	Cell envelope/biogenesis
K02474	Energy/central carbon
K02480	Signal transduction
K02481	Signal transduction
K02487	Other
K02490	Signal transduction
K02491	Signal transduction
K02497	Carbohydrate metabolism
K02499	Other
K02545	Antibiotic resistance/efflux
K02546	Antibiotic resistance/efflux
K02547	Antibiotic resistance/efflux
K02550	Transport
K02554	Carbohydrate metabolism
K02567	Cofactors/vitamins
K02568	Cofactors/vitamins
K02569	Cofactors/vitamins
K02570	Cofactors/vitamins
K02571	Cofactors/vitamins
K02572	Other
K02573	Other
K02574	Other
K02584	Other
K02585	Other
K02586	Other
K02587	Cofactors/vitamins
K02588	Other
K02589	Other
K02590	Other
K02591	Other
K02592	Other
K02593	Other
K02594	Carbohydrate metabolism
K02595	Other
K02596	Other
K02597	Other
K02598	Transport
K02610	Energy/central carbon
K02611	Energy/central carbon
K02612	Energy/central carbon
K02613	Energy/central carbon
K02614	Lipid metabolism
K02615	Carbohydrate metabolism
K02623	Transcriptional regulation
K02624	Transcriptional regulation
K02636	Cofactors/vitamins
K02651	Transcriptional regulation
K02655	Motility/adhesion
K02656	Motility/adhesion
K02657	Signal transduction
K02658	Signal transduction
K02660	Motility/adhesion
K02661	Motility/adhesion
K02662	Motility/adhesion
K02663	Motility/adhesion
K02664	Motility/adhesion
K02665	Motility/adhesion
K02668	Signal transduction
K02670	Motility/adhesion
K02672	Motility/adhesion
K02673	Motility/adhesion
K02674	Motility/adhesion
K02676	Motility/adhesion
K02688	SCFA fermentation
K02749	Other
K02752	Other
K02756	Other
K02763	Other
K02764	Other
K02787	Other
K02790	Other
K02799	Other
K02802	Other
K02808	Other
K02809	Other
K02812	Transport
K02813	Transport
K02817	Other
K02818	Other
K02826	Cofactors/vitamins
K02827	Cofactors/vitamins
K02828	Cofactors/vitamins
K02829	Cofactors/vitamins
K02839	Translation/ribosome
K02848	Cell envelope/biogenesis
K02850	Carbohydrate metabolism
K02862	Other
K03090	Transcriptional regulation
K03126	Translation/ribosome
K03191	Transport
K03196	Transport
K03197	Transport
K03198	Transport
K03199	Transport
K03200	Transport
K03202	Transport
K03203	Transport
K03219	Other
K03220	Other
K03221	Other
K03222	Other
K03223	Other
K03224	Other
K03225	Other
K03226	Other
K03227	Other
K03228	Other
K03229	Other
K03230	Other
K03275	Cell envelope/biogenesis
K03276	Cell envelope/biogenesis
K03278	Cell envelope/biogenesis
K03279	Cell envelope/biogenesis
K03280	Cell envelope/biogenesis
K03290	Transport
K03301	Transport
K03304	Antibiotic resistance/efflux
K03308	Transport
K03318	Tryptophan metabolism
K03325	Transport
K03329	Drug metabolism/xenobiotics
K03333	Cofactors/vitamins
K03340	Energy/central carbon
K03343	Cofactors/vitamins
K03379	Cofactors/vitamins
K03380	Cofactors/vitamins
K03381	Carbohydrate metabolism
K03382	Carbohydrate metabolism
K03383	Drug metabolism/xenobiotics
K03385	Cofactors/vitamins
K03395	Carbohydrate metabolism
K03396	Carbohydrate metabolism
K03397	Translation/ribosome
K03403	Cofactors/vitamins
K03404	Cofactors/vitamins
K03405	Cofactors/vitamins
K03410	Signal transduction
K03414	Signal transduction
K03416	Energy/central carbon
K03418	Translation/ribosome
K03428	RNA processing/degradation
K03429	Carbohydrate metabolism
K03432	Energy/central carbon
K03433	Energy/central carbon
K03459	Transport
K03464	Energy/central carbon
K03480	Transcriptional regulation
K03518	Energy/central carbon
K03520	Energy/central carbon
K03532	Cofactors/vitamins
K03533	Protein folding/quality control
K03563	Transcriptional regulation
K03586	Cell envelope/biogenesis
K03600	Other
K03605	Protein folding/quality control
K03618	Other
K03620	Cofactors/vitamins
K03660	DNA replication/repair/maintenance
K03673	Other
K03683	Translation/ribosome
K03716	Energy/central carbon
K03727	DNA replication/repair/maintenance
K03755	Transcriptional regulation
K03765	Transcriptional regulation
K03791	Mobilome
K03794	Energy/central carbon
K03795	Energy/central carbon
K03804	Mobilome
K03805	Other
K03813	Transport
K03815	Other
K03821	DNA replication/repair/maintenance
K03822	Lipid metabolism
K03836	Tryptophan metabolism
K03851	Energy/central carbon
K03852	Carbohydrate metabolism
K03855	Other
K03862	Energy/central carbon
K03886	Cofactors/vitamins
K03887	Cofactors/vitamins
K03888	Cofactors/vitamins
K03889	Cofactors/vitamins
K03890	Cofactors/vitamins
K03891	Cofactors/vitamins
K03896	Energy/central carbon
K03918	Amino acid metabolism
K03921	Lipid metabolism
K03931	Carbohydrate metabolism
K03932	Amino acid metabolism
K03941	Other
K03972	Mobilome
K04013	Other
K04014	Other
K04015	Other
K04016	Other
K04017	SCFA fermentation
K04018	SCFA fermentation
K04020	Energy/central carbon
K04021	Energy/central carbon
K04022	SCFA fermentation
K04025	Lipid metabolism
K04033	Transcriptional regulation
K04034	Carbohydrate metabolism
K04035	Carbohydrate metabolism
K04037	Cofactors/vitamins
K04038	Cofactors/vitamins
K04039	Cofactors/vitamins
K04040	Carbohydrate metabolism
K04049	Other
K04050	Other
K04051	Other
K04052	Other
K04053	Other
K04054	Other
K04056	Other
K04057	Other
K04058	Other
K04059	Other
K04060	Other
K04061	Motility/adhesion
K04070	Energy/central carbon
K04073	Energy/central carbon
K04090	Energy/central carbon
K04093	Tryptophan metabolism
K04098	Energy/central carbon
K04099	Energy/central carbon
K04100	Tryptophan metabolism
K04101	Tryptophan metabolism
K04102	Energy/central carbon
K04110	DNA replication/repair/maintenance
K04116	DNA replication/repair/maintenance
K04127	Energy/central carbon
K04478	Carbohydrate metabolism
K04525	Amino acid metabolism
K04562	Motility/adhesion
K04712	SCFA fermentation
K04747	Amino acid metabolism
K04748	Amino acid metabolism
K04757	Signal transduction
K04766	Lipid metabolism
K04768	Lipid metabolism
K04769	Transcriptional regulation
K04780	DNA replication/repair/maintenance
K04781	Translation/ribosome
K04782	Energy/central carbon
K04783	DNA replication/repair/maintenance
K04784	Secondary metabolism
K04785	Translation/ribosome
K04786	Secondary metabolism
K04787	DNA replication/repair/maintenance
K04788	Translation/ribosome
K04835	Energy/central carbon
K04844	Other
K04954	Transport
K05020	Transport
K05245	Transport
K05281	Cofactors/vitamins
K05296	Energy/central carbon
K05301	Carbohydrate metabolism
K05303	RNA processing/degradation
K05341	Carbohydrate metabolism
K05351	Energy/central carbon
K05364	Cell envelope/biogenesis
K05373	Signal transduction
K05374	Translation/ribosome
K05516	DNA replication/repair/maintenance
K05518	Signal transduction
K05519	Transcriptional regulation
K05523	SCFA fermentation
K05525	Cofactors/vitamins
K05535	Carbohydrate metabolism
K05541	Translation/ribosome
K05549	Energy/central carbon
K05550	Energy/central carbon
K05551	Carbohydrate metabolism
K05552	Tryptophan metabolism
K05554	Carbohydrate metabolism
K05555	Carbohydrate metabolism
K05556	Carbohydrate metabolism
K05557	Transport
K05558	Other
K05559	Transport
K05560	Transport
K05561	Transport
K05562	Transport
K05563	Transport
K05564	Transport
K05565	Transport
K05566	Transport
K05567	Transport
K05569	Transport
K05570	Transport
K05571	Transport
K05576	Cofactors/vitamins
K05577	Cofactors/vitamins
K05596	Transport
K05597	Carbohydrate metabolism
K05599	Tryptophan metabolism
K05600	Tryptophan metabolism
K05602	Signal transduction
K05606	Energy/central carbon
K05607	Carbohydrate metabolism
K05692	Other
K05708	Energy/central carbon
K05709	Energy/central carbon
K05711	Energy/central carbon
K05713	Energy/central carbon
K05714	Energy/central carbon
K05715	Carbohydrate metabolism
K05739	Other
K05772	Transport
K05773	Transport
K05777	Transport
K05778	Transport
K05779	Transport
K05780	Energy/central carbon
K05784	Energy/central carbon
K05791	Antibiotic resistance/efflux
K05792	Antibiotic resistance/efflux
K05793	Antibiotic resistance/efflux
K05795	Antibiotic resistance/efflux
K05797	Energy/central carbon
K05818	Transcriptional regulation
K05824	Energy/central carbon
K05826	Lipid metabolism
K05827	DNA replication/repair/maintenance
K05828	Lipid metabolism
K05829	Transport
K05830	Lipid metabolism
K05831	Translation/ribosome
K05841	Carbohydrate metabolism
K05873	Nucleotide metabolism
K05880	Transcriptional regulation
K05886	Amino acid metabolism
K05887	Tryptophan metabolism
K05889	Cofactors/vitamins
K05898	Energy/central carbon
K05913	Energy/central carbon
K05917	Cofactors/vitamins
K05919	Cofactors/vitamins
K05953	Carbohydrate metabolism
K05962	Other
K05967	Other
K05973	Amino acid metabolism
K05977	Carbohydrate metabolism
K05979	Transport
K05991	Carbohydrate metabolism
K05992	Carbohydrate metabolism
K05994	Amino acid metabolism
K05996	Amino acid metabolism
K05998	Amino acid metabolism
K06001	Tryptophan metabolism
K06011	Defense systems
K06012	Protein folding/quality control
K06013	Cell envelope/biogenesis
K06015	Lipid metabolism
K06022	Other
K06033	Energy/central carbon
K06034	Signal transduction
K06046	DNA replication/repair/maintenance
K06049	Other
K06113	Carbohydrate metabolism
K06118	Carbohydrate metabolism
K06120	Translation/ribosome
K06121	Energy/central carbon
K06122	Energy/central carbon
K06132	Carbohydrate metabolism
K06134	Other
K06135	Other
K06146	Transcriptional regulation
K06157	Transport
K06190	Other
K06196	Defense systems
K06208	Tryptophan metabolism
K06215	Energy/central carbon
K06238	Carbohydrate metabolism
K06281	Translation/ribosome
K06282	Translation/ribosome
K06283	Transcriptional regulation
K06284	Transcriptional regulation
K06285	Tryptophan metabolism
K06288	Other
K06289	Other
K06290	Other
K06291	Other
K06292	Other
K06293	Other
K06294	Other
K06295	Other
K06296	Other
K06297	Other
K06298	Other
K06299	Other
K06300	Other
K06301	Other
K06302	Other
K06303	Other
K06304	Other
K06305	Other
K06306	Cell envelope/biogenesis
K06307	Other
K06308	Other
K06309	Other
K06310	Other
K06311	Other
K06312	Other
K06313	Other
K06314	Transcriptional regulation
K06317	RNA processing/degradation
K06318	Transcriptional regulation
K06319	Other
K06321	Other
K06322	Other
K06323	Other
K06324	Other
K06325	Other
K06326	Other
K06328	Other
K06329	Other
K06330	Other
K06331	Other
K06332	Other
K06333	Other
K06334	Other
K06335	Other
K06336	Defense systems
K06337	Defense systems
K06339	Other
K06340	Other
K06341	Other
K06342	Other
K06343	Other
K06344	Other
K06345	Cofactors/vitamins
K06347	Defense systems
K06348	Cell envelope/biogenesis
K06349	Other
K06352	Signal transduction
K06354	Signal transduction
K06355	Signal transduction
K06358	Signal transduction
K06359	Signal transduction
K06360	Signal transduction
K06361	Signal transduction
K06362	Signal transduction
K06363	Signal transduction
K06364	Signal transduction
K06365	Signal transduction
K06366	Signal transduction
K06367	Signal transduction
K06368	Signal transduction
K06369	Signal transduction
K06370	Defense systems
K06371	Translation/ribosome
K06372	Transcriptional regulation
K06373	Other
K06374	Other
K06375	Other
K06377	Other
K06378	Other
K06379	Other
K06380	Other
K06381	Cell envelope/biogenesis
K06382	Other
K06383	Protein folding/quality control
K06385	Other
K06387	Other
K06388	Other
K06389	Other
K06390	Other
K06391	Other
K06392	Other
K06393	Other
K06394	Other
K06395	Other
K06396	Other
K06397	Other
K06398	Other
K06399	Other
K06401	Other
K06402	Other
K06403	Other
K06404	Other
K06405	Other
K06406	Other
K06407	Other
K06408	Other
K06409	Other
K06410	Cofactors/vitamins
K06411	Cofactors/vitamins
K06412	Other
K06413	Other
K06414	Other
K06416	Other
K06417	Other
K06418	Other
K06419	Other
K06422	Other
K06423	Other
K06424	Other
K06425	Other
K06426	Other
K06431	Other
K06432	Other
K06433	Other
K06434	Other
K06436	Other
K06437	Other
K06438	Other
K06439	Other
K06440	Other
K06443	Carbohydrate metabolism
K06446	Lipid metabolism
K06493	Carbohydrate metabolism
K06591	Carbohydrate metabolism
K06595	Signal transduction
K06596	Signal transduction
K06597	Motility/adhesion
K06598	Motility/adhesion
K06599	Transcriptional regulation
K06600	Motility/adhesion
K06601	Transcriptional regulation
K06603	Motility/adhesion
K06605	Other
K06606	Energy/central carbon
K06714	Other
K06859	Energy/central carbon
K06860	Cofactors/vitamins
K06877	DNA replication/repair/maintenance
K06880	Antibiotic resistance/efflux
K06883	Other
K06886	Amino acid metabolism
K06887	Other
K06888	Other
K06896	Signal transduction
K06897	Tryptophan metabolism
K06900	Carbohydrate metabolism
K06903	Other
K06905	Other
K06906	Mobilome
K06912	Carbohydrate metabolism
K06917	Translation/ribosome
K06937	Lipid metabolism
K06945	Other
K06951	Other
K06953	Other
K06955	Other
K06971	Other
K06972	Protein folding/quality control
K06974	Carbohydrate metabolism
K06976	Other
K06979	Antibiotic resistance/efflux
K06983	Other
K06985	Protein folding/quality control
K06986	Other
K06987	Other
K06990	Other
K06992	Other
K06995	Other
K07008	Amino acid metabolism
K07011	Other
K07016	Defense systems
K07017	Energy/central carbon
K07020	Other
K07024	Signal transduction
K07028	Other
K07031	Carbohydrate metabolism
K07037	Nucleotide metabolism
K07044	Other
K07046	Carbohydrate metabolism
K07047	Energy/central carbon
K07048	Other
K07051	Other
K07063	Other
K07065	Other
K07067	Carbohydrate metabolism
K07068	Secondary metabolism
K07074	Other
K07075	Other
K07076	Other
K07077	Other
K07079	Other
K07080	Other
K07084	Transport
K07086	Other
K07088	Other
K07092	Other
K07094	Tryptophan metabolism
K07096	Other
K07099	Other
K07100	Mobilome
K07101	Other
K07102	Carbohydrate metabolism
K07110	Lipid metabolism
K07114	Transport
K07117	Other
K07125	Other
K07131	Other
K07132	Mobilome
K07138	Other
K07144	Carbohydrate metabolism
K07145	Cofactors/vitamins
K07155	Energy/central carbon
K07161	Other
K07164	Other
K07167	Energy/central carbon
K07169	Other
K07175	DNA replication/repair/maintenance
K07178	Carbohydrate metabolism
K07181	Nucleotide metabolism
K07182	Other
K07216	Amino acid metabolism
K07218	Other
K07220	Other
K07225	Transport
K07226	Cofactors/vitamins
K07227	Cofactors/vitamins
K07228	Transport
K07231	Other
K07234	Mobilome
K07239	Other
K07257	Other
K07270	Transcriptional regulation
K07279	Transport
K07281	Carbohydrate metabolism
K07291	Carbohydrate metabolism
K07303	Energy/central carbon
K07310	Cofactors/vitamins
K07312	Cofactors/vitamins
K07314	Signal transduction
K07321	Energy/central carbon
K07338	Other
K07357	Motility/adhesion
K07358	Motility/adhesion
K07389	Lipid metabolism
K07394	Other
K07395	Protein folding/quality control
K07399	Other
K07403	Protein folding/quality control
K07405	Carbohydrate metabolism
K07406	Carbohydrate metabolism
K07442	Translation/ribosome
K07453	Defense systems
K07454	Defense systems
K07468	DNA replication/repair/maintenance
K07469	Energy/central carbon
K07476	Other
K07481	Mobilome
K07488	Mobilome
K07494	Mobilome
K07495	Mobilome
K07499	Mobilome
K07501	DNA replication/repair/maintenance
K07502	Other
K07503	Defense systems
K07516	Energy/central carbon
K07518	Carbohydrate metabolism
K07536	Carbohydrate metabolism
K07543	Energy/central carbon
K07544	Energy/central carbon
K07546	Carbohydrate metabolism
K07576	Antibiotic resistance/efflux
K07577	RNA processing/degradation
K07588	Energy/central carbon
K07590	Translation/ribosome
K07647	Signal transduction
K07650	Signal transduction
K07651	Signal transduction
K07653	Signal transduction
K07654	Signal transduction
K07655	Signal transduction
K07669	Signal transduction
K07670	Signal transduction
K07671	Signal transduction
K07679	Signal transduction
K07680	Signal transduction
K07684	Signal transduction
K07685	Signal transduction
K07688	Signal transduction
K07690	Signal transduction
K07691	Signal transduction
K07692	Signal transduction
K07695	Signal transduction
K07697	Signal transduction
K07698	Signal transduction
K07699	Signal transduction
K07709	Signal transduction
K07710	Signal transduction
K07713	Signal transduction
K07716	Signal transduction
K07722	Transcriptional regulation
K07734	Transcriptional regulation
K07746	Defense systems
K07768	Signal transduction
K07770	Signal transduction
K07772	Signal transduction
K07775	Signal transduction
K07776	Signal transduction
K07786	Antibiotic resistance/efflux
K07790	Other
K07793	Transport
K07794	Transport
K07797	Antibiotic resistance/efflux
K07800	Other
K07803	Defense systems
K07804	Other
K07805	Other
K07807	Other
K07811	Cofactors/vitamins
K07814	Signal transduction
K07821	Cofactors/vitamins
K07823	Carbohydrate metabolism
K08081	Cofactors/vitamins
K08082	Signal transduction
K08083	Signal transduction
K08084	Motility/adhesion
K08085	Motility/adhesion
K08087	Motility/adhesion
K08088	Motility/adhesion
K08092	Energy/central carbon
K08095	Carbohydrate metabolism
K08119	Other
K08138	Transport
K08168	Transport
K08222	Transport
K08226	Transport
K08252	Tryptophan metabolism
K08253	Tryptophan metabolism
K08255	Energy/central carbon
K08256	Carbohydrate metabolism
K08258	Carbohydrate metabolism
K08259	Carbohydrate metabolism
K08260	Carbohydrate metabolism
K08277	Transcriptional regulation
K08280	Cell envelope/biogenesis
K08282	Signal transduction
K08295	DNA replication/repair/maintenance
K08297	Energy/central carbon
K08298	Carbohydrate metabolism
K08299	Carbohydrate metabolism
K08326	Carbohydrate metabolism
K08352	Cofactors/vitamins
K08353	Transport
K08354	Cofactors/vitamins
K08357	Cofactors/vitamins
K08358	Cofactors/vitamins
K08359	Cofactors/vitamins
K08363	Transport
K08372	Protein folding/quality control
K08384	Cell envelope/biogenesis
K08475	Transport
K08476	Transport
K08477	Protein folding/quality control
K08478	Transport
K08481	Other
K08482	Other
K08566	Transcriptional regulation
K08587	Carbohydrate metabolism
K08589	Carbohydrate metabolism
K08598	Protein folding/quality control
K08600	Carbohydrate metabolism
K08603	Energy/central carbon
K08604	Carbohydrate metabolism
K08642	Protein folding/quality control
K08643	Carbohydrate metabolism
K08645	Defense systems
K08646	Energy/central carbon
K08651	Carbohydrate metabolism
K08675	Protein folding/quality control
K08678	Energy/central carbon
K08681	Energy/central carbon
K08685	Energy/central carbon
K08688	Carbohydrate metabolism
K08691	Carbohydrate metabolism
K08692	DNA replication/repair/maintenance
K08713	Transport
K08714	Transport
K08717	Transport
K08720	Cell envelope/biogenesis
K08757	Lipid metabolism
K08777	Protein folding/quality control
K08906	Cofactors/vitamins
K08926	Tryptophan metabolism
K08927	Tryptophan metabolism
K08928	Cofactors/vitamins
K08929	Cofactors/vitamins
K08961	Transport
K08965	Carbohydrate metabolism
K08966	Signal transduction
K08976	Other
K08977	Carbohydrate metabolism
K08978	Transport
K08982	Other
K08983	Other
K08984	Other
K08985	Mobilome
K08986	Other
K08988	Other
K08989	Other
K08999	Other
K09002	Defense systems
K09006	RNA processing/degradation
K09007	Carbohydrate metabolism
K09009	Other
K09011	Carbohydrate metabolism
K09118	Other
K09120	Defense systems
K09122	Other
K09123	Energy/central carbon
K09124	Other
K09128	Translation/ribosome
K09134	Carbohydrate metabolism
K09137	Other
K09145	Other
K09146	Other
K09147	Other
K09154	Other
K09158	Other
K09162	Energy/central carbon
K09163	Other
K09164	Other
K09165	Amino acid metabolism
K09166	Other
K09190	Other
K09252	Carbohydrate metabolism
K09386	Other
K09388	Other
K09459	Amino acid metabolism
K09461	Energy/central carbon
K09472	Energy/central carbon
K09477	Transport
K09483	Energy/central carbon
K09516	Energy/central carbon
K09529	Protein folding/quality control
K09607	Other
K09650	Other
K09680	Carbohydrate metabolism
K09681	Transcriptional regulation
K09682	Protein folding/quality control
K09683	Other
K09696	Transport
K09700	Other
K09701	Other
K09706	Other
K09707	Other
K09709	Carbohydrate metabolism
K09726	Other
K09729	Other
K09740	Other
K09744	Other
K09749	Other
K09759	Amino acid metabolism
K09763	Other
K09764	Other
K09766	Other
K09770	Other
K09775	Other
K09776	Other
K09777	Other
K09778	Lipid metabolism
K09785	Other
K09788	Energy/central carbon
K09789	Lipid metabolism
K09792	Other
K09793	Other
K09794	Other
K09797	Other
K09799	Other
K09805	Other
K09813	Transport
K09814	Transport
K09822	Other
K09826	Signal transduction
K09836	Carbohydrate metabolism
K09844	Carbohydrate metabolism
K09845	Energy/central carbon
K09846	RNA processing/degradation
K09858	Other
K09859	Other
K09860	Cell envelope/biogenesis
K09866	Transport
K09869	Transport
K09884	Transport
K09894	Other
K09896	Other
K09900	Carbohydrate metabolism
K09902	Other
K09907	Other
K09917	Other
K09922	Other
K09924	Other
K09925	Other
K09926	Other
K09928	Other
K09929	Other
K09930	Other
K09932	Other
K09934	Other
K09935	Carbohydrate metabolism
K09938	Other
K09939	Other
K09940	Other
K09941	Other
K09942	Other
K09943	Other
K09946	Other
K09947	Other
K09948	Other
K09950	Other
K09953	Lipid metabolism
K09954	Other
K09956	Other
K09957	Other
K09959	Other
K09964	Other
K09965	Other
K09966	Other
K09967	Other
K09968	Other
K09974	Other
K09977	Other
K09980	Other
K09981	Other
K09982	Other
K09983	Other
K09984	Other
K09989	Other
K09990	Other
K09992	Other
K10006	Transport
K10007	Transport
K10018	Transport
K10022	Transport
K10023	Transport
K10025	Transport
K10094	Transport
K10124	Transport
K10156	Carbohydrate metabolism
K10187	Carbohydrate metabolism
K10189	Transport
K10191	Transport
K10192	Transport
K10193	Transport
K10194	Transport
K10195	Transport
K10201	Transport
K10209	Carbohydrate metabolism
K10210	Cofactors/vitamins
K10211	Carbohydrate metabolism
K10212	Lipid metabolism
K10216	Energy/central carbon
K10217	Energy/central carbon
K10220	Carbohydrate metabolism
K10221	Carbohydrate metabolism
K10227	Transport
K10228	Transport
K10229	Transport
K10231	Nucleotide metabolism
K10232	Transport
K10233	Transport
K10234	Transport
K10235	Transport
K10240	Transport
K10241	Transport
K10242	Transport
K10255	Lipid metabolism
K10355	Amino acid metabolism
K10533	Carbohydrate metabolism
K10546	Transport
K10548	Transport
K10549	Transport
K10550	Transport
K10552	Transport
K10553	Transport
K10554	Transport
K10559	Transport
K10560	Transport
K10561	Transport
K10564	Signal transduction
K10565	Signal transduction
K10619	Energy/central carbon
K10620	Carbohydrate metabolism
K10670	Amino acid metabolism
K10673	Carbohydrate metabolism
K10674	Carbohydrate metabolism
K10676	Cofactors/vitamins
K10677	Amino acid metabolism
K10681	Signal transduction
K10682	Signal transduction
K10709	Energy/central carbon
K10713	Energy/central carbon
K10714	Energy/central carbon
K10742	DNA replication/repair/maintenance
K10747	DNA replication/repair/maintenance
K10748	DNA replication/repair/maintenance
K10762	Other
K10763	Other
K10780	Lipid metabolism
K10794	Amino acid metabolism
K10797	Cofactors/vitamins
K10798	Other
K10811	Carbohydrate metabolism
K10814	Carbohydrate metabolism
K10815	Carbohydrate metabolism
K10816	Carbohydrate metabolism
K10819	Signal transduction
K10820	Transport
K10824	Transport
K10843	DNA replication/repair/maintenance
K10844	DNA replication/repair/maintenance
K10850	Transport
K10906	DNA replication/repair/maintenance
K10907	Carbohydrate metabolism
K10915	Carbohydrate metabolism
K10916	Signal transduction
K10918	Transcriptional regulation
K10924	Cell envelope/biogenesis
K10925	Cell envelope/biogenesis
K10926	Cell envelope/biogenesis
K10927	Cell envelope/biogenesis
K10930	Defense systems
K10931	Defense systems
K10932	Motility/adhesion
K10934	Defense systems
K10938	Translation/ribosome
K10939	Translation/ribosome
K10941	Transcriptional regulation
K10942	Signal transduction
K10943	Signal transduction
K10953	Defense systems
K10954	Defense systems
K10955	Amino acid metabolism
K10960	Energy/central carbon
K10962	Defense systems
K10965	Defense systems
K10972	Transcriptional regulation
K10973	Transcriptional regulation
K10979	DNA replication/repair/maintenance
K11003	Other
K11004	Transport
K11008	Translation/ribosome
K11016	Other
K11017	Other
K11020	Carbohydrate metabolism
K11023	Defense systems
K11029	Nucleotide metabolism
K11030	Cell envelope/biogenesis
K11031	Carbohydrate metabolism
K11032	Lipid metabolism
K11033	Defense systems
K11034	Defense systems
K11038	Defense systems
K11039	Other
K11040	Defense systems
K11042	Other
K11048	Other
K11049	Other
K11052	Other
K11053	Other
K11054	Other
K11057	Defense systems
K11059	Defense systems
K11060	Defense systems
K11062	Defense systems
K11077	Transport
K11078	Transport
K11079	Transport
K11080	Transport
K11081	Transport
K11082	Transport
K11083	Transport
K11084	Transport
K11089	Carbohydrate metabolism
K11106	Transport
K11107	Cofactors/vitamins
K11139	Other
K11153	Energy/central carbon
K11159	Amino acid metabolism
K11184	Other
K11189	Other
K11191	Other
K11198	Other
K11199	Other
K11210	Carbohydrate metabolism
K11211	Carbohydrate metabolism
K11212	SCFA fermentation
K11216	Carbohydrate metabolism
K11261	Energy/central carbon
K11263	Lipid metabolism
K11264	Cell envelope/biogenesis
K11275	Amino acid metabolism
K11311	Tryptophan metabolism
K11329	Signal transduction
K11333	Cofactors/vitamins
K11334	Cofactors/vitamins
K11335	Cofactors/vitamins
K11336	Carbohydrate metabolism
K11337	Energy/central carbon
K11357	Signal transduction
K11358	Amino acid metabolism
K11381	Energy/central carbon
K11382	Transport
K11383	Signal transduction
K11384	Signal transduction
K11386	Carbohydrate metabolism
K11387	Carbohydrate metabolism
K11410	Energy/central carbon
K11422	Carbohydrate metabolism
K11434	RNA processing/degradation
K11440	Energy/central carbon
K11442	Carbohydrate metabolism
K11443	Signal transduction
K11444	Signal transduction
K11472	Cofactors/vitamins
K11475	Transcriptional regulation
K11476	Transcriptional regulation
K11477	Other
K11517	Energy/central carbon
K11533	Lipid metabolism
K11584	Signal transduction
K11601	Transport
K11602	Transport
K11603	Transport
K11608	Lipid metabolism
K11609	Lipid metabolism
K11610	Lipid metabolism
K11611	Energy/central carbon
K11619	Other
K11620	Other
K11624	Signal transduction
K11625	Antibiotic resistance/efflux
K11626	Transport
K11629	Signal transduction
K11630	Signal transduction
K11631	Transport
K11632	Transport
K11633	Signal transduction
K11634	Signal transduction
K11636	Transport
K11637	Signal transduction
K11638	Signal transduction
K11639	Transport
K11640	Signal transduction
K11641	Signal transduction
K11646	Carbohydrate metabolism
K11647	Defense systems
K11648	Defense systems
K11686	Mobilome
K11688	Transport
K11689	Transport
K11690	Transport
K11691	Signal transduction
K11692	Signal transduction
K11694	Cell envelope/biogenesis
K11708	Transport
K11711	Signal transduction
K11712	Signal transduction
K11731	Energy/central carbon
K11739	Other
K11740	Other
K11779	Carbohydrate metabolism
K11782	Tryptophan metabolism
K11783	Carbohydrate metabolism
K11784	Carbohydrate metabolism
K11785	Carbohydrate metabolism
K11787	DNA replication/repair/maintenance
K11889	Transport
K11890	Transport
K11894	Transport
K11897	Transport
K11898	Transport
K11899	Transport
K11902	Transport
K11909	Transport
K11912	Signal transduction
K11913	Transport
K11914	Transcriptional regulation
K11915	Signal transduction
K11916	Signal transduction
K11917	Transcriptional regulation
K11918	Transport
K11919	Transport
K11921	Transcriptional regulation
K11930	Other
K11934	Cell envelope/biogenesis
K11942	Carbohydrate metabolism
K11996	Carbohydrate metabolism
K12055	Mobilome
K12056	Other
K12057	Motility/adhesion
K12058	Other
K12059	Transport
K12060	Motility/adhesion
K12061	Motility/adhesion
K12062	Protein folding/quality control
K12063	Transport
K12064	Motility/adhesion
K12065	Motility/adhesion
K12066	Motility/adhesion
K12067	Motility/adhesion
K12068	Motility/adhesion
K12069	Motility/adhesion
K12070	Motility/adhesion
K12072	Motility/adhesion
K12111	Carbohydrate metabolism
K12112	Carbohydrate metabolism
K12113	Transcriptional regulation
K12138	Carbohydrate metabolism
K12139	Carbohydrate metabolism
K12140	Carbohydrate metabolism
K12144	Carbohydrate metabolism
K12145	Carbohydrate metabolism
K12146	Transcriptional regulation
K12203	Mobilome
K12205	Mobilome
K12206	Other
K12209	Other
K12211	Other
K12213	Other
K12214	Other
K12217	Other
K12218	Other
K12222	Other
K12227	Other
K12228	Transport
K12234	DNA replication/repair/maintenance
K12239	DNA replication/repair/maintenance
K12240	DNA replication/repair/maintenance
K12241	Other
K12242	Other
K12243	Transcriptional regulation
K12251	Amino acid metabolism
K12252	Energy/central carbon
K12253	Energy/central carbon
K12254	Cofactors/vitamins
K12255	Carbohydrate metabolism
K12256	Energy/central carbon
K12263	Cofactors/vitamins
K12276	Other
K12278	Other
K12279	Other
K12280	Other
K12281	Other
K12282	Other
K12283	Other
K12284	Other
K12285	Other
K12286	Other
K12287	Other
K12291	Motility/adhesion
K12295	Signal transduction
K12299	Transport
K12342	Motility/adhesion
K12349	Carbohydrate metabolism
K12405	Energy/central carbon
K12421	DNA replication/repair/maintenance
K12424	Carbohydrate metabolism
K12426	Lipid metabolism
K12428	DNA replication/repair/maintenance
K12429	DNA replication/repair/maintenance
K12436	Carbohydrate metabolism
K12437	Secondary metabolism
K12443	Secondary metabolism
K12448	Energy/central carbon
K12452	Energy/central carbon
K12453	Translation/ribosome
K12454	Energy/central carbon
K12466	Energy/central carbon
K12472	Transport
K12503	Carbohydrate metabolism
K12507	Lipid metabolism
K12508	Carbohydrate metabolism
K12510	Other
K12511	Other
K12526	Amino acid metabolism
K12528	Cofactors/vitamins
K12529	Cofactors/vitamins
K12530	Transport
K12531	Transport
K12532	Transport
K12533	Other
K12534	Other
K12535	Other
K12536	Transport
K12537	Transport
K12538	Cell envelope/biogenesis
K12539	Other
K12540	Other
K12541	Cell envelope/biogenesis
K12542	Transport
K12544	Other
K12545	Cofactors/vitamins
K12567	Carbohydrate metabolism
K12583	Transport
K12585	Defense systems
K12645	Carbohydrate metabolism
K12660	Energy/central carbon
K12661	Energy/central carbon
K12684	Protein folding/quality control
K12685	Protein folding/quality control
K12686	Cell envelope/biogenesis
K12688	Protein folding/quality control
K12706	Other
K12710	RNA processing/degradation
K12733	Energy/central carbon
K12910	Carbohydrate metabolism
K12945	Carbohydrate metabolism
K12950	Transport
K12954	Transport
K12976	Lipid metabolism
K12977	Lipid metabolism
K12980	Lipid metabolism
K12981	Carbohydrate metabolism
K12982	Carbohydrate metabolism
K12983	Cell envelope/biogenesis
K12985	Cell envelope/biogenesis
K12987	Carbohydrate metabolism
K12988	Carbohydrate metabolism
K12989	Carbohydrate metabolism
K12991	Carbohydrate metabolism
K12992	Carbohydrate metabolism
K12993	Carbohydrate metabolism
K12994	Carbohydrate metabolism
K12995	Carbohydrate metabolism
K12998	Carbohydrate metabolism
K13001	Carbohydrate metabolism
K13002	Carbohydrate metabolism
K13004	Carbohydrate metabolism
K13005	Carbohydrate metabolism
K13006	Carbohydrate metabolism
K13009	DNA replication/repair/maintenance
K13010	Translation/ribosome
K13011	Other
K13015	Energy/central carbon
K13016	Energy/central carbon
K13017	Carbohydrate metabolism
K13018	Carbohydrate metabolism
K13019	Energy/central carbon
K13021	Transport
K13028	Energy/central carbon
K13035	Amino acid metabolism
K13037	DNA replication/repair/maintenance
K13039	Energy/central carbon
K13040	Signal transduction
K13041	Signal transduction
K13043	Amino acid metabolism
K13049	Amino acid metabolism
K13058	Tryptophan metabolism
K13061	Lipid metabolism
K13063	Carbohydrate metabolism
K13085	Signal transduction
K13086	Signal transduction
K13184	DNA replication/repair/maintenance
K13243	Nucleotide metabolism
K13245	Nucleotide metabolism
K13274	Protein folding/quality control
K13275	Protein folding/quality control
K13276	Carbohydrate metabolism
K13277	Protein folding/quality control
K13280	Protein folding/quality control
K13281	DNA replication/repair/maintenance
K13282	Carbohydrate metabolism
K13284	Motility/adhesion
K13285	Motility/adhesion
K13286	Motility/adhesion
K13287	Motility/adhesion
K13300	Cofactors/vitamins
K13307	Carbohydrate metabolism
K13311	Carbohydrate metabolism
K13319	Amino acid metabolism
K13322	Energy/central carbon
K13419	Signal transduction
K13421	Translation/ribosome
K13450	Energy/central carbon
K13451	Other
K13452	Other
K13455	Other
K13461	Other
K13479	Cofactors/vitamins
K13480	Energy/central carbon
K13486	Signal transduction
K13487	Signal transduction
K13488	Signal transduction
K13489	Signal transduction
K13490	Signal transduction
K13491	Signal transduction
K13501	Tryptophan metabolism
K13522	Carbohydrate metabolism
K13525	Transport
K13527	Defense systems
K13532	Signal transduction
K13533	Signal transduction
K13540	RNA processing/degradation
K13570	Protein folding/quality control
K13571	Translation/ribosome
K13572	Translation/ribosome
K13573	Translation/ribosome
K13574	Energy/central carbon
K13580	Other
K13585	Other
K13586	Other
K13587	Signal transduction
K13588	Signal transduction
K13589	Signal transduction
K13590	Carbohydrate metabolism
K13591	Signal transduction
K13592	Drug metabolism/xenobiotics
K13593	Nucleotide metabolism
K13609	Energy/central carbon
K13611	Secondary metabolism
K13612	Secondary metabolism
K13614	Secondary metabolism
K13615	Secondary metabolism
K13622	Carbohydrate metabolism
K13623	Carbohydrate metabolism
K13626	Motility/adhesion
K13633	Transcriptional regulation
K13637	Transcriptional regulation
K13640	Transcriptional regulation
K13642	Transcriptional regulation
K13643	Transcriptional regulation
K13651	Motility/adhesion
K13655	Defense systems
K13656	Carbohydrate metabolism
K13660	Carbohydrate metabolism
K13668	Carbohydrate metabolism
K13669	Carbohydrate metabolism
K13670	Carbohydrate metabolism
K13671	Carbohydrate metabolism
K13686	Carbohydrate metabolism
K13687	Carbohydrate metabolism
K13693	Carbohydrate metabolism
K13700	Other
K13715	Carbohydrate metabolism
K13732	Other
K13733	Other
K13739	Other
K13740	Other
K13741	Nucleotide metabolism
K13747	Energy/central carbon
K13766	Carbohydrate metabolism
K13767	Energy/central carbon
K13770	Antibiotic resistance/efflux
K13772	Transcriptional regulation
K13774	Energy/central carbon
K13775	Energy/central carbon
K13776	Translation/ribosome
K13777	Energy/central carbon
K13778	Cofactors/vitamins
K13779	Carbohydrate metabolism
K13786	Cofactors/vitamins
K13787	Carbohydrate metabolism
K13794	Transcriptional regulation
K13795	Lipid metabolism
K13796	Energy/central carbon
K13815	Signal transduction
K13818	Other
K13819	Other
K13820	Motility/adhesion
K13853	Tryptophan metabolism
K13874	Carbohydrate metabolism
K13875	Transcriptional regulation
K13876	Energy/central carbon
K13924	Signal transduction
K13955	Energy/central carbon
K13963	Amino acid metabolism
K13967	Energy/central carbon
K13990	Synaptic pathways
K13991	Cofactors/vitamins
K13992	Cofactors/vitamins
K13995	Other
K14028	Cofactors/vitamins
K14029	Cofactors/vitamins
K14067	DNA replication/repair/maintenance
K14136	Carbohydrate metabolism
K14161	Other
K14162	DNA replication/repair/maintenance
K14164	Translation/ribosome
K14165	Signal transduction
K14166	Transport
K14195	Other
K14196	Other
K14197	Other
K14198	Amino acid metabolism
K14199	Cell envelope/biogenesis
K14200	Other
K14201	Translation/ribosome
K14202	Signal transduction
K14203	Other
K14204	Other
K14244	Amino acid metabolism
K14259	Energy/central carbon
K14266	Tryptophan metabolism
K14267	Carbohydrate metabolism
K14333	Energy/central carbon
K14335	Carbohydrate metabolism
K14337	Carbohydrate metabolism
K14338	Cofactors/vitamins
K14339	Carbohydrate metabolism
K14340	Carbohydrate metabolism
K14414	Transcriptional regulation
K14415	DNA replication/repair/maintenance
K14422	Energy/central carbon
K14439	Defense systems
K14440	Defense systems
K14446	Cofactors/vitamins
K14447	Carbohydrate metabolism
K14448	Energy/central carbon
K14449	Carbohydrate metabolism
K14451	Carbohydrate metabolism
K14459	Nucleotide metabolism
K14470	Energy/central carbon
K14475	Protein folding/quality control
K14519	Other
K14520	Cofactors/vitamins
K14534	Energy/central carbon
K14562	Other
K14570	RNA processing/degradation
K14578	Signal transduction
K14581	Cofactors/vitamins
K14587	Secondary metabolism
K14596	Carbohydrate metabolism
K14597	Amino acid metabolism
K14623	DNA replication/repair/maintenance
K14627	Energy/central carbon
K14628	Cofactors/vitamins
K14647	Protein folding/quality control
K14657	Transcriptional regulation
K14658	Other
K14659	Carbohydrate metabolism
K14660	Other
K14661	Other
K14666	Carbohydrate metabolism
K14667	Carbohydrate metabolism
K14668	Tryptophan metabolism
K14669	Lipid metabolism
K14670	Amino acid metabolism
K14671	Carbohydrate metabolism
K14672	Secondary metabolism
K14673	Tryptophan metabolism
K14727	Energy/central carbon
K14729	Other
K14730	Energy/central carbon
K14733	Cofactors/vitamins
K14743	Cell envelope/biogenesis
K14748	Energy/central carbon
K14749	Energy/central carbon
K14941	SCFA fermentation
K14949	Signal transduction
K14952	Cell envelope/biogenesis
K14953	Amino acid metabolism
K14954	Other
K14972	Other
K14974	Cofactors/vitamins
K14978	Signal transduction
K14986	Signal transduction
K14987	Signal transduction
K14998	Other
K15012	Signal transduction
K15054	Antibiotic resistance/efflux
K15058	Energy/central carbon
K15059	Energy/central carbon
K15060	Cofactors/vitamins
K15066	Energy/central carbon
K15067	Carbohydrate metabolism
K15103	Lipid metabolism
K15241	Carbohydrate metabolism
K15311	Lipid metabolism
K15312	Lipid metabolism
K15313	Energy/central carbon
K15315	Secondary metabolism
K15328	Lipid metabolism
K15337	Secondary metabolism
K15344	Other
K15345	Other
K15346	Other
K15347	Other
K15349	Other
K15350	Other
K15351	Other
K15352	Other
K15353	Protein folding/quality control
K15354	Other
K15357	Carbohydrate metabolism
K15358	Carbohydrate metabolism
K15367	Protein folding/quality control
K15368	Protein folding/quality control
K15371	Synaptic pathways
K15373	Cofactors/vitamins
K15383	Other
K15396	Translation/ribosome
K15408	Cofactors/vitamins
K15431	Carbohydrate metabolism
K15467	RNA processing/degradation
K15468	Cofactors/vitamins
K15469	Lipid metabolism
K15495	Transport
K15496	Transport
K15509	Energy/central carbon
K15510	Energy/central carbon
K15511	Energy/central carbon
K15512	Energy/central carbon
K15513	Carbohydrate metabolism
K15514	Energy/central carbon
K15518	Carbohydrate metabolism
K15519	Carbohydrate metabolism
K15520	Carbohydrate metabolism
K15521	Carbohydrate metabolism
K15525	Carbohydrate metabolism
K15526	DNA replication/repair/maintenance
K15538	Carbohydrate metabolism
K15546	Transcriptional regulation
K15550	Antibiotic resistance/efflux
K15584	Transport
K15585	Transport
K15586	Transport
K15632	RNA processing/degradation
K15635	Energy/central carbon
K15644	Secondary metabolism
K15645	Secondary metabolism
K15646	Other
K15647	Translation/ribosome
K15648	Lipid metabolism
K15649	Translation/ribosome
K15650	Protein folding/quality control
K15651	Defense systems
K15652	Energy/central carbon
K15653	Secondary metabolism
K15654	Translation/ribosome
K15655	Translation/ribosome
K15656	Translation/ribosome
K15657	Carbohydrate metabolism
K15658	Translation/ribosome
K15659	Translation/ribosome
K15660	Translation/ribosome
K15661	Translation/ribosome
K15662	Translation/ribosome
K15663	Translation/ribosome
K15719	Other
K15721	Signal transduction
K15723	Other
K15731	Transcriptional regulation
K15733	Energy/central carbon
K15735	Transcriptional regulation
K15736	Energy/central carbon
K15737	Energy/central carbon
K15739	DNA replication/repair/maintenance
K15746	Carbohydrate metabolism
K15756	Energy/central carbon
K15760	Other
K15761	Other
K15762	Cofactors/vitamins
K15763	Other
K15764	Other
K15781	Signal transduction
K15782	Drug metabolism/xenobiotics
K15783	Carbohydrate metabolism
K15784	Carbohydrate metabolism
K15785	Amino acid metabolism
K15786	Amino acid metabolism
K15790	Other
K15792	Other
K15835	Transcriptional regulation
K15855	Carbohydrate metabolism
K15862	Cofactors/vitamins
K15864	Cofactors/vitamins
K15876	Cofactors/vitamins
K15878	Other
K15879	Cofactors/vitamins
K15894	Cell envelope/biogenesis
K15898	Carbohydrate metabolism
K15899	Carbohydrate metabolism
K15907	Carbohydrate metabolism
K15915	Carbohydrate metabolism
K15919	Energy/central carbon
K15929	Carbohydrate metabolism
K15962	RNA processing/degradation
K15973	Transcriptional regulation
K15976	Cofactors/vitamins
K15980	Lipid metabolism
K15981	Cofactors/vitamins
K15982	Cofactors/vitamins
K15983	Cofactors/vitamins
K15987	Antibiotic resistance/efflux
K16001	Carbohydrate metabolism
K16004	Carbohydrate metabolism
K16009	Carbohydrate metabolism
K16010	Amino acid metabolism
K16014	Transport
K16022	Other
K16039	Carbohydrate metabolism
K16043	Cofactors/vitamins
K16046	Cofactors/vitamins
K16047	Energy/central carbon
K16048	Energy/central carbon
K16049	Energy/central carbon
K16050	Energy/central carbon
K16051	Energy/central carbon
K16055	Signal transduction
K16077	Transport
K16078	Other
K16079	Cell envelope/biogenesis
K16080	Transport
K16081	Other
K16118	Secondary metabolism
K16125	Other
K16130	Other
K16135	Transcriptional regulation
K16138	Transcriptional regulation
K16140	Transport
K16146	Carbohydrate metabolism
K16147	Carbohydrate metabolism
K16148	Carbohydrate metabolism
K16149	Carbohydrate metabolism
K16152	Cofactors/vitamins
K16163	Energy/central carbon
K16167	Secondary metabolism
K16168	RNA processing/degradation
K16170	Transport
K16171	Synaptic pathways
K16188	Carbohydrate metabolism
K16190	Energy/central carbon
K16199	Transport
K16200	Transport
K16201	Transport
K16202	Transport
K16203	Protein folding/quality control
K16212	Carbohydrate metabolism
K16213	Energy/central carbon
K16216	Cofactors/vitamins
K16217	RNA processing/degradation
K16218	Carbohydrate metabolism
K16234	Transport
K16237	Transport
K16242	Cofactors/vitamins
K16243	Cofactors/vitamins
K16244	Cofactors/vitamins
K16245	Cofactors/vitamins
K16246	Cofactors/vitamins
K16247	Transcriptional regulation
K16248	Transport
K16249	Cofactors/vitamins
K16254	Other
K16255	Cofactors/vitamins
K16256	Other
K16257	Other
K16258	Other
K16259	Other
K16260	Other
K16267	Transport
K16299	Other
K16300	Other
K16303	Energy/central carbon
K16306	Carbohydrate metabolism
K16319	Tryptophan metabolism
K16320	Tryptophan metabolism
K16324	Transport
K16327	Antibiotic resistance/efflux
K16329	Carbohydrate metabolism
K16331	Transport
K16346	Transport
K16363	Lipid metabolism
K16397	Secondary metabolism
K16421	Carbohydrate metabolism
K16422	Cofactors/vitamins
K16423	Amino acid metabolism
K16424	Carbohydrate metabolism
K16425	Energy/central carbon
K16426	Other
K16427	Energy/central carbon
K16431	Cofactors/vitamins
K16435	Energy/central carbon
K16436	Carbohydrate metabolism
K16438	Energy/central carbon
K16444	Carbohydrate metabolism
K16514	Energy/central carbon
K16515	Energy/central carbon
K16516	Drug metabolism/xenobiotics
K16552	Other
K16553	Transport
K16556	Other
K16557	Other
K16558	Other
K16559	Carbohydrate metabolism
K16560	Other
K16562	Other
K16563	Other
K16564	Other
K16565	DNA replication/repair/maintenance
K16566	Other
K16567	Other
K16568	Other
K16593	Lipid metabolism
K16619	Defense systems
K16623	Signal transduction
K16636	Amino acid metabolism
K16637	Nucleotide metabolism
K16638	Amino acid metabolism
K16644	Other
K16645	Transport
K16647	Energy/central carbon
K16648	Carbohydrate metabolism
K16650	Carbohydrate metabolism
K16652	Cofactors/vitamins
K16653	Cofactors/vitamins
K16694	Drug metabolism/xenobiotics
K16696	Transport
K16697	Carbohydrate metabolism
K16698	Carbohydrate metabolism
K16699	Carbohydrate metabolism
K16700	Carbohydrate metabolism
K16705	Other
K16706	Other
K16707	Lipid metabolism
K16708	Other
K16709	Other
K16783	Transport
K16784	Transport
K16792	Translation/ribosome
K16793	Translation/ribosome
K16795	Energy/central carbon
K16838	Energy/central carbon
K16839	Cofactors/vitamins
K16840	Energy/central carbon
K16843	Energy/central carbon
K16844	Carbohydrate metabolism
K16845	Energy/central carbon
K16846	Energy/central carbon
K16849	Energy/central carbon
K16850	Translation/ribosome
K16856	Carbohydrate metabolism
K16868	RNA processing/degradation
K16870	Energy/central carbon
K16871	Energy/central carbon
K16872	Lipid metabolism
K16873	Cofactors/vitamins
K16875	Energy/central carbon
K16876	DNA replication/repair/maintenance
K16877	Energy/central carbon
K16878	Energy/central carbon
K16879	Energy/central carbon
K16880	Carbohydrate metabolism
K16881	Carbohydrate metabolism
K16906	Transport
K16907	Transport
K16915	Transport
K16916	Transport
K16917	Transport
K16918	Transport
K16920	Transport
K16926	Transport
K16950	Cofactors/vitamins
K16951	Cofactors/vitamins
K17060	Signal transduction
K17061	Signal transduction
K17067	Energy/central carbon
K17195	Energy/central carbon
K17202	Transport
K17203	Transport
K17206	Transport
K17207	Transport
K17214	Transport
K17215	Transport
K17222	Amino acid metabolism
K17223	Amino acid metabolism
K17224	Amino acid metabolism
K17225	Energy/central carbon
K17226	Other
K17227	Other
K17228	Cofactors/vitamins
K17229	Energy/central carbon
K17230	Cofactors/vitamins
K17234	Transport
K17235	Transport
K17236	Transport
K17238	Transport
K17239	Transport
K17241	Transport
K17243	Transport
K17244	Transport
K17245	Transport
K17246	Transport
K17285	Cofactors/vitamins
K17315	Transport
K17316	Transport
K17317	Transport
K17321	Transport
K17322	Transport
K17323	Transport
K17324	Transport
K17325	Transport
K17326	Transport
K17327	Transport
K17328	Transport
K17329	Transport
K17330	Transport
K17331	Transport
K17362	Lipid metabolism
K17364	Cofactors/vitamins
K17462	RNA processing/degradation
K17465	Transport
K17466	Transport
K17467	Transport
K17468	Energy/central carbon
K17472	Transcriptional regulation
K17473	Transcriptional regulation
K17474	Carbohydrate metabolism
K17476	Carbohydrate metabolism
K17485	Energy/central carbon
K17489	Energy/central carbon
K17570	Other
K17623	Signal transduction
K17625	Energy/central carbon
K17640	Transport
K17641	Carbohydrate metabolism
K17662	Other
K17716	Energy/central carbon
K17734	Protein folding/quality control
K17735	Energy/central carbon
K17752	Signal transduction
K17754	Energy/central carbon
K17760	Energy/central carbon
K17762	Other
K17763	Other
K17829	Energy/central carbon
K17831	Cofactors/vitamins
K17835	Carbohydrate metabolism
K17837	Antibiotic resistance/efflux
K17838	Antibiotic resistance/efflux
K17840	Carbohydrate metabolism
K17865	Energy/central carbon
K17876	Carbohydrate metabolism
K17880	Carbohydrate metabolism
K17881	Carbohydrate metabolism
K17883	Transport
K17893	Cofactors/vitamins
K17910	Carbohydrate metabolism
K17948	Energy/central carbon
K17950	Energy/central carbon
K17989	Amino acid metabolism
K18000	Tryptophan metabolism
K18011	Energy/central carbon
K18012	Energy/central carbon
K18013	Amino acid metabolism
K18014	Energy/central carbon
K18015	Carbohydrate metabolism
K18022	Other
K18028	Energy/central carbon
K18029	Energy/central carbon
K18030	Energy/central carbon
K18067	Energy/central carbon
K18068	Energy/central carbon
K18069	Energy/central carbon
K18070	Transport
K18072	Signal transduction
K18073	Signal transduction
K18074	Energy/central carbon
K18075	Energy/central carbon
K18076	Energy/central carbon
K18077	Energy/central carbon
K18092	Energy/central carbon
K18094	Antibiotic resistance/efflux
K18095	Antibiotic resistance/efflux
K18096	Lipid metabolism
K18098	Transcriptional regulation
K18099	Transcriptional regulation
K18100	Cofactors/vitamins
K18101	DNA replication/repair/maintenance
K18110	Carbohydrate metabolism
K18115	Carbohydrate metabolism
K18120	Energy/central carbon
K18121	Energy/central carbon
K18122	Carbohydrate metabolism
K18129	Transcriptional regulation
K18130	Transcriptional regulation
K18131	Transcriptional regulation
K18135	Transcriptional regulation
K18136	Transcriptional regulation
K18137	Transcriptional regulation
K18145	Antibiotic resistance/efflux
K18147	Antibiotic resistance/efflux
K18148	Translation/ribosome
K18151	Carbohydrate metabolism
K18195	Carbohydrate metabolism
K18197	Carbohydrate metabolism
K18198	Carbohydrate metabolism
K18214	Transport
K18218	Antibiotic resistance/efflux
K18220	Antibiotic resistance/efflux
K18221	Antibiotic resistance/efflux
K18223	Translation/ribosome
K18224	Translation/ribosome
K18225	Translation/ribosome
K18226	Other
K18230	Transport
K18232	Transport
K18233	Transport
K18235	Energy/central carbon
K18240	Tryptophan metabolism
K18242	Translation/ribosome
K18243	Translation/ribosome
K18257	Energy/central carbon
K18275	Energy/central carbon
K18277	Cofactors/vitamins
K18285	Carbohydrate metabolism
K18286	Amino acid metabolism
K18287	Carbohydrate metabolism
K18288	Carbohydrate metabolism
K18289	Carbohydrate metabolism
K18290	Carbohydrate metabolism
K18291	Carbohydrate metabolism
K18292	Energy/central carbon
K18294	Transcriptional regulation
K18295	Antibiotic resistance/efflux
K18296	Antibiotic resistance/efflux
K18297	Transcriptional regulation
K18300	Antibiotic resistance/efflux
K18302	Antibiotic resistance/efflux
K18304	Transcriptional regulation
K18305	Other
K18306	Antibiotic resistance/efflux
K18307	Antibiotic resistance/efflux
K18308	Antibiotic resistance/efflux
K18314	Energy/central carbon
K18316	Energy/central carbon
K18320	Mobilome
K18321	Antibiotic resistance/efflux
K18322	Antibiotic resistance/efflux
K18323	Antibiotic resistance/efflux
K18330	Cofactors/vitamins
K18331	Cofactors/vitamins
K18332	Cofactors/vitamins
K18333	Energy/central carbon
K18334	Energy/central carbon
K18335	Energy/central carbon
K18336	Carbohydrate metabolism
K18337	Energy/central carbon
K18344	Signal transduction
K18345	Signal transduction
K18346	Antibiotic resistance/efflux
K18351	Signal transduction
K18352	Signal transduction
K18353	Antibiotic resistance/efflux
K18364	Energy/central carbon
K18365	Energy/central carbon
K18366	Energy/central carbon
K18369	SCFA fermentation
K18372	SCFA fermentation
K18373	Other
K18374	Other
K18376	Other
K18379	Transcriptional regulation
K18382	Cofactors/vitamins
K18383	Carbohydrate metabolism
K18384	Energy/central carbon
K18425	Amino acid metabolism
K18429	Energy/central carbon
K18430	Carbohydrate metabolism
K18431	Carbohydrate metabolism
K18441	Amino acid metabolism
K18455	Amino acid metabolism
K18457	Amino acid metabolism
K18459	Carbohydrate metabolism
K18471	Cofactors/vitamins
K18472	Cofactors/vitamins
K18473	Lipid metabolism
K18474	Lipid metabolism
K18475	Amino acid metabolism
K18480	Transport
K18481	Defense systems
K18530	Carbohydrate metabolism
K18535	Energy/central carbon
K18540	Nucleotide metabolism
K18541	Amino acid metabolism
K18545	Amino acid metabolism
K18546	Carbohydrate metabolism
K18547	Carbohydrate metabolism
K18553	Transport
K18554	Antibiotic resistance/efflux
K18555	Antibiotic resistance/efflux
K18579	Carbohydrate metabolism
K18586	Energy/central carbon
K18589	Other
K18591	Other
K18622	Amino acid metabolism
K18626	Amino acid metabolism
K18642	Amino acid metabolism
K18653	Synaptic pathways
K18654	Signal transduction
K18660	Secondary metabolism
K18661	Secondary metabolism
K18662	Other
K18673	Carbohydrate metabolism
K18676	Transport
K18678	Carbohydrate metabolism
K18697	Carbohydrate metabolism
K18698	Antibiotic resistance/efflux
K18699	Antibiotic resistance/efflux
K18700	Carbohydrate metabolism
K18701	Energy/central carbon
K18707	Other
K18766	Antibiotic resistance/efflux
K18768	Antibiotic resistance/efflux
K18775	Carbohydrate metabolism
K18779	Translation/ribosome
K18785	Carbohydrate metabolism
K18786	Carbohydrate metabolism
K18814	Transport
K18820	Carbohydrate metabolism
K18824	Carbohydrate metabolism
K18827	RNA processing/degradation
K18828	Translation/ribosome
K18830	Defense systems
K18833	Antibiotic resistance/efflux
K18836	Cofactors/vitamins
K18838	Other
K18844	Antibiotic resistance/efflux
K18845	RNA processing/degradation
K18846	RNA processing/degradation
K18851	Lipid metabolism
K18855	Energy/central carbon
K18862	Translation/ribosome
K18893	Antibiotic resistance/efflux
K18895	Transport
K18896	RNA processing/degradation
K18897	RNA processing/degradation
K18898	Antibiotic resistance/efflux
K18899	Antibiotic resistance/efflux
K18901	Antibiotic resistance/efflux
K18902	Antibiotic resistance/efflux
K18903	Antibiotic resistance/efflux
K18904	Antibiotic resistance/efflux
K18905	Transcriptional regulation
K18911	RNA processing/degradation
K18912	Amino acid metabolism
K18917	Carbohydrate metabolism
K18922	Other
K18930	SCFA fermentation
K18933	Tryptophan metabolism
K18936	Antibiotic resistance/efflux
K18941	Signal transduction
K18954	Transcriptional regulation
K18955	Transcriptional regulation
K18958	Transcriptional regulation
K18973	Antibiotic resistance/efflux
K18974	Carbohydrate metabolism
K18975	Antibiotic resistance/efflux
K18981	Energy/central carbon
K18982	Energy/central carbon
K18983	Carbohydrate metabolism
K18984	Protein folding/quality control
K18986	Signal transduction
K18990	Antibiotic resistance/efflux
K18991	Transcriptional regulation
K18996	Other
K19033	Translation/ribosome
K19049	Energy/central carbon
K19050	DNA replication/repair/maintenance
K19051	Other
K19052	Other
K19056	Transcriptional regulation
K19057	Transcriptional regulation
K19058	Transport
K19059	Transport
K19062	Carbohydrate metabolism
K19065	Mobilome
K19068	Energy/central carbon
K19073	Cofactors/vitamins
K19075	Defense systems
K19077	Signal transduction
K19078	Signal transduction
K19079	Transport
K19080	Transport
K19081	Signal transduction
K19082	Signal transduction
K19088	Defense systems
K19090	Defense systems
K19091	Defense systems
K19092	Defense systems
K19096	Antibiotic resistance/efflux
K19097	Antibiotic resistance/efflux
K19098	Antibiotic resistance/efflux
K19113	Carbohydrate metabolism
K19114	Defense systems
K19116	Defense systems
K19137	Defense systems
K19138	Defense systems
K19139	Defense systems
K19140	Defense systems
K19145	Defense systems
K19147	Defense systems
K19148	Other
K19155	Defense systems
K19156	Defense systems
K19160	Carbohydrate metabolism
K19161	Defense systems
K19165	Defense systems
K19169	Defense systems
K19170	Defense systems
K19171	Defense systems
K19172	Defense systems
K19173	Defense systems
K19174	Defense systems
K19175	Defense systems
K19176	Synaptic pathways
K19180	Cofactors/vitamins
K19185	Energy/central carbon
K19189	Cofactors/vitamins
K19191	Cofactors/vitamins
K19200	Other
K19208	Secondary metabolism
K19209	Antibiotic resistance/efflux
K19216	Antibiotic resistance/efflux
K19231	Motility/adhesion
K19238	Other
K19242	Transcriptional regulation
K19244	Amino acid metabolism
K19246	Energy/central carbon
K19268	Energy/central carbon
K19272	Carbohydrate metabolism
K19274	Carbohydrate metabolism
K19278	Carbohydrate metabolism
K19290	Carbohydrate metabolism
K19291	Carbohydrate metabolism
K19292	Other
K19293	Other
K19295	Other
K19296	Other
K19298	Cofactors/vitamins
K19300	Carbohydrate metabolism
K19303	Cell envelope/biogenesis
K19310	Transport
K19311	Carbohydrate metabolism
K19314	Carbohydrate metabolism
K19319	Antibiotic resistance/efflux
K19320	Antibiotic resistance/efflux
K19322	Antibiotic resistance/efflux
K19332	Other
K19335	Transcriptional regulation
K19339	Transcriptional regulation
K19341	Transport
K19342	Protein folding/quality control
K19343	Transcriptional regulation
K19344	Cofactors/vitamins
K19345	Other
K19351	Cell envelope/biogenesis
K19355	Carbohydrate metabolism
K19405	Other
K19411	Transcriptional regulation
K19417	Transcriptional regulation
K19418	Other
K19419	Other
K19420	Tryptophan metabolism
K19421	Other
K19423	Carbohydrate metabolism
K19425	Carbohydrate metabolism
K19427	Carbohydrate metabolism
K19429	Carbohydrate metabolism
K19430	Carbohydrate metabolism
K19431	Carbohydrate metabolism
K19432	Transcriptional regulation
K19433	Motility/adhesion
K19449	Transcriptional regulation
K19506	Transport
K19540	Transport
K19541	Antibiotic resistance/efflux
K19545	Amino acid metabolism
K19546	Tryptophan metabolism
K19547	Energy/central carbon
K19548	Energy/central carbon
K19549	Amino acid metabolism
K19550	Energy/central carbon
K19551	Energy/central carbon
K19552	Transport
K19572	Carbohydrate metabolism
K19575	Transcriptional regulation
K19578	Antibiotic resistance/efflux
K19580	Carbohydrate metabolism
K19587	Transcriptional regulation
K19592	Transcriptional regulation
K19593	Antibiotic resistance/efflux
K19594	Antibiotic resistance/efflux
K19595	Antibiotic resistance/efflux
K19597	Carbohydrate metabolism
K19609	Signal transduction
K19616	Signal transduction
K19617	Signal transduction
K19618	Transcriptional regulation
K19620	Other
K19621	Signal transduction
K19622	Signal transduction
K19623	Signal transduction
K19624	Transcriptional regulation
K19640	Signal transduction
K19641	Signal transduction
K19646	Transport
K19661	Signal transduction
K19668	Carbohydrate metabolism
K19670	Other
K19686	Translation/ribosome
K19687	Defense systems
K19697	SCFA fermentation
K19701	Carbohydrate metabolism
K19702	Amino acid metabolism
K19709	SCFA fermentation
K19710	Carbohydrate metabolism
K19711	Cofactors/vitamins
K19713	Energy/central carbon
K19714	Energy/central carbon
K19715	Carbohydrate metabolism
K19720	Carbohydrate metabolism
K19731	Transcriptional regulation
K19736	Antibiotic resistance/efflux
K19737	RNA processing/degradation
K19744	Energy/central carbon
K19746	Energy/central carbon
K19761	Carbohydrate metabolism
K19777	Protein folding/quality control
K19778	Protein folding/quality control
K20038	Other
K20107	Other
K20116	Other
K20117	Other
K20484	Carbohydrate metabolism
K20895	Carbohydrate metabolism
K20938	Tryptophan metabolism
K21001	Other
K21487	Defense systems
K21512	Mobilome
K21591	Cell envelope/biogenesis
K21602	Transcriptional regulation
K21622	Energy/central carbon
K21703	Transcriptional regulation
K21960	Transcriptional regulation
K22186	Energy/central carbon
K22300	Transcriptional regulation
K22303	Carbohydrate metabolism
K22306	Signal transduction
